protein_id,buffer,sugar,surfactant,amino_acid,ph,temperature_c,buf_conc_mM,sug_conc_mM,sur_conc_mM,aa_conc_mM,aggregation_score,oxidation_level,deamidation_level,potency_retention,viscosity_class,shelf_life_score
A0A1B0GTW7,histidine,sucrose,poloxamer 188,proline,5.5,4,10.0,300.0,0.01,150.0,0.1877,0.2434,0.0814,0.8661,2,0.8228
A0A1B0GTW7,histidine,sorbitol,polysorbate 80,arginine,5.0,4,10.0,300.0,0.08,50.0,0.1357,0.2778,0.0838,0.8362,1,0.8481
A0A1B0GTW7,citric acid,sorbitol,polysorbate 80,methionine,7.0,25,10.0,100.0,0.08,5.5,0.2422,0.1869,0.1733,0.7741,0,0.7606
A0A1B0GTW7,phosphoric acid,mannitol,polysorbate 80,glycine,6.0,4,10.0,200.0,0.01,125.0,0.2226,0.3259,0.1747,0.7601,1,0.7325
A0A1B0GTW7,phosphoric acid,mannitol,polysorbate 80,methionine,7.0,4,30.0,100.0,0.08,5.5,0.3001,0.1917,0.2698,0.74,0,0.7307
A0A1B0GTW7,phosphoric acid,trehalose,poloxamer 188,arginine,5.0,40,10.0,200.0,0.01,50.0,0.2127,0.4232,0.276,0.6707,0,0.6993
A0A1B0GTW7,histidine,sorbitol,polysorbate 20,methionine,7.4,25,10.0,200.0,0.045,1.0,0.33,0.1332,0.1682,0.7733,0,0.794
A0A1B0GTW7,phosphoric acid,sucrose,poloxamer 188,glycine,7.0,40,10.0,100.0,0.03,125.0,0.2695,0.4504,0.3292,0.6147,1,0.6623
A0A1B0GTW7,phosphoric acid,trehalose,poloxamer 188,proline,5.0,4,10.0,200.0,0.03,100.0,0.2116,0.3496,0.1661,0.7712,0,0.7311
A0A1B0GTW7,histidine,trehalose,poloxamer 188,proline,5.5,40,30.0,200.0,0.05,100.0,0.2678,0.337,0.1896,0.7107,0,0.6996
A0A1B0GTW7,citric acid,mannitol,polysorbate 80,glycine,7.4,40,50.0,200.0,0.08,200.0,0.4577,0.4385,0.2549,0.5966,1,0.6295
A0A1B0GTW7,acetic acid,sorbitol,polysorbate 20,glycine,5.5,40,30.0,100.0,0.01,50.0,0.384,0.4294,0.2623,0.6217,0,0.6584
A0A1B0GTW7,citric acid,trehalose,poloxamer 188,methionine,7.0,4,30.0,200.0,0.05,5.5,0.175,0.1925,0.1463,0.8191,0,0.8446
A0A1B0GTW7,phosphoric acid,sucrose,poloxamer 188,arginine,7.4,40,30.0,300.0,0.03,50.0,0.342,0.4447,0.3885,0.6093,1,0.6003
A0A1B0GTW7,phosphoric acid,sorbitol,polysorbate 80,methionine,5.0,40,50.0,200.0,0.08,1.0,0.3503,0.327,0.2677,0.6896,0,0.6291
A0A1B0GTW7,histidine,mannitol,poloxamer 188,none,7.0,4,10.0,200.0,0.01,0.0,0.3641,0.2479,0.1625,0.7493,0,0.6915
A0A1B0GTW7,histidine,mannitol,polysorbate 20,arginine,5.0,25,30.0,100.0,0.01,50.0,0.1695,0.2533,0.098,0.8262,0,0.8106
A0A1B0GTW7,histidine,sucrose,poloxamer 188,methionine,5.0,40,10.0,100.0,0.05,5.5,0.291,0.2145,0.175,0.7236,0,0.777
A0A1B0GTW7,citric acid,mannitol,poloxamer 188,none,6.5,4,50.0,300.0,0.05,0.0,0.3257,0.3656,0.0544,0.7426,1,0.7359
A0A1B0GTW7,citric acid,mannitol,polysorbate 20,proline,6.5,40,30.0,100.0,0.01,50.0,0.3122,0.4521,0.1737,0.6549,0,0.6827
A0A1B0GTW7,histidine,mannitol,polysorbate 80,none,7.0,4,50.0,100.0,0.01,0.0,0.2136,0.2378,0.1616,0.7949,0,0.7915
A0A1B0GTW7,histidine,sucrose,polysorbate 80,arginine,5.0,25,10.0,300.0,0.01,100.0,0.0049,0.2839,0.0719,0.9036,1,0.8898
A0A1B0GTW7,acetic acid,trehalose,poloxamer 188,glycine,7.4,40,50.0,200.0,0.01,125.0,0.3405,0.4457,0.3696,0.6555,1,0.6154
A0A1B0GTW7,acetic acid,trehalose,polysorbate 80,arginine,7.4,25,30.0,200.0,0.045,100.0,0.1271,0.3455,0.2451,0.8194,0,0.787
A0A1B0GTW7,histidine,sucrose,polysorbate 80,methionine,7.4,25,10.0,100.0,0.01,1.0,0.2384,0.078,0.1965,0.8139,0,0.834
A0A1B0GTW7,acetic acid,trehalose,polysorbate 20,glycine,6.0,25,10.0,100.0,0.045,200.0,0.1718,0.3264,0.1571,0.8039,1,0.7762
A0A1B0GTW7,histidine,sucrose,poloxamer 188,none,5.0,4,10.0,100.0,0.03,0.0,0.1596,0.2476,0.0472,0.8619,0,0.8294
A0A1B0GTW7,acetic acid,sorbitol,polysorbate 80,methionine,5.0,4,30.0,100.0,0.045,5.5,0.3026,0.1805,0.162,0.8087,0,0.7516
A0A1B0GTW7,acetic acid,mannitol,polysorbate 20,none,7.4,40,30.0,100.0,0.01,0.0,0.4715,0.4723,0.3363,0.5561,0,0.574
A0A1B0GTW7,phosphoric acid,trehalose,polysorbate 80,none,7.4,40,10.0,300.0,0.045,0.0,0.3048,0.4215,0.342,0.6437,1,0.655
A0A1B0GTW7,histidine,sucrose,poloxamer 188,methionine,7.0,40,10.0,100.0,0.05,1.0,0.3136,0.2031,0.2548,0.7173,0,0.743
A0A1B0GTW7,citric acid,sucrose,poloxamer 188,arginine,7.4,4,30.0,100.0,0.05,50.0,0.2133,0.3835,0.1779,0.7402,0,0.7594
A0A1B0GTW7,histidine,sucrose,polysorbate 20,none,7.0,40,30.0,200.0,0.01,0.0,0.1602,0.3619,0.2916,0.7026,0,0.7591
A0A1B0GTW7,phosphoric acid,trehalose,polysorbate 20,methionine,5.5,40,50.0,200.0,0.045,5.5,0.2018,0.3126,0.3064,0.7093,0,0.7185
A0A1B0GTW7,histidine,sucrose,polysorbate 20,none,7.0,4,10.0,300.0,0.01,0.0,0.0461,0.2299,0.1669,0.8861,1,0.8681
A0A1B0GTW7,phosphoric acid,trehalose,polysorbate 20,arginine,5.5,25,30.0,100.0,0.045,150.0,0.0509,0.3465,0.1975,0.8309,1,0.8709
A0A1B0GTW7,phosphoric acid,sucrose,poloxamer 188,none,6.0,40,10.0,100.0,0.03,0.0,0.3249,0.429,0.247,0.6516,0,0.6628
A0A1B0GTW7,histidine,sucrose,poloxamer 188,none,5.5,25,30.0,300.0,0.01,0.0,0.1942,0.2557,0.067,0.8153,1,0.7952
A0A1B0GTW7,phosphoric acid,trehalose,poloxamer 188,proline,7.0,25,30.0,100.0,0.01,150.0,0.1927,0.3633,0.2727,0.7345,1,0.7356
A0A1B0GTW7,acetic acid,mannitol,polysorbate 80,arginine,6.0,4,50.0,200.0,0.01,150.0,0.171,0.3285,0.1715,0.7999,1,0.7587
A0A1B0GTW7,acetic acid,sorbitol,poloxamer 188,arginine,5.0,4,50.0,100.0,0.05,50.0,0.2868,0.3574,0.1901,0.7611,0,0.6935
A0A1B0GTW7,phosphoric acid,trehalose,polysorbate 20,glycine,5.0,25,30.0,100.0,0.045,50.0,0.078,0.3565,0.1787,0.8364,0,0.8853
A0A1B0GTW7,citric acid,sucrose,polysorbate 20,none,6.5,40,50.0,100.0,0.01,0.0,0.2232,0.4689,0.1875,0.6956,0,0.7075
A0A1B0GTW7,citric acid,trehalose,polysorbate 20,arginine,5.5,40,30.0,200.0,0.08,150.0,0.1322,0.4307,0.1637,0.7255,1,0.7704
A0A1B0GTW7,citric acid,mannitol,polysorbate 80,arginine,6.5,4,30.0,100.0,0.01,100.0,0.2455,0.3088,0.0822,0.7604,0,0.775
A0A1B0GTW7,phosphoric acid,mannitol,polysorbate 80,glycine,5.0,40,10.0,200.0,0.045,125.0,0.3721,0.4475,0.2469,0.6032,1,0.6564
A0A1B0GTW7,histidine,mannitol,polysorbate 20,none,6.5,40,50.0,200.0,0.01,0.0,0.3175,0.3505,0.1694,0.6709,0,0.7599
A0A1B0GTW7,histidine,mannitol,polysorbate 80,none,6.0,4,10.0,300.0,0.045,0.0,0.2418,0.2057,0.0722,0.8139,1,0.837
A0A1B0GTW7,phosphoric acid,mannitol,polysorbate 20,none,7.0,4,30.0,300.0,0.01,0.0,0.199,0.3439,0.2785,0.7788,1,0.7097
A0A1B0GTW7,phosphoric acid,sucrose,poloxamer 188,methionine,5.0,40,50.0,300.0,0.05,10.0,0.2627,0.2867,0.2554,0.7431,1,0.7404
A0A1B0GTW7,citric acid,mannitol,polysorbate 20,arginine,7.4,25,50.0,200.0,0.08,50.0,0.2302,0.3645,0.2109,0.777,0,0.7049
A0A1B0GTW7,phosphoric acid,mannitol,poloxamer 188,methionine,6.0,25,50.0,200.0,0.05,1.0,0.3249,0.2215,0.1543,0.7816,0,0.7728
A0A1B0GTW7,citric acid,sorbitol,poloxamer 188,methionine,7.4,40,10.0,300.0,0.05,5.5,0.5035,0.295,0.2036,0.5989,1,0.6439
A0A1B0GTW7,acetic acid,sucrose,polysorbate 20,proline,5.5,25,50.0,300.0,0.08,100.0,0.0353,0.3788,0.1398,0.8355,1,0.8329
A0A1B0GTW7,acetic acid,sorbitol,polysorbate 20,glycine,7.0,25,50.0,100.0,0.08,50.0,0.2993,0.3175,0.2917,0.7269,0,0.6779
A0A1B0GTW7,phosphoric acid,mannitol,polysorbate 80,glycine,7.4,25,10.0,100.0,0.01,50.0,0.3785,0.3502,0.2564,0.6936,0,0.6589
A0A1B0GTW7,histidine,trehalose,polysorbate 20,none,5.0,25,30.0,300.0,0.08,0.0,0.0762,0.2594,0.1002,0.8469,1,0.9043
A0A1B0GTW7,citric acid,sorbitol,polysorbate 20,methionine,5.5,4,50.0,300.0,0.01,1.0,0.1642,0.1932,0.0802,0.866,1,0.8399
A0A1B0GTW7,acetic acid,trehalose,polysorbate 80,none,6.5,4,50.0,100.0,0.01,0.0,0.0998,0.3363,0.1567,0.8448,0,0.8193
A0A1B0GTW7,acetic acid,trehalose,polysorbate 20,none,7.0,40,30.0,200.0,0.08,0.0,0.1686,0.4642,0.3746,0.6846,0,0.6935
A0PK11,acetic acid,sorbitol,polysorbate 80,methionine,6.5,25,10.0,300.0,0.045,10.0,0.572,0.1285,0.2374,0.6974,1,0.6611
A0PK11,acetic acid,trehalose,polysorbate 20,methionine,5.0,40,30.0,100.0,0.045,5.5,0.2861,0.2652,0.3106,0.7048,0,0.7088
A0PK11,phosphoric acid,sucrose,polysorbate 80,glycine,5.5,25,50.0,100.0,0.08,50.0,0.176,0.3116,0.2389,0.8046,0,0.7905
A0PK11,histidine,sorbitol,polysorbate 20,proline,7.0,25,30.0,100.0,0.01,100.0,0.4856,0.2033,0.2162,0.708,0,0.6773
A0PK11,acetic acid,sucrose,poloxamer 188,methionine,6.5,4,30.0,200.0,0.03,5.5,0.5664,0.1516,0.206,0.7286,0,0.646
A0PK11,citric acid,sorbitol,polysorbate 80,proline,6.5,25,10.0,200.0,0.045,150.0,0.5771,0.3128,0.1382,0.6602,1,0.6464
A0PK11,acetic acid,trehalose,polysorbate 20,glycine,7.0,40,10.0,200.0,0.08,200.0,0.4179,0.3717,0.4239,0.573,1,0.6136
A0PK11,histidine,sucrose,poloxamer 188,methionine,5.5,25,10.0,100.0,0.03,5.5,0.2782,0.0231,0.116,0.8669,0,0.8357
A0PK11,phosphoric acid,trehalose,polysorbate 20,proline,6.0,25,30.0,200.0,0.045,50.0,0.2888,0.2945,0.2273,0.7405,0,0.7185
A0PK11,acetic acid,sucrose,poloxamer 188,none,5.0,25,10.0,300.0,0.01,0.0,0.2562,0.2607,0.1943,0.7661,1,0.7568
A0PK11,histidine,sucrose,polysorbate 80,glycine,5.0,40,10.0,100.0,0.01,125.0,0.2919,0.3192,0.2396,0.6864,1,0.7152
A0PK11,histidine,trehalose,polysorbate 20,proline,6.0,4,50.0,300.0,0.08,150.0,0.2668,0.1893,0.1166,0.8196,2,0.785
A0PK11,histidine,trehalose,polysorbate 20,arginine,7.0,4,30.0,300.0,0.08,100.0,0.2372,0.2203,0.2202,0.803,1,0.7868
A0PK11,acetic acid,trehalose,polysorbate 80,none,7.4,40,10.0,100.0,0.08,0.0,0.3029,0.3941,0.4227,0.628,0,0.6183
A0PK11,phosphoric acid,sucrose,poloxamer 188,arginine,6.0,40,30.0,300.0,0.03,50.0,0.4176,0.3996,0.3514,0.612,1,0.6507
A0PK11,phosphoric acid,sucrose,polysorbate 20,methionine,5.0,25,30.0,300.0,0.045,10.0,0.1262,0.1571,0.2261,0.901,1,0.8184
A0PK11,citric acid,sorbitol,polysorbate 80,none,7.4,25,50.0,300.0,0.045,0.0,0.3064,0.2777,0.1799,0.7476,1,0.725
A0PK11,acetic acid,sorbitol,poloxamer 188,none,6.0,25,10.0,100.0,0.03,0.0,0.5847,0.2965,0.2599,0.6442,0,0.5877
A0PK11,acetic acid,trehalose,polysorbate 20,none,7.0,40,30.0,200.0,0.01,0.0,0.3914,0.3995,0.396,0.631,0,0.6284
A0PK11,acetic acid,mannitol,polysorbate 80,methionine,5.5,25,30.0,200.0,0.045,10.0,0.3018,0.1054,0.2495,0.7955,0,0.7976
A0PK11,phosphoric acid,sucrose,poloxamer 188,glycine,5.0,4,50.0,200.0,0.03,200.0,0.2181,0.2777,0.2225,0.7859,1,0.7537
A0PK11,citric acid,sorbitol,poloxamer 188,methionine,6.5,4,10.0,200.0,0.01,5.5,0.7322,0.1183,0.1196,0.6501,0,0.6461
A0PK11,citric acid,mannitol,poloxamer 188,none,6.0,25,50.0,300.0,0.03,0.0,0.5682,0.2672,0.0917,0.6998,1,0.6717
A0PK11,acetic acid,mannitol,polysorbate 20,methionine,6.0,25,30.0,100.0,0.01,10.0,0.4577,0.1707,0.2247,0.7443,0,0.6996
A0PK11,citric acid,mannitol,polysorbate 80,none,7.4,4,10.0,100.0,0.08,0.0,0.4268,0.3248,0.2174,0.7078,0,0.6795
A0PK11,acetic acid,mannitol,poloxamer 188,none,7.0,40,30.0,100.0,0.01,0.0,0.726,0.3704,0.4361,0.4824,0,0.4325
A0PK11,phosphoric acid,trehalose,polysorbate 20,glycine,6.0,4,50.0,300.0,0.01,125.0,0.2613,0.2489,0.217,0.7917,2,0.7857
A0PK11,histidine,sucrose,poloxamer 188,proline,7.4,4,50.0,200.0,0.01,50.0,0.3005,0.2222,0.1948,0.7401,0,0.7536
A0PK11,phosphoric acid,sorbitol,polysorbate 20,methionine,6.0,4,10.0,200.0,0.045,1.0,0.475,0.139,0.1811,0.7303,0,0.6879
A0PK11,histidine,sorbitol,polysorbate 20,arginine,7.0,40,50.0,100.0,0.01,50.0,0.5251,0.297,0.3036,0.5799,0,0.5886
A0PK11,phosphoric acid,sucrose,polysorbate 80,arginine,7.0,25,50.0,300.0,0.08,50.0,0.2198,0.3088,0.3027,0.769,1,0.7181
A0PK11,acetic acid,sorbitol,polysorbate 20,proline,7.0,25,30.0,300.0,0.08,50.0,0.4279,0.2875,0.3017,0.6712,1,0.6281
A0PK11,histidine,trehalose,poloxamer 188,glycine,6.0,40,10.0,100.0,0.01,50.0,0.5891,0.2904,0.2084,0.5898,0,0.6125
A0PK11,histidine,trehalose,polysorbate 80,methionine,6.5,40,50.0,200.0,0.045,1.0,0.5569,0.1519,0.2376,0.6235,0,0.6489
A0PK11,citric acid,mannitol,poloxamer 188,proline,7.4,25,10.0,300.0,0.01,100.0,0.4234,0.2436,0.1921,0.7465,1,0.7328
A0PK11,citric acid,sorbitol,polysorbate 80,none,5.5,40,10.0,200.0,0.01,0.0,0.4084,0.4012,0.2286,0.6821,0,0.6701
A0PK11,histidine,sucrose,polysorbate 80,proline,7.0,40,50.0,200.0,0.045,50.0,0.4145,0.2705,0.2903,0.6491,0,0.6508
A0PK11,acetic acid,mannitol,poloxamer 188,methionine,6.0,40,50.0,200.0,0.03,1.0,0.6208,0.2267,0.3008,0.6072,0,0.611
A0PK11,histidine,sorbitol,poloxamer 188,proline,7.0,25,10.0,100.0,0.01,150.0,0.5847,0.2193,0.224,0.6383,1,0.6636
A0PK11,histidine,mannitol,poloxamer 188,arginine,5.5,25,50.0,300.0,0.03,100.0,0.3354,0.1689,0.1186,0.7739,1,0.7519
A0PK11,citric acid,sorbitol,poloxamer 188,methionine,5.0,25,30.0,200.0,0.03,5.5,0.4437,0.1778,0.0944,0.7615,0,0.7278
A0PK11,histidine,trehalose,polysorbate 20,methionine,7.4,25,30.0,300.0,0.045,10.0,0.167,0.0278,0.2051,0.8848,1,0.8467
A0PK11,histidine,sorbitol,polysorbate 80,proline,6.0,25,10.0,200.0,0.08,50.0,0.4716,0.1886,0.1176,0.7131,0,0.7079
A0PK11,acetic acid,sorbitol,polysorbate 80,glycine,7.0,25,50.0,200.0,0.08,125.0,0.491,0.2997,0.3029,0.6551,1,0.6379
A0PK11,histidine,trehalose,polysorbate 20,none,5.5,25,30.0,300.0,0.045,0.0,0.0992,0.2005,0.1092,0.8898,1,0.8522
A0PK11,histidine,sucrose,poloxamer 188,none,5.5,40,10.0,200.0,0.05,0.0,0.3118,0.2571,0.2234,0.7087,0,0.7131
A0PK11,histidine,sorbitol,polysorbate 80,glycine,5.0,25,10.0,300.0,0.01,125.0,0.3184,0.1564,0.1211,0.7773,2,0.7763
A0PK11,phosphoric acid,mannitol,polysorbate 20,methionine,6.5,4,30.0,300.0,0.01,5.5,0.5983,0.1224,0.2147,0.7011,1,0.648
A0PK11,citric acid,trehalose,polysorbate 80,proline,6.5,25,50.0,200.0,0.01,100.0,0.4886,0.2671,0.133,0.7267,0,0.6351
A0PK11,phosphoric acid,sorbitol,polysorbate 80,methionine,7.0,25,30.0,200.0,0.08,10.0,0.4444,0.1512,0.3184,0.7206,0,0.6693
A0PK11,acetic acid,sorbitol,polysorbate 20,glycine,7.4,4,50.0,200.0,0.01,125.0,0.3509,0.2865,0.3458,0.7096,1,0.6767
A0PK11,histidine,mannitol,poloxamer 188,methionine,7.4,25,30.0,300.0,0.05,1.0,0.4193,0.0299,0.2138,0.7885,1,0.7508
A0PK11,acetic acid,sucrose,polysorbate 80,none,7.0,25,10.0,200.0,0.01,0.0,0.327,0.3312,0.3398,0.6954,0,0.6919
A0PK11,acetic acid,sucrose,poloxamer 188,glycine,6.5,40,10.0,100.0,0.03,125.0,0.6679,0.3489,0.3023,0.4803,1,0.5305
A0PK11,phosphoric acid,sorbitol,poloxamer 188,arginine,6.0,40,50.0,200.0,0.03,150.0,0.5841,0.4232,0.329,0.5192,1,0.5573
A0PK11,acetic acid,sucrose,poloxamer 188,arginine,5.5,40,50.0,200.0,0.01,150.0,0.2196,0.3944,0.3378,0.6467,1,0.7154
A0PK11,histidine,sorbitol,polysorbate 80,arginine,6.5,4,50.0,200.0,0.01,50.0,0.5437,0.1813,0.1351,0.7465,0,0.6912
A0PK11,phosphoric acid,sucrose,polysorbate 20,proline,6.0,25,10.0,100.0,0.08,100.0,0.3376,0.2805,0.2054,0.7563,0,0.7021
A0PK11,citric acid,trehalose,polysorbate 80,arginine,7.0,25,50.0,300.0,0.01,100.0,0.2238,0.2801,0.232,0.7867,1,0.7776
A0PK11,citric acid,trehalose,polysorbate 20,proline,6.5,25,50.0,100.0,0.045,100.0,0.4649,0.2843,0.1028,0.6993,0,0.7055
A1A4S6,citric acid,sucrose,polysorbate 20,proline,7.0,25,50.0,200.0,0.08,100.0,0.3277,0.2749,0.3643,0.7407,0,0.6854
A1A4S6,acetic acid,mannitol,polysorbate 80,methionine,6.5,4,10.0,200.0,0.08,5.5,0.5107,0.1279,0.322,0.6574,0,0.6907
A1A4S6,phosphoric acid,mannitol,polysorbate 80,methionine,6.0,4,50.0,300.0,0.08,1.0,0.3074,0.1423,0.3525,0.7414,1,0.7775
A1A4S6,acetic acid,mannitol,polysorbate 80,none,6.0,4,50.0,100.0,0.08,0.0,0.325,0.2956,0.3614,0.7187,0,0.6774
A1A4S6,phosphoric acid,trehalose,poloxamer 188,arginine,7.4,40,10.0,200.0,0.03,50.0,0.2813,0.4028,0.5845,0.6266,0,0.6231
A1A4S6,phosphoric acid,trehalose,polysorbate 80,proline,6.0,40,30.0,100.0,0.01,50.0,0.2557,0.3736,0.4443,0.6479,0,0.6742
A1A4S6,phosphoric acid,mannitol,polysorbate 80,proline,6.5,25,50.0,200.0,0.01,100.0,0.4036,0.324,0.3437,0.6641,0,0.618
A1A4S6,histidine,trehalose,polysorbate 80,methionine,7.0,25,10.0,200.0,0.01,5.5,0.2554,0.0598,0.3483,0.7844,0,0.7495
A1A4S6,histidine,sorbitol,polysorbate 20,proline,7.0,25,50.0,200.0,0.01,150.0,0.4449,0.2268,0.3417,0.6556,1,0.6466
A1A4S6,citric acid,sorbitol,polysorbate 80,none,7.0,25,50.0,100.0,0.08,0.0,0.4635,0.2394,0.3458,0.669,0,0.653
A1A4S6,histidine,sorbitol,poloxamer 188,proline,7.4,25,10.0,100.0,0.01,50.0,0.5071,0.2159,0.3415,0.6419,0,0.6814
A1A4S6,phosphoric acid,sorbitol,polysorbate 80,arginine,5.5,40,10.0,200.0,0.045,100.0,0.2515,0.3937,0.4464,0.646,0,0.6445
A1A4S6,acetic acid,trehalose,polysorbate 20,arginine,6.5,40,30.0,200.0,0.01,150.0,0.3072,0.3824,0.4462,0.6123,1,0.6143
A1A4S6,phosphoric acid,trehalose,polysorbate 20,methionine,5.5,25,10.0,300.0,0.045,10.0,0.0662,0.1383,0.3769,0.8036,1,0.8408
A1A4S6,phosphoric acid,sucrose,polysorbate 20,proline,5.5,4,30.0,100.0,0.08,50.0,0.1338,0.2519,0.34,0.7955,0,0.7408
A1A4S6,histidine,sucrose,polysorbate 20,glycine,5.5,40,10.0,100.0,0.08,50.0,0.173,0.2712,0.3819,0.7418,0,0.7603
A1A4S6,citric acid,trehalose,polysorbate 20,glycine,7.0,4,30.0,100.0,0.01,200.0,0.3433,0.2708,0.3364,0.7239,1,0.6561
A1A4S6,phosphoric acid,trehalose,polysorbate 80,arginine,5.5,4,30.0,100.0,0.08,100.0,0.0378,0.2886,0.3394,0.8447,0,0.8054
A1A4S6,histidine,trehalose,polysorbate 20,arginine,5.5,40,30.0,300.0,0.01,150.0,0.0722,0.3166,0.3252,0.7734,2,0.7904
A1A4S6,histidine,sorbitol,polysorbate 20,proline,7.0,40,10.0,200.0,0.08,50.0,0.5457,0.2999,0.4218,0.5758,0,0.5615
A1A4S6,histidine,mannitol,polysorbate 20,arginine,5.0,25,30.0,200.0,0.08,50.0,0.134,0.2144,0.2328,0.8074,0,0.7811
A1A4S6,acetic acid,sorbitol,polysorbate 80,arginine,6.0,40,10.0,100.0,0.01,100.0,0.3593,0.3678,0.482,0.5579,0,0.6353
A1A4S6,phosphoric acid,sorbitol,poloxamer 188,none,6.0,25,50.0,300.0,0.03,0.0,0.3941,0.2915,0.336,0.6957,1,0.6534
A1A4S6,histidine,sucrose,poloxamer 188,none,7.4,4,30.0,200.0,0.01,0.0,0.3181,0.1957,0.3499,0.7368,0,0.708
A1A4S6,acetic acid,mannitol,polysorbate 20,methionine,6.5,40,10.0,200.0,0.045,5.5,0.5636,0.2092,0.4199,0.5927,0,0.5892
A1A4S6,phosphoric acid,mannitol,polysorbate 80,methionine,5.0,4,10.0,100.0,0.045,1.0,0.2409,0.1438,0.3538,0.779,0,0.7388
A1A4S6,phosphoric acid,trehalose,poloxamer 188,arginine,7.0,40,50.0,200.0,0.05,50.0,0.4309,0.3738,0.555,0.5204,0,0.5696
A1A4S6,acetic acid,mannitol,poloxamer 188,methionine,7.4,4,30.0,300.0,0.03,5.5,0.4325,0.1485,0.4665,0.7224,1,0.6628
A1A4S6,histidine,trehalose,polysorbate 80,methionine,5.5,4,30.0,300.0,0.045,1.0,0.0078,0.0178,0.2344,0.9452,1,0.9316
A1A4S6,phosphoric acid,trehalose,polysorbate 20,none,7.0,40,50.0,300.0,0.08,0.0,0.3666,0.3971,0.5318,0.5657,1,0.5466
A1A4S6,histidine,mannitol,polysorbate 80,glycine,6.0,40,30.0,200.0,0.045,50.0,0.3767,0.2664,0.3273,0.675,0,0.6522
A1A4S6,citric acid,trehalose,poloxamer 188,methionine,5.0,4,50.0,300.0,0.01,1.0,0.242,0.1533,0.2506,0.7899,1,0.7961
A1A4S6,citric acid,sorbitol,polysorbate 20,methionine,6.0,4,30.0,200.0,0.08,5.5,0.2871,0.1458,0.2981,0.7799,0,0.775
A1A4S6,histidine,sucrose,polysorbate 80,glycine,7.0,4,50.0,100.0,0.045,125.0,0.3006,0.1927,0.3823,0.733,1,0.7435
A1A4S6,acetic acid,sorbitol,poloxamer 188,methionine,6.5,25,10.0,300.0,0.01,5.5,0.559,0.1321,0.3595,0.6843,1,0.6414
A1A4S6,acetic acid,sucrose,polysorbate 20,none,6.5,40,50.0,200.0,0.01,0.0,0.3573,0.3788,0.4419,0.6036,0,0.6233
A1A4S6,citric acid,sorbitol,poloxamer 188,arginine,5.0,4,30.0,100.0,0.01,100.0,0.2717,0.2667,0.2545,0.7726,0,0.7462
A1A4S6,phosphoric acid,mannitol,polysorbate 80,arginine,6.5,40,30.0,100.0,0.01,100.0,0.5235,0.4101,0.456,0.525,0,0.4975
A1A4S6,citric acid,mannitol,polysorbate 80,methionine,7.4,4,30.0,100.0,0.045,1.0,0.3646,0.1475,0.3523,0.7139,0,0.6826
A1A4S6,phosphoric acid,sorbitol,poloxamer 188,methionine,7.4,40,30.0,200.0,0.01,5.5,0.5666,0.2426,0.5605,0.539,0,0.533
A1A4S6,histidine,mannitol,polysorbate 80,none,6.5,40,30.0,100.0,0.045,0.0,0.5992,0.2831,0.3488,0.5464,0,0.5621
A1A4S6,histidine,trehalose,polysorbate 20,none,6.5,40,10.0,200.0,0.045,0.0,0.3951,0.2978,0.3373,0.6603,0,0.6335
A1A4S6,phosphoric acid,trehalose,polysorbate 20,glycine,5.0,40,50.0,100.0,0.08,200.0,0.1908,0.3846,0.4758,0.6671,1,0.6862
A1A4S6,citric acid,mannitol,polysorbate 20,glycine,5.5,4,10.0,200.0,0.01,50.0,0.1851,0.2987,0.2647,0.785,0,0.7782
A1A4S6,citric acid,sucrose,polysorbate 80,methionine,6.5,40,50.0,200.0,0.08,10.0,0.3889,0.2716,0.3928,0.6271,0,0.6362
A1A4S6,phosphoric acid,mannitol,polysorbate 80,methionine,5.0,25,30.0,300.0,0.045,5.5,0.2566,0.175,0.3364,0.7692,1,0.7383
A1A4S6,histidine,mannitol,poloxamer 188,arginine,6.0,25,30.0,100.0,0.01,100.0,0.3007,0.175,0.2268,0.7665,0,0.7585
A1A4S6,phosphoric acid,sucrose,poloxamer 188,arginine,7.0,40,50.0,200.0,0.03,150.0,0.432,0.4244,0.5269,0.5642,1,0.5375
A1A4S6,histidine,sorbitol,poloxamer 188,glycine,6.0,40,30.0,300.0,0.01,50.0,0.4863,0.3069,0.3244,0.6062,1,0.6194
A1A4S6,acetic acid,sucrose,polysorbate 20,arginine,7.0,40,10.0,100.0,0.01,150.0,0.3565,0.3992,0.596,0.5557,1,0.5483
A1A4S6,acetic acid,sorbitol,poloxamer 188,none,7.0,4,30.0,200.0,0.03,0.0,0.5363,0.2823,0.4341,0.6377,0,0.599
A1A4S6,acetic acid,sorbitol,polysorbate 20,none,5.0,40,50.0,200.0,0.01,0.0,0.3126,0.3767,0.4563,0.6096,0,0.6377
A1A4S6,phosphoric acid,sucrose,poloxamer 188,methionine,6.0,25,50.0,300.0,0.05,1.0,0.2438,0.1131,0.3778,0.8289,1,0.7429
A1A4S6,phosphoric acid,sucrose,poloxamer 188,glycine,6.0,25,50.0,300.0,0.05,125.0,0.2261,0.2991,0.3535,0.7623,2,0.754
A1A4S6,citric acid,sucrose,polysorbate 20,none,6.5,40,30.0,100.0,0.08,0.0,0.4158,0.3774,0.3193,0.592,0,0.624
A1A4S6,histidine,sorbitol,poloxamer 188,proline,5.0,25,30.0,100.0,0.01,100.0,0.4002,0.183,0.2513,0.7344,0,0.7334
A1A4S6,acetic acid,trehalose,polysorbate 80,glycine,5.5,4,30.0,100.0,0.08,200.0,0.1722,0.2828,0.3371,0.7998,1,0.7588
A1A4S6,histidine,mannitol,poloxamer 188,glycine,7.0,25,10.0,100.0,0.01,200.0,0.6271,0.2051,0.3397,0.6315,1,0.6079
A1A4S6,citric acid,sorbitol,polysorbate 80,methionine,6.0,40,50.0,100.0,0.045,10.0,0.4457,0.2535,0.3682,0.6454,0,0.6628
A1A4S6,phosphoric acid,sorbitol,polysorbate 80,none,5.5,25,30.0,100.0,0.045,0.0,0.2658,0.29,0.3498,0.7608,0,0.6854
A1L3X0,acetic acid,sorbitol,polysorbate 20,methionine,7.0,40,30.0,100.0,0.01,10.0,0.3874,0.3838,0.4404,0.6174,0,0.6016
A1L3X0,citric acid,mannitol,polysorbate 80,methionine,6.0,40,10.0,300.0,0.08,1.0,0.3444,0.3644,0.2547,0.6649,1,0.7197
A1L3X0,phosphoric acid,sucrose,polysorbate 80,proline,6.5,40,10.0,200.0,0.01,50.0,0.2005,0.546,0.3448,0.6686,0,0.6507
A1L3X0,acetic acid,mannitol,polysorbate 80,methionine,5.0,25,50.0,200.0,0.01,5.5,0.2681,0.3038,0.2435,0.744,0,0.7325
A1L3X0,histidine,mannitol,polysorbate 80,arginine,6.0,4,50.0,300.0,0.045,50.0,0.1952,0.3211,0.1425,0.7831,1,0.8067
A1L3X0,citric acid,sucrose,polysorbate 20,methionine,7.4,4,50.0,200.0,0.045,10.0,0.064,0.2805,0.2473,0.8721,0,0.8147
A1L3X0,histidine,sucrose,polysorbate 80,proline,5.5,4,50.0,300.0,0.08,150.0,0.0764,0.3793,0.1108,0.7895,2,0.8312
A1L3X0,acetic acid,sucrose,polysorbate 20,glycine,6.0,4,10.0,100.0,0.045,200.0,0.1113,0.4212,0.254,0.7832,1,0.7416
A1L3X0,acetic acid,sucrose,polysorbate 80,methionine,7.0,40,10.0,300.0,0.08,10.0,0.1546,0.4091,0.4528,0.6729,1,0.7165
A1L3X0,citric acid,trehalose,polysorbate 20,methionine,5.0,40,30.0,100.0,0.08,5.5,0.1943,0.3611,0.226,0.7179,0,0.751
A1L3X0,citric acid,sucrose,poloxamer 188,proline,5.0,40,50.0,300.0,0.05,150.0,0.2858,0.5487,0.2148,0.657,2,0.655
A1L3X0,histidine,sorbitol,polysorbate 20,arginine,7.4,25,30.0,200.0,0.08,50.0,0.2132,0.3485,0.2489,0.7718,0,0.7444
A1L3X0,phosphoric acid,sucrose,polysorbate 20,glycine,7.4,40,50.0,100.0,0.08,200.0,0.2456,0.5682,0.4437,0.6067,1,0.5964
A1L3X0,phosphoric acid,trehalose,polysorbate 80,proline,7.0,25,50.0,100.0,0.08,100.0,0.1696,0.4281,0.3758,0.7278,0,0.6624
A1L3X0,acetic acid,trehalose,polysorbate 80,arginine,7.4,25,10.0,200.0,0.01,50.0,0.0335,0.428,0.3566,0.7738,0,0.7423
A1L3X0,citric acid,sucrose,polysorbate 20,proline,7.0,25,50.0,200.0,0.045,50.0,0.053,0.4326,0.1913,0.7791,0,0.8068
A1L3X0,citric acid,mannitol,polysorbate 20,arginine,7.4,25,30.0,100.0,0.045,100.0,0.2199,0.4501,0.2205,0.7319,0,0.7108
A1L3X0,acetic acid,sorbitol,polysorbate 20,proline,5.5,25,50.0,200.0,0.045,150.0,0.2249,0.4717,0.2573,0.7126,1,0.6918
A1L3X0,phosphoric acid,sucrose,poloxamer 188,methionine,5.0,25,50.0,100.0,0.05,5.5,0.2326,0.2508,0.2349,0.7711,0,0.7412
A1L3X0,phosphoric acid,sucrose,polysorbate 80,proline,7.4,25,30.0,200.0,0.08,150.0,0.1013,0.4776,0.3526,0.7343,1,0.7219
A1L3X0,acetic acid,trehalose,poloxamer 188,methionine,6.0,25,10.0,300.0,0.03,10.0,0.235,0.3101,0.241,0.7518,1,0.7546
A1L3X0,acetic acid,mannitol,poloxamer 188,arginine,5.0,40,50.0,200.0,0.03,150.0,0.3915,0.5595,0.3525,0.576,1,0.5591
A1L3X0,citric acid,sucrose,polysorbate 80,none,7.4,25,10.0,100.0,0.01,0.0,0.1659,0.4456,0.2813,0.7299,0,0.7503
A1L3X0,citric acid,mannitol,polysorbate 20,methionine,7.0,4,50.0,100.0,0.08,5.5,0.2823,0.2786,0.2301,0.7511,0,0.7429
A1L3X0,phosphoric acid,mannitol,polysorbate 20,arginine,7.0,4,50.0,200.0,0.045,100.0,0.1954,0.4302,0.3393,0.7678,0,0.7256
A1L3X0,phosphoric acid,trehalose,polysorbate 80,arginine,7.4,4,30.0,300.0,0.045,150.0,0.0261,0.4424,0.3422,0.8007,2,0.7337
A1L3X0,histidine,mannitol,polysorbate 20,methionine,5.5,40,30.0,300.0,0.045,1.0,0.3353,0.2583,0.2478,0.7018,1,0.7044
A1L3X0,histidine,trehalose,polysorbate 80,methionine,5.5,40,30.0,100.0,0.08,5.5,0.2736,0.2671,0.2105,0.7228,0,0.7682
A1L3X0,phosphoric acid,sucrose,poloxamer 188,none,6.0,25,10.0,300.0,0.05,0.0,0.2435,0.4325,0.2614,0.7198,1,0.691
A1L3X0,citric acid,mannitol,poloxamer 188,glycine,5.0,4,10.0,100.0,0.03,50.0,0.4029,0.4547,0.1083,0.7103,0,0.6976
A1L3X0,phosphoric acid,mannitol,polysorbate 20,none,5.5,40,10.0,100.0,0.045,0.0,0.3576,0.5496,0.3497,0.5774,0,0.5762
A1L3X0,acetic acid,sorbitol,poloxamer 188,methionine,6.5,40,10.0,100.0,0.03,10.0,0.4562,0.3911,0.3633,0.5884,0,0.5838
A1L3X0,histidine,sorbitol,polysorbate 20,none,6.0,4,50.0,300.0,0.08,0.0,0.2662,0.2847,0.1628,0.7408,1,0.752
A1L3X0,citric acid,trehalose,polysorbate 20,none,5.0,4,50.0,100.0,0.045,0.0,0.0928,0.4157,0.163,0.7962,0,0.7962
A1L3X0,citric acid,trehalose,polysorbate 20,glycine,6.0,40,30.0,100.0,0.045,50.0,0.2249,0.5512,0.2413,0.6207,0,0.6922
A1L3X0,phosphoric acid,trehalose,poloxamer 188,proline,7.0,40,10.0,300.0,0.05,50.0,0.2782,0.5105,0.4312,0.6293,1,0.6232
A1L3X0,citric acid,trehalose,poloxamer 188,none,7.4,40,30.0,300.0,0.01,0.0,0.2826,0.5347,0.3334,0.6514,1,0.6342
A1L3X0,histidine,sucrose,polysorbate 80,none,6.0,40,10.0,300.0,0.045,0.0,0.2059,0.4622,0.2446,0.6749,1,0.7017
A1L3X0,histidine,sorbitol,poloxamer 188,none,6.0,40,30.0,200.0,0.01,0.0,0.4575,0.4409,0.2544,0.5849,0,0.6231
A1L3X0,acetic acid,mannitol,polysorbate 20,arginine,7.4,4,10.0,200.0,0.045,100.0,0.1773,0.4432,0.2998,0.7545,0,0.7131
A1L3X0,acetic acid,trehalose,polysorbate 20,none,5.5,25,50.0,200.0,0.08,0.0,0.1396,0.3837,0.2816,0.7699,0,0.7667
A1L3X0,phosphoric acid,sorbitol,polysorbate 80,proline,7.0,40,10.0,200.0,0.01,100.0,0.3285,0.5539,0.4187,0.5562,0,0.6151
A1L3X0,histidine,mannitol,polysorbate 20,glycine,5.5,4,10.0,200.0,0.045,200.0,0.254,0.346,0.1572,0.7731,1,0.7505
A1L3X0,acetic acid,trehalose,polysorbate 80,proline,7.0,40,30.0,100.0,0.01,100.0,0.2373,0.5897,0.4386,0.5945,0,0.6176
A1L3X0,acetic acid,sorbitol,polysorbate 20,methionine,5.0,4,30.0,300.0,0.045,1.0,0.2762,0.3154,0.2526,0.7215,1,0.7518
A1L3X0,citric acid,mannitol,polysorbate 80,arginine,6.0,25,50.0,300.0,0.08,100.0,0.1286,0.4477,0.1247,0.788,1,0.7834
A1L3X0,phosphoric acid,sucrose,polysorbate 80,methionine,5.5,25,50.0,200.0,0.045,5.5,0.1193,0.3001,0.2721,0.8169,0,0.7757
A1L3X0,histidine,sorbitol,polysorbate 80,none,7.0,4,30.0,300.0,0.045,0.0,0.2719,0.3654,0.2152,0.7505,1,0.731
A1L3X0,histidine,sorbitol,poloxamer 188,methionine,7.0,25,50.0,300.0,0.05,1.0,0.3341,0.2192,0.2368,0.7558,1,0.7261
A1L3X0,citric acid,sucrose,polysorbate 20,proline,6.0,40,30.0,100.0,0.01,150.0,0.2268,0.5197,0.211,0.693,1,0.6731
A1L3X0,acetic acid,sucrose,polysorbate 80,arginine,5.5,40,30.0,200.0,0.08,100.0,0.0999,0.4986,0.327,0.6686,0,0.7452
A1L3X0,citric acid,trehalose,polysorbate 20,none,6.0,4,30.0,300.0,0.08,0.0,0.1233,0.4279,0.1848,0.805,1,0.7604
A1L3X0,phosphoric acid,mannitol,poloxamer 188,none,7.0,25,50.0,300.0,0.03,0.0,0.268,0.4875,0.312,0.6512,1,0.6734
A1L3X0,acetic acid,sucrose,polysorbate 20,proline,7.4,4,30.0,300.0,0.045,150.0,0.1662,0.4693,0.3511,0.7344,2,0.7045
A1L3X0,histidine,sorbitol,polysorbate 20,none,7.0,4,50.0,100.0,0.08,0.0,0.2991,0.3473,0.2419,0.7265,0,0.6885
A1L3X0,acetic acid,trehalose,poloxamer 188,none,6.5,4,50.0,100.0,0.01,0.0,0.2179,0.4078,0.2378,0.7232,0,0.6971
A1L3X0,histidine,trehalose,polysorbate 80,methionine,6.0,25,10.0,200.0,0.08,1.0,0.1151,0.2195,0.1582,0.8251,0,0.8209
A1L3X0,acetic acid,sorbitol,poloxamer 188,arginine,7.4,4,50.0,100.0,0.05,100.0,0.3246,0.422,0.3353,0.6875,0,0.6236
A1L3X0,acetic acid,sorbitol,polysorbate 20,glycine,6.5,40,30.0,300.0,0.045,200.0,0.3462,0.515,0.3278,0.5979,2,0.5768
A1L3X0,phosphoric acid,sorbitol,polysorbate 80,glycine,6.0,40,30.0,100.0,0.045,125.0,0.3896,0.5412,0.3508,0.5661,1,0.6038
A2A2Y4,citric acid,sorbitol,polysorbate 20,methionine,6.0,40,50.0,200.0,0.045,1.0,0.6501,0.2491,0.2088,0.5843,0,0.6036
A2A2Y4,acetic acid,sorbitol,polysorbate 20,glycine,6.0,4,30.0,300.0,0.01,125.0,0.5309,0.2937,0.1931,0.6329,2,0.6766
A2A2Y4,acetic acid,mannitol,poloxamer 188,methionine,5.5,4,50.0,200.0,0.05,10.0,0.474,0.1438,0.192,0.7467,0,0.7038
A2A2Y4,phosphoric acid,trehalose,polysorbate 80,none,7.4,40,10.0,100.0,0.01,0.0,0.2579,0.3942,0.4119,0.6295,0,0.6979
A2A2Y4,citric acid,trehalose,polysorbate 80,arginine,6.5,25,50.0,200.0,0.01,150.0,0.1307,0.3139,0.119,0.838,1,0.8141
A2A2Y4,citric acid,sucrose,poloxamer 188,glycine,6.5,40,30.0,200.0,0.05,50.0,0.4424,0.4086,0.2034,0.6291,0,0.6836
A2A2Y4,phosphoric acid,mannitol,polysorbate 20,arginine,5.0,40,50.0,100.0,0.08,150.0,0.2813,0.3803,0.3046,0.7141,1,0.666
A2A2Y4,histidine,trehalose,polysorbate 20,glycine,5.0,25,30.0,100.0,0.08,125.0,0.1772,0.2413,0.0953,0.8491,1,0.8607
A2A2Y4,histidine,sucrose,polysorbate 20,none,7.0,4,30.0,200.0,0.045,0.0,0.0924,0.2036,0.1947,0.8427,0,0.8305
A2A2Y4,acetic acid,trehalose,poloxamer 188,methionine,6.0,4,10.0,200.0,0.01,10.0,0.4596,0.1584,0.1909,0.7351,0,0.6802
A2A2Y4,acetic acid,mannitol,poloxamer 188,glycine,5.0,40,30.0,200.0,0.05,200.0,0.4712,0.4244,0.2665,0.5884,1,0.6288
A2A2Y4,citric acid,trehalose,poloxamer 188,methionine,6.5,40,30.0,100.0,0.03,10.0,0.4267,0.2912,0.2147,0.6349,0,0.6764
A2A2Y4,histidine,trehalose,polysorbate 80,methionine,6.0,4,10.0,200.0,0.045,1.0,0.4131,0.0592,0.1171,0.7752,0,0.7853
A2A2Y4,acetic acid,mannitol,polysorbate 20,proline,7.0,40,50.0,100.0,0.045,150.0,0.3281,0.4055,0.3883,0.6048,1,0.6554
A2A2Y4,phosphoric acid,trehalose,polysorbate 80,arginine,6.5,25,10.0,200.0,0.08,150.0,0.1991,0.3199,0.1845,0.7812,1,0.7933
A2A2Y4,phosphoric acid,sucrose,poloxamer 188,proline,6.0,40,10.0,100.0,0.01,100.0,0.6172,0.4541,0.3142,0.5079,0,0.5164
A2A2Y4,citric acid,sorbitol,poloxamer 188,none,6.0,25,50.0,300.0,0.03,0.0,0.6337,0.3047,0.1205,0.6502,1,0.6033
A2A2Y4,citric acid,trehalose,poloxamer 188,none,5.0,40,30.0,300.0,0.05,0.0,0.2547,0.371,0.2165,0.6715,1,0.6788
A2A2Y4,phosphoric acid,sucrose,poloxamer 188,arginine,5.0,40,50.0,100.0,0.05,150.0,0.2596,0.4576,0.3062,0.6644,1,0.6686
A2A2Y4,citric acid,trehalose,polysorbate 20,none,6.5,4,50.0,100.0,0.08,0.0,0.26,0.3261,0.1005,0.7834,0,0.7744
A2A2Y4,acetic acid,sucrose,poloxamer 188,methionine,5.0,25,10.0,300.0,0.03,5.5,0.1746,0.1775,0.2028,0.8212,1,0.8268
A2A2Y4,histidine,sorbitol,poloxamer 188,proline,7.4,4,30.0,200.0,0.01,150.0,0.3269,0.2083,0.2062,0.7873,1,0.7544
A2A2Y4,citric acid,sucrose,polysorbate 80,methionine,6.0,40,10.0,300.0,0.01,1.0,0.4789,0.2741,0.2341,0.6405,1,0.6562
A2A2Y4,acetic acid,sucrose,polysorbate 20,methionine,5.5,4,50.0,300.0,0.08,5.5,0.2053,0.1364,0.2002,0.8247,1,0.8131
A2A2Y4,phosphoric acid,sorbitol,polysorbate 20,methionine,6.5,4,50.0,300.0,0.08,1.0,0.3814,0.1683,0.2049,0.7657,1,0.7368
A2A2Y4,phosphoric acid,sucrose,polysorbate 80,none,6.5,40,10.0,300.0,0.01,0.0,0.2704,0.3889,0.3035,0.6403,1,0.6961
A2A2Y4,histidine,sucrose,polysorbate 20,methionine,7.4,40,50.0,200.0,0.08,5.5,0.2497,0.1821,0.3021,0.7649,0,0.7578
A2A2Y4,citric acid,trehalose,polysorbate 20,proline,5.5,25,10.0,300.0,0.01,50.0,0.2345,0.2954,0.1003,0.7897,1,0.7909
A2A2Y4,acetic acid,sucrose,polysorbate 80,glycine,5.0,4,50.0,100.0,0.045,200.0,0.1328,0.3078,0.2151,0.8353,1,0.809
A2A2Y4,histidine,trehalose,poloxamer 188,arginine,6.5,25,10.0,300.0,0.01,50.0,0.2051,0.1566,0.125,0.8186,1,0.829
A2A2Y4,citric acid,mannitol,polysorbate 80,none,6.0,40,50.0,300.0,0.045,0.0,0.5946,0.3717,0.2172,0.5724,1,0.574
A2A2Y4,citric acid,mannitol,polysorbate 80,none,5.5,25,30.0,200.0,0.01,0.0,0.3336,0.2968,0.1142,0.7251,0,0.7469
A2A2Y4,citric acid,sorbitol,poloxamer 188,methionine,5.0,25,50.0,300.0,0.03,10.0,0.3442,0.1693,0.1087,0.7703,1,0.8028
A2A2Y4,phosphoric acid,sorbitol,polysorbate 20,glycine,6.0,25,10.0,300.0,0.045,50.0,0.5249,0.3072,0.1877,0.6515,1,0.6239
A2A2Y4,citric acid,mannitol,poloxamer 188,glycine,6.5,4,50.0,200.0,0.03,200.0,0.4911,0.3419,0.0789,0.6529,1,0.7067
A2A2Y4,citric acid,sorbitol,polysorbate 80,proline,5.5,25,50.0,100.0,0.045,100.0,0.4217,0.2943,0.1271,0.7055,0,0.7414
A2A2Y4,histidine,trehalose,polysorbate 80,proline,6.5,40,50.0,300.0,0.01,50.0,0.35,0.2979,0.2495,0.6586,1,0.7106
A2A2Y4,citric acid,trehalose,polysorbate 20,glycine,6.0,25,10.0,100.0,0.01,200.0,0.422,0.3337,0.1376,0.7042,1,0.6748
A2A2Y4,histidine,sorbitol,polysorbate 80,none,7.4,4,30.0,100.0,0.08,0.0,0.2843,0.1941,0.2466,0.7814,0,0.7468
A2A2Y4,phosphoric acid,mannitol,polysorbate 20,methionine,7.0,40,30.0,200.0,0.045,5.5,0.3594,0.2308,0.3869,0.6837,0,0.6578
A2A2Y4,acetic acid,sorbitol,polysorbate 80,methionine,6.0,4,30.0,200.0,0.045,1.0,0.5149,0.1684,0.2301,0.7119,0,0.6944
A2A2Y4,citric acid,trehalose,polysorbate 80,proline,7.0,40,50.0,300.0,0.045,100.0,0.1645,0.3793,0.3364,0.6967,1,0.7145
A2A2Y4,citric acid,trehalose,polysorbate 20,glycine,6.5,40,10.0,200.0,0.08,200.0,0.3862,0.4188,0.2155,0.6701,1,0.6424
A2A2Y4,phosphoric acid,mannitol,polysorbate 20,methionine,6.5,4,50.0,200.0,0.01,1.0,0.4242,0.1588,0.2117,0.7709,0,0.7293
A2A2Y4,acetic acid,trehalose,poloxamer 188,arginine,7.0,4,10.0,300.0,0.01,50.0,0.1233,0.3292,0.299,0.7753,1,0.7413
A2A2Y4,acetic acid,trehalose,poloxamer 188,glycine,5.0,40,10.0,100.0,0.01,200.0,0.269,0.4488,0.2843,0.6465,1,0.6669
A2A2Y4,acetic acid,mannitol,polysorbate 80,none,7.4,40,50.0,200.0,0.08,0.0,0.363,0.424,0.4235,0.5812,0,0.5972
A2A2Y4,acetic acid,sucrose,polysorbate 80,none,7.0,25,10.0,100.0,0.08,0.0,0.129,0.3027,0.3385,0.7997,0,0.7707
A2A2Y4,phosphoric acid,mannitol,polysorbate 80,none,7.4,40,30.0,100.0,0.01,0.0,0.3904,0.4312,0.41,0.5566,0,0.5995
A2A2Y4,histidine,trehalose,polysorbate 80,glycine,7.0,40,30.0,200.0,0.045,125.0,0.1843,0.2971,0.3181,0.7483,1,0.7422
A2A2Y4,histidine,mannitol,polysorbate 20,methionine,7.0,4,50.0,100.0,0.045,10.0,0.2798,0.0917,0.2112,0.8704,0,0.8085
A2A2Y4,histidine,sucrose,polysorbate 80,methionine,6.5,25,50.0,200.0,0.01,10.0,0.1935,0.0728,0.114,0.9038,0,0.88
A2A2Y4,histidine,trehalose,polysorbate 80,methionine,6.5,40,30.0,300.0,0.01,10.0,0.3255,0.1332,0.2022,0.7224,1,0.7576
A2A2Y4,histidine,trehalose,polysorbate 80,none,6.5,25,10.0,100.0,0.08,0.0,0.2806,0.2411,0.1142,0.7686,0,0.79
A2A2Y4,phosphoric acid,sucrose,polysorbate 80,proline,5.0,4,50.0,100.0,0.08,100.0,0.1639,0.2955,0.2037,0.8054,0,0.769
A2A2Y4,histidine,mannitol,polysorbate 80,none,5.5,40,30.0,300.0,0.08,0.0,0.5141,0.3053,0.2147,0.5921,1,0.6296
A2A2Y4,phosphoric acid,sorbitol,poloxamer 188,glycine,7.4,40,10.0,300.0,0.05,125.0,0.4588,0.4002,0.4409,0.5502,2,0.5686
A2A2Y4,histidine,sucrose,polysorbate 20,glycine,5.0,25,50.0,300.0,0.08,125.0,0.1226,0.1793,0.0711,0.8524,2,0.9011
A2A2Y4,phosphoric acid,sucrose,poloxamer 188,proline,6.5,25,10.0,200.0,0.05,100.0,0.3298,0.3589,0.1951,0.7251,0,0.7328
A2A2Y4,acetic acid,trehalose,poloxamer 188,none,7.4,25,10.0,300.0,0.03,0.0,0.2473,0.3489,0.3305,0.7508,1,0.7091
A2RU14,citric acid,sucrose,polysorbate 80,proline,5.5,25,50.0,300.0,0.01,150.0,0.236,0.1759,0.0,0.8528,2,0.8494
A2RU14,acetic acid,mannitol,polysorbate 20,arginine,5.0,4,30.0,200.0,0.045,100.0,0.2857,0.2009,0.0691,0.8134,0,0.8343
A2RU14,histidine,trehalose,polysorbate 80,glycine,6.5,25,50.0,300.0,0.08,125.0,0.4169,0.0831,0.0,0.771,2,0.8067
A2RU14,histidine,sucrose,polysorbate 80,proline,7.0,4,50.0,300.0,0.045,100.0,0.4205,0.1172,0.0626,0.7636,1,0.8149
A2RU14,histidine,mannitol,polysorbate 20,methionine,5.0,40,50.0,100.0,0.08,10.0,0.5326,0.0486,0.0455,0.6941,0,0.7513
A2RU14,citric acid,sorbitol,polysorbate 80,glycine,6.0,25,30.0,200.0,0.01,50.0,0.5004,0.2247,0.0,0.7227,0,0.71
A2RU14,citric acid,sorbitol,polysorbate 20,methionine,6.0,25,10.0,200.0,0.045,1.0,0.472,0.0016,0.0,0.8078,0,0.8014
A2RU14,acetic acid,trehalose,polysorbate 20,arginine,5.5,25,10.0,200.0,0.045,150.0,0.1014,0.1972,0.0393,0.869,1,0.831
A2RU14,acetic acid,mannitol,polysorbate 20,proline,6.5,40,50.0,100.0,0.045,100.0,0.7336,0.3224,0.1832,0.514,0,0.5428
A2RU14,citric acid,sorbitol,polysorbate 20,glycine,6.5,25,30.0,300.0,0.08,200.0,0.6152,0.167,0.0,0.7192,2,0.7284
A2RU14,acetic acid,trehalose,polysorbate 20,methionine,6.0,25,30.0,100.0,0.08,1.0,0.3314,0.0329,0.0324,0.8345,0,0.8433
A2RU14,citric acid,sucrose,poloxamer 188,methionine,7.4,4,30.0,200.0,0.05,1.0,0.4318,0.0552,0.0339,0.8338,0,0.7951
A2RU14,acetic acid,sorbitol,polysorbate 80,proline,5.5,25,50.0,100.0,0.08,100.0,0.3953,0.172,0.0015,0.8077,0,0.8046
A2RU14,acetic acid,sucrose,polysorbate 20,none,6.5,40,30.0,300.0,0.08,0.0,0.5427,0.2883,0.1603,0.5831,1,0.6378
A2RU14,acetic acid,sucrose,polysorbate 20,none,7.0,40,10.0,100.0,0.01,0.0,0.5813,0.2619,0.2559,0.5606,0,0.6215
A2RU14,phosphoric acid,trehalose,poloxamer 188,none,5.0,40,50.0,300.0,0.05,0.0,0.4115,0.2547,0.1733,0.6596,1,0.6908
A2RU14,acetic acid,mannitol,polysorbate 20,arginine,5.0,4,30.0,100.0,0.08,150.0,0.322,0.2099,0.0297,0.8035,1,0.8079
A2RU14,citric acid,sorbitol,polysorbate 20,methionine,6.5,40,50.0,300.0,0.08,1.0,0.7219,0.1405,0.0427,0.594,1,0.658
A2RU14,phosphoric acid,sucrose,polysorbate 20,arginine,6.0,25,10.0,100.0,0.08,50.0,0.2223,0.1285,0.0587,0.8789,0,0.8077
A2RU14,phosphoric acid,mannitol,polysorbate 20,methionine,5.5,40,30.0,200.0,0.045,1.0,0.449,0.1493,0.1911,0.6878,0,0.7037
A2RU14,acetic acid,sorbitol,polysorbate 20,arginine,6.0,4,50.0,100.0,0.01,100.0,0.399,0.2145,0.0371,0.7527,0,0.7553
A2RU14,histidine,trehalose,poloxamer 188,glycine,7.0,4,50.0,100.0,0.03,200.0,0.5288,0.0894,0.0825,0.7516,1,0.7318
A2RU14,acetic acid,sorbitol,polysorbate 80,methionine,7.4,4,10.0,300.0,0.08,5.5,0.4454,0.0057,0.1677,0.7851,1,0.7662
A2RU14,acetic acid,sucrose,poloxamer 188,none,5.5,25,50.0,200.0,0.03,0.0,0.4251,0.1929,0.035,0.7566,0,0.7846
A2RU14,histidine,trehalose,polysorbate 80,proline,7.4,4,50.0,100.0,0.08,50.0,0.3408,0.0582,0.0684,0.8192,0,0.8632
A2RU14,phosphoric acid,mannitol,polysorbate 80,methionine,5.0,25,50.0,200.0,0.08,10.0,0.4117,0.028,0.0756,0.8132,0,0.8213
A2RU14,phosphoric acid,sorbitol,poloxamer 188,methionine,7.0,4,30.0,200.0,0.03,10.0,0.7053,0.02,0.1371,0.705,0,0.664
A2RU14,citric acid,mannitol,poloxamer 188,none,5.0,40,10.0,200.0,0.01,0.0,0.5672,0.2679,0.0585,0.6723,0,0.6539
A2RU14,citric acid,mannitol,polysorbate 80,glycine,6.0,40,10.0,300.0,0.045,125.0,0.5518,0.3152,0.0484,0.6341,2,0.6489
A2RU14,citric acid,sorbitol,polysorbate 20,glycine,6.5,40,50.0,300.0,0.08,50.0,0.714,0.2832,0.0697,0.5893,1,0.6603
A2RU14,citric acid,sorbitol,polysorbate 20,glycine,5.5,25,30.0,300.0,0.01,125.0,0.38,0.1935,0.0,0.7829,2,0.7967
A2RU14,histidine,sorbitol,polysorbate 80,glycine,6.5,40,50.0,300.0,0.045,125.0,0.6922,0.1903,0.0764,0.5806,2,0.6659
A2RU14,acetic acid,sorbitol,poloxamer 188,methionine,6.5,4,10.0,300.0,0.01,1.0,0.7406,0.0346,0.0076,0.6797,1,0.717
A2RU14,phosphoric acid,sucrose,polysorbate 20,glycine,7.0,25,10.0,200.0,0.08,200.0,0.4401,0.167,0.1399,0.7627,1,0.7428
A2RU14,acetic acid,sucrose,poloxamer 188,arginine,6.0,40,30.0,300.0,0.01,150.0,0.4139,0.2796,0.1422,0.6537,2,0.7402
A2RU14,acetic acid,trehalose,polysorbate 20,arginine,7.4,40,10.0,200.0,0.01,100.0,0.3311,0.3113,0.2804,0.688,0,0.6814
A2RU14,phosphoric acid,mannitol,polysorbate 80,methionine,5.0,4,10.0,300.0,0.08,10.0,0.3747,0.0365,0.0319,0.8393,1,0.806
A2RU14,phosphoric acid,sorbitol,polysorbate 80,none,5.5,4,10.0,100.0,0.08,0.0,0.4316,0.1777,0.054,0.7689,0,0.7527
A2RU14,phosphoric acid,mannitol,poloxamer 188,none,5.5,25,50.0,200.0,0.03,0.0,0.4969,0.1775,0.0674,0.7076,0,0.7303
A2RU14,phosphoric acid,sucrose,polysorbate 80,methionine,5.0,25,50.0,100.0,0.08,1.0,0.3041,0.017,0.0364,0.8763,0,0.8659
A2RU14,citric acid,trehalose,poloxamer 188,proline,5.5,40,30.0,200.0,0.01,150.0,0.4398,0.2967,0.0627,0.6947,1,0.7244
A2RU14,phosphoric acid,sorbitol,polysorbate 20,methionine,5.0,40,10.0,200.0,0.08,10.0,0.472,0.1504,0.188,0.6758,0,0.6902
A2RU14,phosphoric acid,mannitol,polysorbate 20,methionine,6.0,40,10.0,300.0,0.01,10.0,0.5843,0.1346,0.1065,0.6715,1,0.6832
A2RU14,acetic acid,mannitol,polysorbate 80,none,6.5,4,30.0,100.0,0.045,0.0,0.6317,0.1936,0.0538,0.6927,0,0.6644
A2RU14,phosphoric acid,mannitol,polysorbate 20,proline,7.0,40,10.0,300.0,0.045,100.0,0.6895,0.2818,0.2648,0.549,1,0.5415
A2RU14,histidine,sucrose,polysorbate 80,methionine,5.0,4,10.0,200.0,0.045,1.0,0.2619,0.0,0.0,0.9026,0,0.932
A2RU14,acetic acid,trehalose,poloxamer 188,glycine,7.4,25,10.0,200.0,0.01,200.0,0.4141,0.18,0.1496,0.7444,1,0.7515
A2RU14,phosphoric acid,mannitol,polysorbate 80,proline,7.4,40,10.0,100.0,0.045,150.0,0.539,0.2659,0.2286,0.6279,1,0.6703
A2RU14,phosphoric acid,trehalose,polysorbate 20,arginine,7.4,4,10.0,100.0,0.045,50.0,0.2543,0.1836,0.1514,0.8362,0,0.7792
A2RU14,citric acid,trehalose,poloxamer 188,methionine,5.0,4,50.0,200.0,0.01,5.5,0.3364,0.0565,0.0,0.8523,0,0.8685
A2RU14,citric acid,sorbitol,polysorbate 80,glycine,6.5,4,50.0,100.0,0.01,125.0,0.5533,0.2005,0.0,0.6819,1,0.7287
A2RU14,phosphoric acid,mannitol,polysorbate 80,methionine,5.5,40,50.0,100.0,0.01,10.0,0.5372,0.1342,0.1691,0.6933,0,0.7205
A2RU14,histidine,trehalose,polysorbate 20,proline,7.4,4,50.0,300.0,0.01,100.0,0.3533,0.1018,0.0515,0.7858,1,0.8078
A2RU14,acetic acid,trehalose,polysorbate 80,arginine,5.5,4,50.0,300.0,0.045,100.0,0.1073,0.2304,0.0465,0.8811,1,0.885
A2RU14,acetic acid,mannitol,polysorbate 80,glycine,6.0,40,10.0,100.0,0.08,200.0,0.5858,0.3209,0.1375,0.5958,1,0.6133
A2RU14,phosphoric acid,sucrose,poloxamer 188,proline,5.5,40,50.0,300.0,0.01,150.0,0.373,0.2747,0.1493,0.6799,2,0.7098
A2RU14,acetic acid,mannitol,poloxamer 188,arginine,5.5,25,30.0,100.0,0.01,100.0,0.3738,0.1853,0.0199,0.8061,0,0.7906
A2RU14,histidine,sucrose,polysorbate 20,proline,5.5,25,50.0,200.0,0.045,150.0,0.1855,0.0808,0.0,0.9079,1,0.9284
A2RU14,citric acid,sorbitol,polysorbate 80,arginine,7.0,4,10.0,200.0,0.01,50.0,0.4545,0.1893,0.0468,0.7655,0,0.7516
A2RU14,histidine,sorbitol,poloxamer 188,proline,7.4,40,50.0,200.0,0.03,150.0,0.6482,0.1806,0.1341,0.6312,1,0.6467
A5PLL7,acetic acid,sucrose,poloxamer 188,none,7.0,40,10.0,200.0,0.01,0.0,0.4376,0.384,0.4087,0.5478,0,0.5511
A5PLL7,phosphoric acid,sucrose,poloxamer 188,glycine,5.5,40,30.0,200.0,0.05,200.0,0.2832,0.3905,0.333,0.6213,1,0.6876
A5PLL7,histidine,mannitol,poloxamer 188,methionine,7.4,4,10.0,100.0,0.01,5.5,0.3328,0.0381,0.2551,0.8224,0,0.7735
A5PLL7,histidine,sorbitol,poloxamer 188,none,5.0,25,50.0,300.0,0.05,0.0,0.2872,0.1421,0.1085,0.8165,1,0.7902
A5PLL7,citric acid,sucrose,polysorbate 80,glycine,7.4,4,10.0,200.0,0.045,200.0,0.0767,0.2867,0.2183,0.8266,1,0.8212
A5PLL7,phosphoric acid,trehalose,polysorbate 20,glycine,7.4,25,50.0,100.0,0.01,125.0,0.1106,0.2634,0.3511,0.8046,1,0.7718
A5PLL7,acetic acid,mannitol,poloxamer 188,arginine,6.0,40,50.0,300.0,0.01,100.0,0.5553,0.3899,0.3419,0.5483,1,0.5461
A5PLL7,acetic acid,mannitol,polysorbate 80,methionine,7.0,4,30.0,100.0,0.045,1.0,0.358,0.1123,0.325,0.7574,0,0.7214
A5PLL7,histidine,trehalose,poloxamer 188,none,5.0,4,10.0,100.0,0.01,0.0,0.1934,0.1475,0.1119,0.8578,0,0.848
A5PLL7,acetic acid,mannitol,polysorbate 20,glycine,5.5,4,50.0,300.0,0.08,200.0,0.2332,0.3105,0.2055,0.7918,2,0.7604
A5PLL7,acetic acid,trehalose,polysorbate 20,glycine,6.5,40,30.0,200.0,0.01,200.0,0.4111,0.4207,0.299,0.6179,1,0.6397
A5PLL7,phosphoric acid,sucrose,poloxamer 188,arginine,5.5,4,50.0,100.0,0.03,50.0,0.1473,0.313,0.2178,0.8094,0,0.787
A5PLL7,acetic acid,mannitol,polysorbate 20,proline,5.0,40,30.0,100.0,0.045,50.0,0.3433,0.4014,0.3387,0.5896,0,0.6667
A5PLL7,phosphoric acid,mannitol,poloxamer 188,none,5.5,25,30.0,300.0,0.03,0.0,0.3142,0.3058,0.2454,0.7117,1,0.7007
A5PLL7,citric acid,trehalose,polysorbate 80,arginine,6.5,4,10.0,300.0,0.045,150.0,0.2007,0.2809,0.1167,0.8277,2,0.8267
A5PLL7,histidine,mannitol,polysorbate 80,methionine,7.4,40,30.0,100.0,0.01,10.0,0.3892,0.1239,0.3187,0.6598,0,0.6954
A5PLL7,citric acid,sorbitol,polysorbate 20,arginine,5.5,40,30.0,100.0,0.01,50.0,0.3463,0.4175,0.1982,0.6347,0,0.6762
A5PLL7,acetic acid,mannitol,polysorbate 20,arginine,7.0,4,50.0,100.0,0.08,100.0,0.2756,0.269,0.3313,0.7333,0,0.7094
A5PLL7,histidine,sucrose,polysorbate 20,glycine,5.5,25,30.0,200.0,0.045,200.0,0.1471,0.1853,0.1141,0.8605,1,0.8496
A5PLL7,phosphoric acid,mannitol,polysorbate 20,proline,5.5,4,10.0,100.0,0.08,50.0,0.2863,0.28,0.2548,0.7617,0,0.7191
A5PLL7,citric acid,sucrose,polysorbate 80,methionine,6.5,25,30.0,100.0,0.08,5.5,0.3681,0.1285,0.1463,0.7923,0,0.7682
A5PLL7,citric acid,sorbitol,polysorbate 20,methionine,6.0,4,10.0,100.0,0.08,5.5,0.4608,0.1038,0.1003,0.7406,0,0.7573
A5PLL7,histidine,trehalose,polysorbate 20,glycine,5.0,40,10.0,200.0,0.045,200.0,0.2326,0.3298,0.2356,0.7209,1,0.7013
A5PLL7,histidine,mannitol,polysorbate 20,glycine,5.0,25,30.0,300.0,0.08,200.0,0.1977,0.1694,0.1104,0.8446,2,0.8275
A5PLL7,citric acid,sucrose,polysorbate 20,arginine,5.5,4,10.0,100.0,0.01,50.0,0.008,0.3001,0.1014,0.8913,0,0.9178
A5PLL7,citric acid,sorbitol,polysorbate 20,arginine,7.0,40,30.0,100.0,0.01,50.0,0.3396,0.3346,0.3171,0.6724,0,0.7078
A5PLL7,citric acid,sorbitol,polysorbate 80,arginine,6.0,4,10.0,200.0,0.01,50.0,0.3138,0.2951,0.1135,0.7611,0,0.8048
A5PLL7,acetic acid,sorbitol,polysorbate 20,arginine,6.5,40,30.0,100.0,0.045,50.0,0.4721,0.3903,0.3322,0.5994,0,0.5964
A5PLL7,citric acid,mannitol,polysorbate 20,methionine,5.5,4,50.0,300.0,0.08,1.0,0.2733,0.1274,0.1282,0.82,1,0.8264
A5PLL7,phosphoric acid,sorbitol,polysorbate 20,none,6.5,4,10.0,200.0,0.045,0.0,0.4694,0.2927,0.2223,0.7025,0,0.6567
A5PLL7,citric acid,sorbitol,polysorbate 80,none,5.5,40,50.0,100.0,0.045,0.0,0.3442,0.4104,0.2047,0.6352,0,0.6659
A5PLL7,phosphoric acid,sorbitol,poloxamer 188,methionine,6.0,40,50.0,200.0,0.03,5.5,0.672,0.1925,0.3856,0.5675,0,0.5623
A5PLL7,citric acid,sucrose,polysorbate 20,none,5.5,4,30.0,100.0,0.045,0.0,0.1458,0.2909,0.1333,0.8407,0,0.8256
A5PLL7,phosphoric acid,trehalose,polysorbate 80,arginine,5.5,40,10.0,200.0,0.08,150.0,0.1534,0.3812,0.3198,0.7064,1,0.751
A5PLL7,histidine,trehalose,poloxamer 188,methionine,6.0,4,10.0,100.0,0.05,5.5,0.4152,0.0,0.136,0.8106,0,0.7928
A5PLL7,phosphoric acid,sucrose,poloxamer 188,proline,7.0,40,10.0,300.0,0.01,100.0,0.3522,0.4077,0.4418,0.583,1,0.6124
A5PLL7,phosphoric acid,trehalose,polysorbate 20,arginine,5.0,4,10.0,300.0,0.01,50.0,0.0,0.2576,0.2103,0.8979,1,0.8787
A5PLL7,acetic acid,sucrose,polysorbate 20,none,5.5,4,30.0,300.0,0.01,0.0,0.1295,0.2997,0.2332,0.7988,1,0.797
A5PLL7,phosphoric acid,sucrose,polysorbate 80,glycine,7.0,40,10.0,100.0,0.08,125.0,0.3212,0.4003,0.4466,0.6263,1,0.6245
A5PLL7,histidine,mannitol,poloxamer 188,methionine,7.0,4,30.0,200.0,0.03,1.0,0.4626,0.0347,0.2052,0.7602,0,0.7281
A5PLL7,citric acid,sorbitol,poloxamer 188,methionine,7.4,25,10.0,300.0,0.05,10.0,0.2937,0.1323,0.207,0.7953,1,0.7429
A5PLL7,phosphoric acid,trehalose,poloxamer 188,none,5.5,25,30.0,300.0,0.05,0.0,0.2205,0.2852,0.2065,0.7981,1,0.7831
A5PLL7,phosphoric acid,trehalose,polysorbate 80,arginine,7.4,40,30.0,300.0,0.01,50.0,0.0357,0.3699,0.4075,0.7244,1,0.7691
A5PLL7,phosphoric acid,trehalose,poloxamer 188,none,5.0,25,10.0,200.0,0.05,0.0,0.1748,0.2799,0.1828,0.8223,0,0.7665
A5PLL7,histidine,trehalose,polysorbate 20,proline,5.5,40,10.0,300.0,0.08,150.0,0.2159,0.2907,0.2501,0.7002,2,0.691
A5PLL7,phosphoric acid,sorbitol,polysorbate 80,proline,5.5,4,50.0,100.0,0.045,100.0,0.3029,0.3212,0.2476,0.7371,0,0.6984
A5PLL7,histidine,sucrose,polysorbate 80,methionine,6.5,40,30.0,100.0,0.045,5.5,0.4714,0.1157,0.2324,0.6904,0,0.7282
A5PLL7,acetic acid,mannitol,poloxamer 188,methionine,5.0,25,50.0,300.0,0.05,1.0,0.3968,0.143,0.2127,0.7553,1,0.6992
A5PLL7,citric acid,sorbitol,polysorbate 80,arginine,6.0,4,30.0,200.0,0.01,50.0,0.3299,0.277,0.1124,0.7655,0,0.7348
A5PLL7,phosphoric acid,trehalose,polysorbate 20,glycine,7.4,4,50.0,100.0,0.045,200.0,0.1309,0.2852,0.3227,0.791,1,0.7684
A5PLL7,acetic acid,sucrose,polysorbate 20,glycine,7.0,25,10.0,100.0,0.01,125.0,0.222,0.2678,0.3097,0.7629,1,0.711
A5PLL7,citric acid,trehalose,polysorbate 20,none,7.4,40,50.0,200.0,0.08,0.0,0.1561,0.3757,0.3403,0.7121,0,0.7267
A5PLL7,phosphoric acid,mannitol,polysorbate 80,arginine,5.0,25,50.0,300.0,0.045,50.0,0.1595,0.2824,0.2306,0.8033,1,0.7876
A5PLL7,histidine,mannitol,polysorbate 80,methionine,5.0,25,50.0,300.0,0.08,5.5,0.1965,0.0,0.1202,0.9258,1,0.9039
A5PLL7,citric acid,sucrose,polysorbate 80,glycine,5.5,40,30.0,100.0,0.045,50.0,0.2764,0.4099,0.2246,0.6755,0,0.6867
A5PLL7,phosphoric acid,sorbitol,polysorbate 20,methionine,7.4,25,10.0,300.0,0.08,5.5,0.2045,0.1475,0.3469,0.8018,1,0.7609
A5PLL7,citric acid,mannitol,polysorbate 20,proline,5.5,25,10.0,200.0,0.045,100.0,0.2807,0.2972,0.094,0.7338,0,0.7593
A5PLL7,phosphoric acid,trehalose,polysorbate 20,none,5.0,4,50.0,300.0,0.01,0.0,0.0273,0.275,0.2199,0.8535,1,0.8696
A5PLL7,histidine,mannitol,poloxamer 188,methionine,7.0,4,50.0,100.0,0.03,10.0,0.457,0.0412,0.2353,0.735,0,0.755
A5PLL7,acetic acid,sorbitol,poloxamer 188,glycine,6.5,25,10.0,200.0,0.05,50.0,0.5783,0.2986,0.2014,0.6078,0,0.6351
A6BM72,citric acid,sucrose,polysorbate 20,glycine,5.5,4,10.0,100.0,0.01,125.0,0.3428,0.7276,0.1753,0.6321,1,0.5683
A6BM72,histidine,sorbitol,polysorbate 80,glycine,7.0,25,30.0,300.0,0.01,50.0,0.2814,0.6276,0.3054,0.6315,1,0.6196
A6BM72,acetic acid,sorbitol,poloxamer 188,proline,6.0,40,30.0,100.0,0.05,150.0,0.6831,0.8423,0.3935,0.3253,1,0.3708
A6BM72,acetic acid,sucrose,polysorbate 20,glycine,5.5,40,50.0,300.0,0.01,50.0,0.3827,0.841,0.3728,0.4188,1,0.4789
A6BM72,histidine,mannitol,poloxamer 188,proline,6.5,25,30.0,300.0,0.03,150.0,0.4885,0.6613,0.1923,0.5625,2,0.549
A6BM72,acetic acid,sucrose,polysorbate 80,proline,6.5,4,50.0,300.0,0.08,150.0,0.1825,0.722,0.3149,0.6617,2,0.6303
A6BM72,acetic acid,sucrose,polysorbate 20,proline,7.4,4,10.0,300.0,0.045,100.0,0.0953,0.746,0.4061,0.6687,1,0.6092
A6BM72,phosphoric acid,sucrose,polysorbate 20,proline,6.0,25,30.0,300.0,0.08,50.0,0.2989,0.7476,0.3236,0.5666,1,0.5297
A6BM72,citric acid,trehalose,polysorbate 20,methionine,6.0,25,50.0,200.0,0.08,10.0,0.3377,0.5966,0.1961,0.6516,0,0.6226
A6BM72,histidine,trehalose,polysorbate 20,glycine,6.5,40,30.0,300.0,0.045,50.0,0.3108,0.7136,0.2761,0.5543,1,0.5459
A6BM72,citric acid,sucrose,polysorbate 20,none,6.5,4,50.0,300.0,0.01,0.0,0.1609,0.7788,0.1931,0.668,1,0.6189
A6BM72,citric acid,trehalose,polysorbate 80,arginine,5.5,4,30.0,100.0,0.045,150.0,0.233,0.7381,0.1863,0.6738,1,0.6406
A6BM72,citric acid,mannitol,polysorbate 20,methionine,7.0,25,50.0,100.0,0.08,1.0,0.2321,0.6005,0.3026,0.6893,0,0.6678
A6BM72,citric acid,mannitol,polysorbate 20,none,6.5,4,30.0,300.0,0.08,0.0,0.2857,0.7294,0.1675,0.6287,1,0.626
A6BM72,phosphoric acid,mannitol,polysorbate 80,proline,7.4,40,10.0,200.0,0.01,100.0,0.3784,0.8441,0.4863,0.4512,0,0.4328
A6BM72,histidine,trehalose,poloxamer 188,glycine,5.5,40,10.0,300.0,0.01,125.0,0.5608,0.7134,0.2963,0.4928,2,0.4729
A6BM72,acetic acid,sucrose,poloxamer 188,arginine,6.5,4,50.0,100.0,0.05,50.0,0.2138,0.7384,0.289,0.6626,0,0.562
A6BM72,citric acid,mannitol,poloxamer 188,proline,7.4,40,50.0,200.0,0.03,100.0,0.4948,0.8171,0.3873,0.4209,0,0.4525
A6BM72,phosphoric acid,sorbitol,polysorbate 20,glycine,6.5,25,50.0,300.0,0.08,125.0,0.2682,0.7548,0.3331,0.5724,2,0.5701
A6BM72,histidine,sucrose,poloxamer 188,proline,7.0,40,50.0,300.0,0.03,100.0,0.2623,0.7541,0.393,0.5274,1,0.5607
A6BM72,histidine,sorbitol,polysorbate 80,proline,6.0,40,30.0,200.0,0.045,150.0,0.6369,0.7418,0.307,0.3854,1,0.4115
A6BM72,phosphoric acid,trehalose,polysorbate 80,none,5.5,4,50.0,200.0,0.08,0.0,0.329,0.7753,0.2998,0.5696,0,0.5459
A6BM72,phosphoric acid,trehalose,poloxamer 188,arginine,7.4,25,30.0,200.0,0.03,100.0,0.0813,0.7577,0.4103,0.6491,0,0.6077
A6BM72,acetic acid,sucrose,poloxamer 188,none,5.5,25,50.0,300.0,0.01,0.0,0.4061,0.7369,0.2913,0.6002,1,0.5242
A6BM72,acetic acid,mannitol,poloxamer 188,proline,5.5,40,50.0,100.0,0.03,50.0,0.6707,0.8326,0.4075,0.3468,0,0.3467
A6BM72,acetic acid,trehalose,poloxamer 188,proline,7.4,40,10.0,300.0,0.03,150.0,0.3218,0.874,0.4806,0.4256,2,0.4851
A6BM72,histidine,trehalose,polysorbate 20,glycine,7.4,25,30.0,200.0,0.045,125.0,0.0783,0.6614,0.2533,0.7375,1,0.6701
A6BM72,phosphoric acid,sorbitol,polysorbate 80,methionine,5.0,40,50.0,300.0,0.08,1.0,0.4201,0.6959,0.3736,0.4904,1,0.5249
A6BM72,acetic acid,trehalose,poloxamer 188,arginine,7.4,25,50.0,200.0,0.03,50.0,0.122,0.7573,0.4322,0.6063,0,0.6267
A6BM72,citric acid,trehalose,polysorbate 80,proline,6.5,40,30.0,100.0,0.045,150.0,0.3026,0.8276,0.266,0.5237,1,0.5693
A6BM72,citric acid,sucrose,polysorbate 20,proline,7.4,4,30.0,300.0,0.01,50.0,0.0783,0.7758,0.2636,0.683,1,0.6318
A6BM72,acetic acid,mannitol,polysorbate 80,glycine,7.0,4,30.0,100.0,0.01,200.0,0.2764,0.7633,0.3842,0.5315,1,0.5492
A6BM72,acetic acid,sorbitol,polysorbate 20,methionine,6.5,25,10.0,100.0,0.08,1.0,0.3626,0.6037,0.3174,0.589,0,0.5923
A6BM72,phosphoric acid,sucrose,polysorbate 20,none,5.5,4,50.0,100.0,0.08,0.0,0.3672,0.71,0.299,0.5702,0,0.5488
A6BM72,citric acid,trehalose,poloxamer 188,proline,6.0,4,10.0,200.0,0.05,150.0,0.4432,0.7359,0.1791,0.5668,1,0.5265
A6BM72,phosphoric acid,trehalose,polysorbate 80,arginine,6.0,25,30.0,300.0,0.08,150.0,0.2036,0.7592,0.2697,0.6502,2,0.6192
A6BM72,phosphoric acid,sorbitol,poloxamer 188,glycine,6.0,25,30.0,100.0,0.01,125.0,0.5477,0.732,0.3165,0.4784,1,0.4571
A6BM72,histidine,trehalose,polysorbate 80,glycine,5.5,40,10.0,300.0,0.08,50.0,0.412,0.7613,0.2876,0.4873,1,0.549
A6BM72,histidine,mannitol,poloxamer 188,arginine,6.5,40,30.0,300.0,0.05,50.0,0.4883,0.7652,0.2944,0.4501,1,0.4702
A6BM72,histidine,sucrose,poloxamer 188,arginine,5.0,40,10.0,200.0,0.03,100.0,0.3005,0.754,0.3207,0.5525,0,0.5274
A6BM72,histidine,mannitol,polysorbate 20,glycine,5.5,40,50.0,300.0,0.01,125.0,0.5797,0.7256,0.285,0.4484,2,0.5049
A6BM72,acetic acid,sucrose,poloxamer 188,none,6.0,40,50.0,300.0,0.01,0.0,0.6094,0.8577,0.389,0.3818,1,0.4
A6BM72,acetic acid,sucrose,poloxamer 188,none,5.0,25,10.0,100.0,0.03,0.0,0.2718,0.7815,0.2973,0.6073,0,0.581
A6BM72,citric acid,trehalose,polysorbate 20,none,5.5,25,50.0,200.0,0.045,0.0,0.3274,0.7624,0.1803,0.5931,0,0.5642
A6BM72,citric acid,sucrose,poloxamer 188,methionine,5.5,40,30.0,200.0,0.01,1.0,0.528,0.7112,0.3018,0.4986,0,0.4848
A6BM72,histidine,sucrose,polysorbate 80,none,7.4,25,10.0,100.0,0.08,0.0,0.1355,0.6238,0.2849,0.7156,0,0.6902
A6BM72,histidine,sucrose,polysorbate 20,glycine,6.5,25,30.0,200.0,0.01,50.0,0.174,0.6442,0.1623,0.6976,0,0.7063
A6BM72,citric acid,sucrose,polysorbate 20,proline,7.4,25,30.0,300.0,0.01,50.0,0.0994,0.7556,0.2936,0.675,1,0.6323
A6BM72,histidine,sucrose,polysorbate 80,glycine,6.0,25,30.0,300.0,0.045,200.0,0.3371,0.654,0.2025,0.6179,2,0.5651
A6BM72,histidine,mannitol,polysorbate 20,glycine,5.0,25,30.0,200.0,0.045,125.0,0.3477,0.636,0.1754,0.6489,1,0.6096
A6BM72,acetic acid,sorbitol,poloxamer 188,glycine,5.0,4,50.0,300.0,0.01,50.0,0.4299,0.7579,0.3063,0.5121,1,0.533
A6BM72,histidine,sorbitol,poloxamer 188,methionine,7.0,40,30.0,100.0,0.05,5.5,0.4733,0.5882,0.3955,0.4696,0,0.5237
A6BM72,phosphoric acid,sucrose,poloxamer 188,glycine,6.5,25,10.0,200.0,0.03,50.0,0.2519,0.7185,0.2622,0.6535,0,0.5924
A6BM72,histidine,mannitol,poloxamer 188,proline,5.0,40,50.0,300.0,0.05,150.0,0.5441,0.7349,0.2585,0.4378,2,0.509
A6BM72,citric acid,mannitol,poloxamer 188,none,7.4,40,50.0,100.0,0.03,0.0,0.4608,0.8346,0.3959,0.4462,0,0.4689
A6BM72,citric acid,sorbitol,polysorbate 20,methionine,5.5,40,50.0,100.0,0.01,10.0,0.6249,0.6884,0.2661,0.432,0,0.4689
A6BM72,citric acid,sorbitol,polysorbate 20,glycine,5.0,25,30.0,100.0,0.045,125.0,0.3026,0.7265,0.1995,0.6202,1,0.6018
A6BM72,histidine,trehalose,poloxamer 188,methionine,6.5,4,10.0,200.0,0.03,10.0,0.26,0.491,0.1742,0.7317,0,0.7171
A6BM72,acetic acid,sucrose,polysorbate 20,methionine,6.0,4,30.0,300.0,0.08,1.0,0.2607,0.577,0.2627,0.6571,1,0.6421
A6BM72,histidine,sorbitol,polysorbate 20,arginine,7.0,40,10.0,100.0,0.08,150.0,0.242,0.7272,0.3726,0.5647,1,0.5747
A6NI61,phosphoric acid,trehalose,poloxamer 188,methionine,6.0,25,10.0,100.0,0.03,5.5,0.2321,0.3698,0.0994,0.7709,0,0.7999
A6NI61,acetic acid,mannitol,poloxamer 188,methionine,5.0,4,50.0,100.0,0.01,5.5,0.4439,0.3403,0.1269,0.7112,0,0.6593
A6NI61,phosphoric acid,mannitol,poloxamer 188,none,6.0,40,10.0,100.0,0.01,0.0,0.5283,0.647,0.1879,0.4886,0,0.5586
A6NI61,acetic acid,trehalose,poloxamer 188,methionine,5.0,25,50.0,100.0,0.01,1.0,0.2619,0.3773,0.1171,0.7664,0,0.7204
A6NI61,acetic acid,trehalose,polysorbate 20,glycine,7.4,25,10.0,200.0,0.01,200.0,0.1685,0.5397,0.2057,0.7287,1,0.6784
A6NI61,histidine,sorbitol,polysorbate 20,none,7.0,4,30.0,100.0,0.08,0.0,0.3192,0.4277,0.1091,0.7447,0,0.7046
A6NI61,histidine,sorbitol,poloxamer 188,methionine,7.0,4,50.0,300.0,0.01,10.0,0.3873,0.2459,0.1099,0.7458,1,0.7428
A6NI61,citric acid,sucrose,polysorbate 20,none,7.0,25,50.0,200.0,0.045,0.0,0.126,0.5137,0.1269,0.7614,0,0.7253
A6NI61,citric acid,mannitol,polysorbate 20,proline,6.0,25,10.0,100.0,0.045,150.0,0.3562,0.5439,0.0,0.7081,1,0.6843
A6NI61,phosphoric acid,mannitol,poloxamer 188,none,7.4,4,10.0,100.0,0.05,0.0,0.4116,0.5222,0.2056,0.6219,0,0.6032
A6NI61,phosphoric acid,mannitol,poloxamer 188,glycine,7.4,40,10.0,300.0,0.05,200.0,0.4429,0.5997,0.309,0.5168,2,0.5639
A6NI61,phosphoric acid,sucrose,polysorbate 20,none,6.5,40,50.0,300.0,0.08,0.0,0.265,0.6047,0.2151,0.6296,1,0.6575
A6NI61,acetic acid,mannitol,polysorbate 20,arginine,7.0,4,10.0,200.0,0.01,50.0,0.2093,0.5311,0.22,0.6882,0,0.7083
A6NI61,histidine,trehalose,polysorbate 20,glycine,6.0,40,30.0,100.0,0.01,200.0,0.2804,0.501,0.1111,0.679,1,0.7
A6NI61,phosphoric acid,trehalose,poloxamer 188,arginine,6.0,25,10.0,300.0,0.05,150.0,0.1726,0.5636,0.0946,0.7154,2,0.7396
A6NI61,citric acid,sorbitol,polysorbate 80,none,7.4,25,50.0,300.0,0.01,0.0,0.292,0.5117,0.1394,0.675,1,0.7017
A6NI61,acetic acid,sorbitol,polysorbate 20,proline,7.0,4,10.0,300.0,0.045,50.0,0.2522,0.5507,0.2502,0.6685,1,0.6479
A6NI61,acetic acid,trehalose,poloxamer 188,proline,7.0,40,50.0,300.0,0.01,150.0,0.3462,0.6085,0.3094,0.5676,2,0.5477
A6NI61,citric acid,mannitol,polysorbate 20,glycine,7.4,4,10.0,100.0,0.08,200.0,0.3033,0.5025,0.1005,0.7367,1,0.6727
A6NI61,histidine,sorbitol,polysorbate 80,methionine,6.0,40,30.0,100.0,0.01,10.0,0.4281,0.3607,0.1047,0.6654,0,0.6959
A6NI61,phosphoric acid,sucrose,polysorbate 20,methionine,7.4,4,10.0,100.0,0.045,10.0,0.1709,0.3857,0.2037,0.763,0,0.7331
A6NI61,histidine,mannitol,polysorbate 20,none,7.0,25,10.0,300.0,0.045,0.0,0.2456,0.4753,0.1352,0.7051,1,0.6921
A6NI61,citric acid,trehalose,poloxamer 188,arginine,7.0,4,30.0,300.0,0.05,100.0,0.1549,0.5272,0.1213,0.7505,1,0.741
A6NI61,histidine,mannitol,polysorbate 80,glycine,7.4,25,30.0,200.0,0.045,50.0,0.2969,0.418,0.0659,0.7381,0,0.719
A6NI61,acetic acid,sucrose,polysorbate 80,proline,6.5,4,50.0,300.0,0.08,50.0,0.1257,0.576,0.1177,0.7471,1,0.7601
A6NI61,histidine,mannitol,polysorbate 20,arginine,6.5,25,50.0,300.0,0.045,50.0,0.2049,0.4247,0.0225,0.8273,1,0.7613
A6NI61,phosphoric acid,sorbitol,polysorbate 20,arginine,6.0,40,10.0,200.0,0.08,50.0,0.3213,0.5978,0.2214,0.5795,0,0.6174
A6NI61,histidine,trehalose,poloxamer 188,none,5.0,40,10.0,100.0,0.05,0.0,0.3449,0.5358,0.1287,0.6007,0,0.6638
A6NI61,citric acid,sorbitol,polysorbate 80,glycine,7.0,40,50.0,200.0,0.08,50.0,0.3658,0.5911,0.206,0.579,0,0.6631
A6NI61,citric acid,sucrose,polysorbate 20,proline,5.0,4,10.0,100.0,0.01,100.0,0.1667,0.4887,0.0,0.8071,0,0.8285
A6NI61,histidine,trehalose,polysorbate 20,methionine,6.5,25,50.0,200.0,0.045,5.5,0.0895,0.2287,0.0478,0.8938,0,0.8639
A6NI61,histidine,sorbitol,poloxamer 188,arginine,7.0,4,50.0,300.0,0.05,50.0,0.3064,0.3636,0.1104,0.7528,1,0.7537
A6NI61,histidine,sucrose,polysorbate 20,none,5.0,25,50.0,200.0,0.08,0.0,0.1067,0.418,0.0,0.837,0,0.814
A6NI61,histidine,mannitol,polysorbate 20,methionine,6.5,40,10.0,200.0,0.01,10.0,0.3748,0.3464,0.1234,0.6887,0,0.7045
A6NI61,citric acid,trehalose,poloxamer 188,methionine,7.0,25,50.0,100.0,0.03,10.0,0.2549,0.3373,0.1043,0.775,0,0.818
A6NI61,phosphoric acid,sucrose,poloxamer 188,none,5.5,4,10.0,100.0,0.05,0.0,0.2204,0.5456,0.1303,0.7277,0,0.7443
A6NI61,acetic acid,sucrose,polysorbate 20,glycine,7.4,40,50.0,200.0,0.01,125.0,0.2482,0.6241,0.3093,0.6261,1,0.6426
A6NI61,citric acid,trehalose,polysorbate 80,glycine,7.0,25,10.0,100.0,0.01,200.0,0.135,0.4899,0.1063,0.7618,1,0.7659
A6NI61,histidine,sorbitol,poloxamer 188,none,5.0,25,50.0,100.0,0.03,0.0,0.4409,0.4071,0.0095,0.7008,0,0.7156
A6NI61,histidine,trehalose,poloxamer 188,none,6.5,25,30.0,100.0,0.05,0.0,0.1863,0.4042,0.0146,0.8253,0,0.79
A6NI61,citric acid,sucrose,polysorbate 20,none,5.0,4,30.0,200.0,0.045,0.0,0.0808,0.5287,0.0,0.7853,0,0.7966
A6NI61,phosphoric acid,mannitol,poloxamer 188,none,5.5,40,50.0,200.0,0.03,0.0,0.4815,0.6042,0.1662,0.5608,0,0.6018
A6NI61,acetic acid,trehalose,polysorbate 80,proline,5.5,4,50.0,300.0,0.08,100.0,0.1399,0.4935,0.1063,0.7746,1,0.776
A6NI61,phosphoric acid,mannitol,polysorbate 80,proline,6.5,25,30.0,200.0,0.045,100.0,0.3071,0.5016,0.112,0.7134,0,0.7222
A6NI61,histidine,trehalose,poloxamer 188,none,5.0,25,10.0,300.0,0.01,0.0,0.2415,0.4321,0.012,0.7996,1,0.7784
A6NI61,phosphoric acid,sucrose,poloxamer 188,arginine,5.0,40,50.0,100.0,0.05,150.0,0.2479,0.6444,0.2243,0.6038,1,0.6307
A6NI61,acetic acid,trehalose,polysorbate 80,none,6.0,40,50.0,200.0,0.08,0.0,0.246,0.6256,0.2143,0.6273,0,0.6837
A6NI61,citric acid,mannitol,polysorbate 20,glycine,7.0,40,30.0,100.0,0.045,200.0,0.4359,0.6201,0.2292,0.5231,1,0.5788
A6NI61,histidine,sorbitol,polysorbate 20,none,5.0,40,10.0,300.0,0.08,0.0,0.4247,0.5119,0.0934,0.5948,1,0.6267
A6NI61,citric acid,trehalose,polysorbate 20,glycine,5.5,40,50.0,300.0,0.01,200.0,0.1969,0.6089,0.0822,0.6725,2,0.732
A6NI61,acetic acid,mannitol,polysorbate 80,glycine,6.5,4,10.0,200.0,0.045,50.0,0.2598,0.5467,0.1205,0.7286,0,0.6827
A6NI61,histidine,trehalose,poloxamer 188,proline,6.5,25,30.0,100.0,0.01,150.0,0.2794,0.3945,0.0281,0.7677,1,0.7725
A6NI61,phosphoric acid,sucrose,poloxamer 188,none,7.4,25,50.0,200.0,0.05,0.0,0.2018,0.4984,0.2223,0.7063,0,0.7123
A6NI61,citric acid,sorbitol,poloxamer 188,methionine,6.0,40,50.0,100.0,0.05,5.5,0.4627,0.4833,0.0857,0.6138,0,0.6567
A6NI61,acetic acid,trehalose,poloxamer 188,methionine,6.0,25,30.0,200.0,0.05,1.0,0.2162,0.3779,0.1155,0.7663,0,0.7453
A6NI61,citric acid,sorbitol,polysorbate 80,glycine,5.0,40,50.0,200.0,0.01,50.0,0.3282,0.6233,0.079,0.6178,0,0.6528
A6NI61,citric acid,trehalose,polysorbate 20,none,7.4,4,50.0,100.0,0.045,0.0,0.1741,0.5102,0.1037,0.7712,0,0.7529
A6NI61,phosphoric acid,sucrose,polysorbate 20,methionine,6.5,4,50.0,100.0,0.08,5.5,0.1632,0.3757,0.0796,0.8212,0,0.8104
A6NI61,histidine,trehalose,polysorbate 80,glycine,7.0,40,10.0,100.0,0.08,200.0,0.2232,0.5114,0.2095,0.6627,1,0.7011
A6NI61,histidine,trehalose,polysorbate 80,glycine,6.0,4,50.0,200.0,0.08,200.0,0.18,0.4379,0.0,0.8091,1,0.8232
A6NNB3,histidine,mannitol,polysorbate 80,glycine,6.5,40,30.0,200.0,0.01,50.0,0.3289,0.3036,0.1913,0.7096,0,0.725
A6NNB3,acetic acid,trehalose,poloxamer 188,glycine,7.0,40,50.0,200.0,0.01,200.0,0.2986,0.3847,0.3515,0.6378,1,0.6909
A6NNB3,phosphoric acid,sorbitol,poloxamer 188,none,5.0,4,30.0,200.0,0.01,0.0,0.2927,0.3125,0.161,0.729,0,0.7482
A6NNB3,histidine,sucrose,polysorbate 80,none,7.0,40,30.0,100.0,0.08,0.0,0.121,0.2943,0.2687,0.7477,0,0.7852
A6NNB3,histidine,trehalose,polysorbate 20,none,7.0,4,50.0,300.0,0.01,0.0,0.1093,0.1717,0.1298,0.9085,1,0.9051
A6NNB3,histidine,sorbitol,poloxamer 188,glycine,7.0,40,10.0,300.0,0.05,125.0,0.4007,0.302,0.2778,0.6287,2,0.656
A6NNB3,acetic acid,mannitol,polysorbate 80,none,6.5,4,30.0,200.0,0.045,0.0,0.2542,0.3155,0.1623,0.7536,0,0.7947
A6NNB3,histidine,sorbitol,polysorbate 80,proline,6.5,4,10.0,200.0,0.08,150.0,0.2014,0.1751,0.0579,0.8864,1,0.8666
A6NNB3,acetic acid,mannitol,polysorbate 80,arginine,7.4,40,10.0,300.0,0.08,50.0,0.2331,0.3911,0.3519,0.6802,1,0.6333
A6NNB3,histidine,sorbitol,poloxamer 188,glycine,7.4,25,30.0,200.0,0.01,50.0,0.3084,0.1866,0.128,0.8028,0,0.7782
A6NNB3,acetic acid,mannitol,polysorbate 20,none,6.5,40,30.0,300.0,0.045,0.0,0.3533,0.4133,0.2417,0.6333,1,0.6607
A6NNB3,acetic acid,trehalose,polysorbate 20,none,7.0,25,10.0,200.0,0.08,0.0,0.0537,0.2857,0.2358,0.823,0,0.8345
A6NNB3,acetic acid,mannitol,polysorbate 20,none,6.0,40,30.0,300.0,0.01,0.0,0.3195,0.3657,0.2689,0.6461,1,0.6869
A6NNB3,histidine,trehalose,polysorbate 20,glycine,5.0,4,50.0,200.0,0.045,200.0,0.0919,0.1811,0.0601,0.8865,1,0.8869
A6NNB3,histidine,trehalose,polysorbate 20,arginine,5.0,4,30.0,300.0,0.045,50.0,0.0,0.1669,0.0475,0.9095,1,0.9259
A6NNB3,histidine,mannitol,polysorbate 80,proline,5.0,40,10.0,300.0,0.045,100.0,0.2921,0.2767,0.1462,0.7197,1,0.7659
A6NNB3,phosphoric acid,sucrose,polysorbate 80,methionine,6.5,4,10.0,300.0,0.08,5.5,0.0769,0.1188,0.1269,0.8874,1,0.8858
A6NNB3,citric acid,sucrose,poloxamer 188,none,7.0,40,10.0,300.0,0.01,0.0,0.2401,0.3664,0.2251,0.6899,1,0.7301
A6NNB3,histidine,mannitol,polysorbate 80,arginine,5.5,4,30.0,200.0,0.045,150.0,0.1551,0.1707,0.0428,0.8597,1,0.8733
A6NNB3,acetic acid,sorbitol,poloxamer 188,glycine,7.0,4,50.0,300.0,0.01,50.0,0.2752,0.2933,0.2153,0.7517,1,0.7434
A6NNB3,phosphoric acid,mannitol,polysorbate 20,proline,5.5,40,10.0,200.0,0.045,150.0,0.3228,0.4357,0.258,0.6185,1,0.6609
A6NNB3,histidine,mannitol,polysorbate 80,methionine,7.0,4,50.0,100.0,0.08,5.5,0.1807,0.0302,0.1344,0.9101,0,0.8674
A6NNB3,phosphoric acid,sucrose,poloxamer 188,proline,7.0,40,30.0,300.0,0.03,100.0,0.2471,0.3691,0.3858,0.6568,1,0.7113
A6NNB3,acetic acid,trehalose,polysorbate 20,methionine,7.4,25,50.0,100.0,0.045,1.0,0.1084,0.1415,0.2584,0.8704,0,0.7981
A6NNB3,phosphoric acid,sucrose,polysorbate 20,glycine,7.4,40,10.0,200.0,0.045,125.0,0.1589,0.3987,0.35,0.6687,1,0.7108
A6NNB3,histidine,mannitol,polysorbate 80,proline,5.0,25,50.0,300.0,0.045,50.0,0.2518,0.2068,0.0498,0.8463,1,0.815
A6NNB3,citric acid,sorbitol,polysorbate 20,proline,5.5,40,30.0,100.0,0.08,150.0,0.2828,0.3633,0.1823,0.6859,1,0.7183
A6NNB3,citric acid,sorbitol,poloxamer 188,glycine,5.5,40,10.0,200.0,0.01,50.0,0.4083,0.4199,0.1835,0.6684,0,0.6525
A6NNB3,citric acid,trehalose,poloxamer 188,proline,5.5,4,10.0,100.0,0.05,150.0,0.1928,0.2515,0.0806,0.808,1,0.8276
A6NNB3,acetic acid,sucrose,poloxamer 188,arginine,6.5,25,50.0,200.0,0.03,150.0,0.0544,0.27,0.1343,0.8582,1,0.8462
A6NNB3,phosphoric acid,sorbitol,polysorbate 80,none,6.0,25,10.0,300.0,0.01,0.0,0.1842,0.2985,0.1289,0.8154,1,0.8225
A6NNB3,histidine,sorbitol,polysorbate 20,none,5.0,40,30.0,200.0,0.08,0.0,0.3019,0.2675,0.1464,0.7433,0,0.759
A6NNB3,citric acid,sorbitol,polysorbate 80,none,6.5,25,50.0,100.0,0.01,0.0,0.218,0.2915,0.029,0.8332,0,0.8248
A6NNB3,citric acid,sorbitol,poloxamer 188,arginine,6.0,25,50.0,200.0,0.01,150.0,0.2281,0.265,0.0333,0.8333,1,0.8439
A6NNB3,phosphoric acid,trehalose,polysorbate 20,methionine,7.0,25,30.0,100.0,0.045,5.5,0.0648,0.141,0.2093,0.8782,0,0.8684
A6NNB3,citric acid,sorbitol,poloxamer 188,proline,6.0,25,30.0,200.0,0.01,150.0,0.29,0.2631,0.0377,0.8034,1,0.79
A6NNB3,citric acid,trehalose,polysorbate 80,proline,5.5,40,30.0,200.0,0.01,50.0,0.1001,0.3394,0.1389,0.7895,0,0.7615
A6NNB3,citric acid,sorbitol,polysorbate 80,glycine,6.5,25,10.0,300.0,0.08,200.0,0.1856,0.2713,0.0788,0.8209,2,0.8284
A6NNB3,phosphoric acid,sorbitol,polysorbate 20,proline,7.0,40,10.0,200.0,0.01,150.0,0.3215,0.3392,0.3664,0.6507,1,0.6699
A6NNB3,citric acid,sucrose,polysorbate 80,proline,6.5,40,10.0,200.0,0.08,100.0,0.2851,0.3401,0.1855,0.6911,0,0.734
A6NNB3,phosphoric acid,mannitol,polysorbate 20,none,7.0,25,30.0,100.0,0.045,0.0,0.2326,0.2733,0.2396,0.7836,0,0.7227
A6NNB3,histidine,mannitol,poloxamer 188,none,5.5,40,50.0,300.0,0.05,0.0,0.4231,0.2735,0.1284,0.664,1,0.7353
A6NNB3,citric acid,mannitol,polysorbate 20,proline,7.4,40,30.0,300.0,0.045,50.0,0.2846,0.389,0.2364,0.6874,1,0.7123
A6NNB3,acetic acid,mannitol,polysorbate 20,glycine,5.5,40,30.0,200.0,0.08,200.0,0.3728,0.3783,0.2644,0.6365,1,0.684
A6NNB3,acetic acid,sucrose,polysorbate 80,glycine,6.0,4,30.0,200.0,0.08,125.0,0.0457,0.2967,0.1471,0.862,1,0.8504
A6NNB3,phosphoric acid,sorbitol,polysorbate 20,methionine,6.0,40,50.0,300.0,0.045,5.5,0.3082,0.2295,0.2553,0.7384,1,0.751
A6NNB3,citric acid,trehalose,polysorbate 80,glycine,7.4,4,50.0,200.0,0.08,200.0,0.0934,0.2727,0.1332,0.8733,1,0.8584
A6NNB3,histidine,trehalose,polysorbate 80,methionine,5.0,4,10.0,200.0,0.08,1.0,0.1115,0.0197,0.0464,0.9074,0,0.9277
A6NNB3,histidine,sorbitol,poloxamer 188,arginine,5.0,25,50.0,100.0,0.01,150.0,0.2839,0.1725,0.0638,0.8181,1,0.822
A6NNB3,acetic acid,mannitol,polysorbate 80,glycine,7.4,25,30.0,300.0,0.01,50.0,0.1662,0.2835,0.1912,0.8065,1,0.7585
A6NNB3,citric acid,sucrose,polysorbate 80,proline,6.0,25,30.0,300.0,0.045,150.0,0.0868,0.2974,0.0603,0.8944,2,0.839
A6NNB3,acetic acid,trehalose,poloxamer 188,none,5.5,40,50.0,200.0,0.05,0.0,0.3197,0.4005,0.2463,0.6754,0,0.656
A6NNB3,acetic acid,mannitol,polysorbate 20,methionine,7.0,4,10.0,200.0,0.045,5.5,0.1926,0.1196,0.2404,0.8179,0,0.8394
A6NNB3,acetic acid,mannitol,polysorbate 80,proline,5.0,4,50.0,100.0,0.045,100.0,0.2262,0.2889,0.1396,0.7585,0,0.7864
A6NNB3,acetic acid,sucrose,poloxamer 188,methionine,6.5,25,10.0,200.0,0.03,10.0,0.1099,0.1304,0.1236,0.9319,0,0.898
A6NNB3,citric acid,sucrose,poloxamer 188,proline,5.5,25,50.0,200.0,0.03,50.0,0.1705,0.3071,0.0341,0.8437,0,0.8335
A6NNB3,citric acid,sorbitol,polysorbate 20,glycine,6.0,4,30.0,300.0,0.01,200.0,0.2085,0.3073,0.0657,0.817,2,0.7716
A6NNB3,phosphoric acid,mannitol,poloxamer 188,none,6.0,25,10.0,100.0,0.01,0.0,0.3052,0.2794,0.1529,0.7409,0,0.7965
A6NNB3,citric acid,mannitol,polysorbate 80,methionine,7.0,25,30.0,300.0,0.08,5.5,0.2461,0.1439,0.1525,0.8237,1,0.7936
A6NNB3,citric acid,mannitol,polysorbate 80,glycine,5.0,40,10.0,100.0,0.01,125.0,0.3363,0.387,0.1262,0.6808,1,0.7084
A6QL63,phosphoric acid,trehalose,poloxamer 188,methionine,7.4,4,10.0,100.0,0.01,1.0,0.1527,0.1919,0.3591,0.8473,0,0.7847
A6QL63,acetic acid,trehalose,polysorbate 20,methionine,6.0,25,30.0,200.0,0.08,1.0,0.2443,0.2188,0.2364,0.811,0,0.7563
A6QL63,phosphoric acid,sucrose,polysorbate 80,arginine,6.0,25,10.0,300.0,0.045,50.0,0.1849,0.3856,0.2417,0.7341,1,0.7262
A6QL63,citric acid,mannitol,polysorbate 20,arginine,5.0,40,10.0,200.0,0.045,50.0,0.2944,0.4287,0.2108,0.6524,0,0.7014
A6QL63,histidine,trehalose,polysorbate 20,arginine,7.0,40,10.0,200.0,0.045,150.0,0.2582,0.3498,0.3592,0.693,1,0.6466
A6QL63,phosphoric acid,mannitol,polysorbate 80,arginine,7.4,40,50.0,100.0,0.045,100.0,0.2683,0.4629,0.4764,0.5983,0,0.6116
A6QL63,phosphoric acid,trehalose,polysorbate 20,arginine,7.4,4,10.0,100.0,0.08,100.0,0.0,0.3459,0.3765,0.8013,0,0.7845
A6QL63,phosphoric acid,sucrose,polysorbate 80,proline,7.0,4,30.0,100.0,0.01,50.0,0.2323,0.3522,0.3708,0.708,0,0.6861
A6QL63,acetic acid,trehalose,polysorbate 20,arginine,5.5,4,30.0,100.0,0.08,150.0,0.0894,0.3622,0.2557,0.8089,1,0.7932
A6QL63,phosphoric acid,sucrose,polysorbate 80,proline,7.4,4,50.0,300.0,0.01,50.0,0.0151,0.3822,0.3607,0.8157,1,0.795
A6QL63,acetic acid,trehalose,polysorbate 20,none,7.4,25,30.0,300.0,0.01,0.0,0.0355,0.3449,0.3616,0.7943,1,0.8086
A6QL63,histidine,sorbitol,polysorbate 20,glycine,6.0,4,30.0,300.0,0.045,200.0,0.392,0.248,0.1715,0.7105,2,0.7094
A6QL63,phosphoric acid,sorbitol,polysorbate 80,none,5.5,40,30.0,200.0,0.08,0.0,0.3939,0.4524,0.3655,0.573,0,0.5668
A6QL63,acetic acid,mannitol,poloxamer 188,none,5.5,4,50.0,100.0,0.03,0.0,0.4107,0.3942,0.2678,0.6684,0,0.651
A6QL63,phosphoric acid,mannitol,poloxamer 188,proline,6.5,4,50.0,300.0,0.03,150.0,0.5474,0.3931,0.2714,0.6414,2,0.567
A6QL63,citric acid,sucrose,poloxamer 188,proline,7.0,4,30.0,300.0,0.01,150.0,0.3401,0.3746,0.2785,0.7006,2,0.6631
A6QL63,acetic acid,trehalose,poloxamer 188,methionine,7.0,4,50.0,200.0,0.03,5.5,0.3382,0.2119,0.3281,0.7132,0,0.699
A6QL63,phosphoric acid,sucrose,polysorbate 80,none,7.4,4,10.0,100.0,0.01,0.0,0.1193,0.3579,0.3918,0.7275,0,0.7303
A6QL63,histidine,trehalose,polysorbate 80,methionine,5.5,4,10.0,300.0,0.08,5.5,0.0632,0.1243,0.1655,0.9127,1,0.8705
A6QL63,acetic acid,mannitol,polysorbate 80,proline,5.5,40,50.0,100.0,0.01,50.0,0.4394,0.4799,0.3791,0.5519,0,0.5781
A6QL63,acetic acid,sucrose,polysorbate 20,arginine,6.0,40,50.0,200.0,0.045,150.0,0.2832,0.4762,0.4004,0.6352,1,0.6092
A6QL63,histidine,mannitol,poloxamer 188,arginine,7.4,4,30.0,100.0,0.01,150.0,0.2908,0.2332,0.2788,0.767,1,0.6927
A6QL63,histidine,sucrose,poloxamer 188,glycine,7.0,25,10.0,100.0,0.05,200.0,0.284,0.2534,0.2614,0.7339,1,0.7397
A6QL63,citric acid,trehalose,poloxamer 188,none,6.5,40,10.0,300.0,0.05,0.0,0.5431,0.4552,0.2523,0.5667,1,0.6036
A6QL63,phosphoric acid,sorbitol,poloxamer 188,methionine,5.0,4,10.0,300.0,0.03,10.0,0.3121,0.1968,0.2772,0.7535,1,0.7302
A6QL63,phosphoric acid,trehalose,poloxamer 188,none,6.5,25,30.0,300.0,0.03,0.0,0.4577,0.3209,0.2938,0.6634,1,0.6243
A6QL63,phosphoric acid,sorbitol,poloxamer 188,methionine,7.4,25,50.0,100.0,0.05,10.0,0.3573,0.2083,0.3328,0.7579,0,0.6956
A6QL63,citric acid,sorbitol,poloxamer 188,proline,6.0,25,30.0,200.0,0.01,150.0,0.5477,0.3781,0.147,0.6476,1,0.6181
A6QL63,histidine,mannitol,poloxamer 188,arginine,7.0,4,30.0,100.0,0.03,50.0,0.4143,0.2165,0.2654,0.7042,0,0.6984
A6QL63,citric acid,mannitol,polysorbate 80,proline,7.0,40,50.0,300.0,0.08,50.0,0.4496,0.4449,0.3531,0.5638,1,0.5628
A6QL63,histidine,sucrose,polysorbate 20,proline,5.5,4,30.0,200.0,0.08,50.0,0.1597,0.2517,0.1093,0.8313,0,0.8071
A6QL63,citric acid,mannitol,polysorbate 20,arginine,7.0,25,50.0,100.0,0.08,50.0,0.2399,0.3343,0.2696,0.7764,0,0.7291
A6QL63,phosphoric acid,sorbitol,polysorbate 80,methionine,7.4,40,50.0,100.0,0.08,10.0,0.3418,0.3182,0.4582,0.6123,0,0.6073
A6QL63,phosphoric acid,sucrose,poloxamer 188,none,6.5,4,10.0,200.0,0.03,0.0,0.3996,0.3513,0.2706,0.6787,0,0.6453
A6QL63,acetic acid,sorbitol,polysorbate 80,glycine,7.4,40,50.0,100.0,0.08,200.0,0.3316,0.4712,0.4411,0.6033,1,0.5736
A6QL63,acetic acid,sucrose,polysorbate 20,none,5.0,25,50.0,300.0,0.01,0.0,0.0541,0.3297,0.2574,0.8475,1,0.8126
A6QL63,phosphoric acid,trehalose,polysorbate 80,arginine,7.4,40,30.0,200.0,0.08,150.0,0.1426,0.4695,0.4453,0.6564,1,0.6529
A6QL63,histidine,trehalose,polysorbate 20,proline,6.5,4,10.0,200.0,0.01,100.0,0.3921,0.2351,0.1853,0.7534,0,0.7536
A6QL63,histidine,sorbitol,polysorbate 20,arginine,6.5,40,30.0,300.0,0.01,50.0,0.4932,0.3733,0.313,0.5658,1,0.5661
A6QL63,acetic acid,trehalose,polysorbate 20,methionine,7.4,40,10.0,300.0,0.08,10.0,0.1202,0.3233,0.4297,0.7115,1,0.7347
A6QL63,citric acid,trehalose,polysorbate 80,proline,6.5,25,50.0,300.0,0.01,50.0,0.3411,0.3676,0.1718,0.7445,1,0.6827
A6QL63,acetic acid,sorbitol,polysorbate 20,proline,5.5,25,30.0,300.0,0.08,50.0,0.2474,0.3436,0.284,0.7592,1,0.7218
A6QL63,phosphoric acid,trehalose,polysorbate 20,none,6.5,40,10.0,200.0,0.01,0.0,0.4877,0.4355,0.4007,0.5746,0,0.5688
A6QL63,citric acid,trehalose,poloxamer 188,proline,5.5,40,10.0,100.0,0.05,50.0,0.4045,0.4259,0.2569,0.5943,0,0.6478
A6QL63,citric acid,trehalose,polysorbate 20,arginine,6.0,40,10.0,200.0,0.045,100.0,0.2729,0.4742,0.2948,0.6535,0,0.6658
A6QL63,histidine,mannitol,polysorbate 80,none,5.5,4,50.0,300.0,0.045,0.0,0.2381,0.2421,0.1924,0.8092,1,0.7736
A6QL63,acetic acid,trehalose,poloxamer 188,arginine,6.5,40,50.0,300.0,0.01,100.0,0.443,0.4185,0.346,0.6163,1,0.5678
A6QL63,citric acid,sucrose,polysorbate 20,glycine,7.4,40,30.0,100.0,0.045,200.0,0.2156,0.4792,0.3423,0.6552,1,0.686
A6QL63,histidine,sucrose,polysorbate 20,proline,7.4,40,30.0,100.0,0.01,100.0,0.2103,0.4164,0.334,0.6953,0,0.6873
A6QL63,acetic acid,trehalose,polysorbate 20,none,7.4,4,30.0,200.0,0.08,0.0,0.1165,0.3679,0.3527,0.7771,0,0.7001
A6QL63,histidine,trehalose,polysorbate 80,none,6.5,40,50.0,100.0,0.01,0.0,0.487,0.365,0.2802,0.6108,0,0.619
A6QL63,citric acid,mannitol,polysorbate 20,methionine,6.5,40,10.0,100.0,0.045,10.0,0.6233,0.2914,0.2531,0.5864,0,0.616
A6QL63,phosphoric acid,mannitol,poloxamer 188,proline,5.5,40,30.0,100.0,0.05,100.0,0.4939,0.46,0.3493,0.568,0,0.573
A6QL63,acetic acid,sucrose,poloxamer 188,proline,5.5,4,30.0,200.0,0.05,50.0,0.2926,0.3415,0.2598,0.7332,0,0.7155
A6QL63,histidine,sorbitol,poloxamer 188,none,7.4,40,10.0,200.0,0.01,0.0,0.4368,0.3416,0.385,0.6102,0,0.589
A6QL63,citric acid,sorbitol,polysorbate 20,none,6.0,25,50.0,100.0,0.01,0.0,0.4917,0.3825,0.1701,0.6561,0,0.6486
A6QL63,citric acid,trehalose,polysorbate 80,proline,7.4,40,50.0,100.0,0.045,50.0,0.1841,0.4597,0.3243,0.6911,0,0.6599
A6QL63,citric acid,mannitol,polysorbate 80,none,7.0,40,10.0,100.0,0.045,0.0,0.514,0.4525,0.3632,0.5235,0,0.544
A6QL63,citric acid,sucrose,polysorbate 20,methionine,6.5,25,30.0,300.0,0.08,10.0,0.3781,0.1593,0.1929,0.7691,1,0.719
A6QL63,phosphoric acid,trehalose,polysorbate 80,arginine,5.5,4,10.0,300.0,0.08,100.0,0.0055,0.3926,0.2485,0.8073,1,0.8282
B6A8C7,citric acid,trehalose,polysorbate 80,arginine,6.0,4,50.0,200.0,0.01,150.0,0.015,0.2584,0.1757,0.8608,1,0.8858
B6A8C7,acetic acid,mannitol,polysorbate 80,methionine,6.5,25,10.0,100.0,0.01,1.0,0.2834,0.1378,0.2786,0.8248,0,0.7617
B6A8C7,histidine,sorbitol,polysorbate 80,proline,6.5,4,50.0,300.0,0.01,50.0,0.1828,0.1861,0.2131,0.8081,1,0.7999
B6A8C7,histidine,trehalose,polysorbate 20,none,6.5,40,30.0,200.0,0.01,0.0,0.1974,0.276,0.2518,0.7603,0,0.8091
B6A8C7,acetic acid,sorbitol,polysorbate 80,none,7.4,25,50.0,200.0,0.045,0.0,0.2408,0.259,0.3404,0.7631,0,0.7459
B6A8C7,histidine,sucrose,polysorbate 20,methionine,5.0,4,50.0,300.0,0.045,10.0,0.0825,0.0271,0.1596,0.9051,1,0.9277
B6A8C7,histidine,sorbitol,poloxamer 188,arginine,5.5,25,30.0,200.0,0.03,100.0,0.2823,0.1462,0.2032,0.8141,0,0.8102
B6A8C7,acetic acid,trehalose,polysorbate 20,proline,7.0,4,50.0,300.0,0.01,100.0,0.028,0.2498,0.3684,0.8502,1,0.8393
B6A8C7,acetic acid,sucrose,poloxamer 188,none,5.0,4,50.0,300.0,0.05,0.0,0.1894,0.2723,0.2509,0.817,1,0.748
B6A8C7,citric acid,sorbitol,polysorbate 20,proline,6.5,4,10.0,200.0,0.08,150.0,0.2837,0.2714,0.2032,0.778,1,0.7414
B6A8C7,citric acid,sorbitol,polysorbate 80,proline,6.0,40,50.0,300.0,0.01,150.0,0.3026,0.3703,0.28,0.6634,2,0.672
B6A8C7,histidine,sucrose,polysorbate 80,methionine,7.4,25,10.0,300.0,0.08,5.5,0.0633,0.0287,0.2288,0.9295,1,0.8778
B6A8C7,citric acid,sorbitol,poloxamer 188,methionine,5.0,4,30.0,300.0,0.05,1.0,0.2836,0.0934,0.1355,0.8043,1,0.8037
B6A8C7,citric acid,trehalose,polysorbate 80,arginine,6.5,25,30.0,300.0,0.045,100.0,0.0468,0.2666,0.175,0.8743,1,0.8514
B6A8C7,citric acid,sucrose,polysorbate 80,glycine,5.0,40,30.0,100.0,0.045,125.0,0.1992,0.3532,0.3004,0.7404,1,0.6906
B6A8C7,acetic acid,sucrose,poloxamer 188,methionine,5.5,4,50.0,300.0,0.03,5.5,0.1375,0.1215,0.2521,0.8682,1,0.8183
B6A8C7,acetic acid,sorbitol,polysorbate 80,none,7.0,4,10.0,300.0,0.045,0.0,0.2832,0.3009,0.3757,0.7419,1,0.7059
B6A8C7,citric acid,sucrose,polysorbate 80,glycine,5.0,40,30.0,100.0,0.01,50.0,0.1846,0.3608,0.273,0.7305,0,0.7388
B6A8C7,phosphoric acid,mannitol,polysorbate 80,arginine,5.0,25,10.0,100.0,0.08,100.0,0.1242,0.2611,0.2699,0.8165,0,0.8305
B6A8C7,citric acid,sorbitol,poloxamer 188,none,6.0,4,10.0,200.0,0.03,0.0,0.2933,0.2872,0.2012,0.8017,0,0.7281
B6A8C7,phosphoric acid,sorbitol,polysorbate 80,methionine,7.0,4,30.0,200.0,0.01,1.0,0.2496,0.1385,0.3753,0.7816,0,0.7547
B6A8C7,phosphoric acid,mannitol,poloxamer 188,methionine,7.0,4,50.0,100.0,0.05,1.0,0.2756,0.1408,0.3739,0.7683,0,0.7763
B6A8C7,histidine,sucrose,polysorbate 20,none,7.4,25,30.0,300.0,0.045,0.0,0.048,0.1691,0.3112,0.8512,1,0.8257
B6A8C7,phosphoric acid,mannitol,polysorbate 80,none,7.0,25,50.0,300.0,0.08,0.0,0.2138,0.2939,0.3756,0.7253,1,0.703
B6A8C7,acetic acid,sorbitol,polysorbate 80,none,5.5,40,30.0,100.0,0.01,0.0,0.3333,0.3756,0.3799,0.6364,0,0.6045
B6A8C7,histidine,sucrose,polysorbate 20,arginine,7.4,4,50.0,200.0,0.045,50.0,0.0368,0.1822,0.2991,0.8797,0,0.8629
B6A8C7,phosphoric acid,mannitol,poloxamer 188,glycine,5.0,40,10.0,300.0,0.03,125.0,0.4322,0.404,0.3818,0.5776,2,0.6368
B6A8C7,histidine,mannitol,polysorbate 20,none,7.0,25,10.0,100.0,0.08,0.0,0.2782,0.1886,0.2459,0.7572,0,0.7642
B6A8C7,phosphoric acid,mannitol,polysorbate 20,none,7.0,4,10.0,100.0,0.045,0.0,0.2559,0.2648,0.3742,0.7751,0,0.7198
B6A8C7,phosphoric acid,sorbitol,polysorbate 20,arginine,7.4,4,30.0,100.0,0.08,100.0,0.1373,0.2749,0.3553,0.7838,0,0.7477
B6A8C7,phosphoric acid,sorbitol,polysorbate 20,arginine,7.0,25,50.0,300.0,0.08,100.0,0.1239,0.252,0.3688,0.7899,1,0.7056
B6A8C7,histidine,trehalose,poloxamer 188,proline,6.0,4,10.0,200.0,0.01,100.0,0.2465,0.1989,0.1639,0.8093,0,0.7691
B6A8C7,acetic acid,trehalose,poloxamer 188,none,6.5,4,50.0,100.0,0.03,0.0,0.2524,0.3151,0.2745,0.7701,0,0.7257
B6A8C7,phosphoric acid,sucrose,polysorbate 20,methionine,5.0,25,10.0,200.0,0.045,5.5,0.0448,0.1189,0.274,0.8825,0,0.8598
B6A8C7,citric acid,mannitol,polysorbate 80,arginine,6.0,4,10.0,100.0,0.045,150.0,0.1688,0.2755,0.1724,0.7941,1,0.7837
B6A8C7,histidine,sorbitol,poloxamer 188,glycine,5.5,25,30.0,300.0,0.05,125.0,0.2797,0.1967,0.1293,0.8263,2,0.8181
B6A8C7,phosphoric acid,trehalose,polysorbate 80,none,7.4,4,10.0,300.0,0.01,0.0,0.0592,0.2251,0.3642,0.8347,1,0.7794
B6A8C7,acetic acid,sorbitol,poloxamer 188,none,5.0,4,30.0,100.0,0.05,0.0,0.3361,0.3077,0.2847,0.6978,0,0.6559
B6A8C7,histidine,mannitol,polysorbate 20,arginine,5.0,40,50.0,300.0,0.045,50.0,0.2284,0.2729,0.2813,0.7098,1,0.7526
B6A8C7,phosphoric acid,trehalose,polysorbate 20,glycine,5.5,25,30.0,300.0,0.045,125.0,0.1263,0.2934,0.2704,0.8037,2,0.7732
B6A8C7,histidine,mannitol,polysorbate 80,glycine,6.0,4,10.0,300.0,0.08,200.0,0.2536,0.1646,0.1723,0.8157,2,0.7874
B6A8C7,histidine,trehalose,poloxamer 188,proline,7.0,25,30.0,100.0,0.05,100.0,0.1604,0.1836,0.2702,0.8367,0,0.789
B6A8C7,citric acid,trehalose,polysorbate 80,proline,7.0,25,50.0,200.0,0.01,50.0,0.1215,0.2596,0.3056,0.7774,0,0.7905
B6A8C7,histidine,sorbitol,poloxamer 188,arginine,5.0,25,10.0,100.0,0.03,100.0,0.2858,0.1612,0.1799,0.8269,0,0.739
B6A8C7,citric acid,sorbitol,poloxamer 188,proline,6.0,25,10.0,300.0,0.05,150.0,0.3333,0.2273,0.1521,0.8007,2,0.7412
B6A8C7,histidine,sorbitol,poloxamer 188,glycine,5.0,40,30.0,100.0,0.03,125.0,0.4163,0.2732,0.3128,0.6023,1,0.6367
B6A8C7,acetic acid,sorbitol,polysorbate 80,glycine,5.5,40,30.0,200.0,0.045,50.0,0.3798,0.4143,0.3693,0.5751,0,0.6549
B6A8C7,phosphoric acid,mannitol,polysorbate 20,methionine,5.0,4,30.0,100.0,0.045,5.5,0.2994,0.1407,0.2552,0.786,0,0.7583
B6A8C7,acetic acid,trehalose,polysorbate 20,proline,7.0,40,10.0,300.0,0.01,100.0,0.1781,0.4061,0.489,0.6376,1,0.6877
B6A8C7,histidine,mannitol,poloxamer 188,arginine,6.0,40,30.0,200.0,0.05,100.0,0.3643,0.2909,0.3007,0.6346,0,0.6761
B6A8C7,citric acid,trehalose,poloxamer 188,glycine,6.5,25,10.0,200.0,0.01,200.0,0.1689,0.2458,0.1783,0.8733,1,0.7684
B6A8C7,acetic acid,sorbitol,poloxamer 188,proline,7.0,40,10.0,100.0,0.05,150.0,0.4506,0.3899,0.4739,0.5558,1,0.5346
B6A8C7,histidine,sorbitol,polysorbate 80,none,7.0,25,30.0,300.0,0.01,0.0,0.2252,0.162,0.2276,0.8397,1,0.8122
B6A8C7,acetic acid,trehalose,polysorbate 20,methionine,5.0,40,10.0,300.0,0.08,5.5,0.1698,0.2317,0.3929,0.7385,1,0.7628
B6A8C7,phosphoric acid,sorbitol,poloxamer 188,arginine,5.0,4,10.0,300.0,0.05,50.0,0.2293,0.3034,0.2778,0.7656,1,0.7085
B6A8C7,citric acid,trehalose,polysorbate 20,none,6.0,25,50.0,300.0,0.045,0.0,0.0768,0.2605,0.1586,0.8431,1,0.8222
B6A8C7,citric acid,trehalose,poloxamer 188,proline,6.0,40,50.0,200.0,0.03,150.0,0.3486,0.4037,0.3098,0.603,1,0.6479
B6A8C7,phosphoric acid,sucrose,poloxamer 188,arginine,7.0,40,30.0,100.0,0.03,50.0,0.1828,0.3632,0.453,0.7021,0,0.6741
B6A8C7,phosphoric acid,sucrose,polysorbate 80,none,6.0,4,30.0,100.0,0.01,0.0,0.1336,0.2892,0.3175,0.7667,0,0.7897
B6A8C7,acetic acid,sorbitol,poloxamer 188,proline,7.4,25,30.0,200.0,0.03,150.0,0.3693,0.2577,0.3915,0.7034,1,0.653
B7U540,citric acid,trehalose,polysorbate 20,glycine,5.5,40,30.0,200.0,0.045,50.0,0.3894,0.472,0.3065,0.5913,0,0.6263
B7U540,phosphoric acid,trehalose,polysorbate 80,arginine,5.0,40,10.0,100.0,0.08,100.0,0.1771,0.4708,0.3872,0.6335,0,0.6635
B7U540,acetic acid,trehalose,polysorbate 80,glycine,7.4,25,30.0,300.0,0.08,125.0,0.0765,0.3886,0.362,0.7884,2,0.7581
B7U540,citric acid,sorbitol,poloxamer 188,methionine,7.0,25,30.0,200.0,0.01,1.0,0.3642,0.2167,0.2599,0.7613,0,0.7293
B7U540,acetic acid,sucrose,poloxamer 188,methionine,7.4,4,50.0,300.0,0.03,5.5,0.1343,0.2434,0.326,0.809,1,0.8134
B7U540,phosphoric acid,sucrose,polysorbate 80,none,6.5,40,30.0,100.0,0.08,0.0,0.2583,0.4697,0.3808,0.5987,0,0.6288
B7U540,acetic acid,sucrose,polysorbate 80,none,6.0,25,50.0,100.0,0.08,0.0,0.3547,0.3737,0.2608,0.7087,0,0.6762
B7U540,histidine,trehalose,polysorbate 20,arginine,7.4,40,50.0,300.0,0.045,150.0,0.1035,0.3796,0.373,0.7177,2,0.742
B7U540,histidine,mannitol,poloxamer 188,arginine,6.5,25,50.0,200.0,0.05,150.0,0.3252,0.2827,0.1458,0.7552,1,0.7252
B7U540,phosphoric acid,sorbitol,polysorbate 20,proline,6.0,4,10.0,300.0,0.08,150.0,0.42,0.3916,0.2698,0.6762,2,0.625
B7U540,phosphoric acid,mannitol,polysorbate 80,methionine,7.0,4,50.0,100.0,0.08,5.5,0.271,0.2474,0.3744,0.726,0,0.708
B7U540,histidine,mannitol,polysorbate 20,arginine,5.5,40,10.0,200.0,0.045,50.0,0.495,0.3865,0.2238,0.5945,0,0.6631
B7U540,phosphoric acid,mannitol,polysorbate 20,arginine,7.4,4,50.0,100.0,0.08,150.0,0.168,0.3718,0.373,0.7529,1,0.7332
B7U540,citric acid,sorbitol,polysorbate 20,glycine,6.0,40,10.0,200.0,0.01,200.0,0.5324,0.501,0.2774,0.5284,1,0.5603
B7U540,histidine,mannitol,polysorbate 80,glycine,7.0,4,30.0,200.0,0.045,50.0,0.273,0.3038,0.2427,0.7675,0,0.7256
B7U540,acetic acid,trehalose,polysorbate 80,none,7.4,25,10.0,300.0,0.045,0.0,0.0776,0.3878,0.3625,0.8039,1,0.7422
B7U540,histidine,sucrose,polysorbate 80,methionine,6.5,25,30.0,200.0,0.08,10.0,0.1365,0.1285,0.1691,0.8976,0,0.8682
B7U540,citric acid,sorbitol,poloxamer 188,methionine,6.5,25,10.0,300.0,0.03,1.0,0.3779,0.2861,0.1708,0.7543,1,0.7087
B7U540,phosphoric acid,sorbitol,polysorbate 20,proline,7.0,40,10.0,100.0,0.08,150.0,0.3748,0.5032,0.4899,0.5723,1,0.5696
B7U540,phosphoric acid,sorbitol,poloxamer 188,proline,6.0,25,30.0,100.0,0.03,150.0,0.5773,0.3749,0.2722,0.6208,1,0.5705
B7U540,acetic acid,sorbitol,poloxamer 188,glycine,7.4,40,50.0,100.0,0.05,125.0,0.4907,0.5154,0.4472,0.4929,1,0.5121
B7U540,citric acid,mannitol,poloxamer 188,arginine,7.4,4,10.0,100.0,0.03,50.0,0.288,0.3759,0.2926,0.722,0,0.685
B7U540,histidine,sorbitol,polysorbate 20,glycine,7.4,25,30.0,100.0,0.01,50.0,0.2157,0.2601,0.2712,0.7388,0,0.7746
B7U540,histidine,sucrose,poloxamer 188,glycine,7.0,40,10.0,300.0,0.01,50.0,0.2707,0.4512,0.4117,0.6204,1,0.6307
B7U540,citric acid,sorbitol,poloxamer 188,none,5.5,4,50.0,100.0,0.03,0.0,0.6106,0.4204,0.1328,0.5673,0,0.5773
B7U540,phosphoric acid,sorbitol,poloxamer 188,arginine,7.4,25,30.0,200.0,0.05,150.0,0.2796,0.3963,0.3869,0.6679,1,0.6069
B7U540,phosphoric acid,mannitol,polysorbate 80,arginine,6.0,4,30.0,200.0,0.045,50.0,0.4159,0.3698,0.2252,0.6806,0,0.671
B7U540,phosphoric acid,mannitol,polysorbate 80,methionine,5.0,25,10.0,300.0,0.045,1.0,0.2938,0.2272,0.2624,0.7544,1,0.7086
B7U540,acetic acid,sucrose,polysorbate 80,none,6.5,4,50.0,300.0,0.01,0.0,0.132,0.3968,0.272,0.7771,1,0.7267
B7U540,acetic acid,mannitol,polysorbate 80,arginine,5.0,4,50.0,300.0,0.045,100.0,0.212,0.3428,0.2691,0.7871,1,0.7021
B7U540,histidine,sorbitol,polysorbate 80,arginine,5.0,40,30.0,200.0,0.01,150.0,0.3165,0.393,0.2906,0.6384,1,0.6545
B7U540,phosphoric acid,sorbitol,poloxamer 188,arginine,7.0,40,30.0,200.0,0.03,100.0,0.303,0.4884,0.5064,0.5865,0,0.5799
B7U540,histidine,trehalose,polysorbate 80,methionine,7.4,25,10.0,300.0,0.08,5.5,0.0851,0.1362,0.2493,0.8917,1,0.8548
B7U540,phosphoric acid,mannitol,polysorbate 20,arginine,7.4,40,10.0,200.0,0.08,100.0,0.2626,0.4669,0.4916,0.6199,0,0.5963
B7U540,histidine,sorbitol,polysorbate 20,glycine,5.5,40,10.0,200.0,0.08,50.0,0.5942,0.3764,0.2499,0.5342,0,0.539
B7U540,phosphoric acid,sorbitol,polysorbate 80,proline,6.5,4,50.0,200.0,0.08,50.0,0.3343,0.3498,0.241,0.6717,0,0.6874
B7U540,citric acid,sucrose,polysorbate 80,arginine,7.4,40,10.0,200.0,0.045,50.0,0.1076,0.4798,0.3447,0.6706,0,0.7189
B7U540,phosphoric acid,sorbitol,poloxamer 188,methionine,5.0,4,30.0,100.0,0.03,10.0,0.4143,0.2427,0.2478,0.7155,0,0.7132
B7U540,histidine,sorbitol,polysorbate 80,glycine,7.4,40,50.0,200.0,0.08,200.0,0.3597,0.3781,0.3707,0.6137,1,0.6316
B7U540,citric acid,trehalose,polysorbate 80,arginine,7.4,4,30.0,300.0,0.01,100.0,0.0,0.3831,0.2698,0.8112,1,0.7838
B7U540,histidine,trehalose,poloxamer 188,glycine,5.0,4,50.0,100.0,0.03,50.0,0.2391,0.2544,0.1412,0.803,0,0.7678
B7U540,acetic acid,trehalose,poloxamer 188,arginine,5.0,4,30.0,300.0,0.05,50.0,0.1829,0.3871,0.2262,0.7786,1,0.7591
B7U540,histidine,trehalose,polysorbate 20,proline,7.4,40,30.0,200.0,0.01,150.0,0.1623,0.3948,0.3484,0.6989,1,0.6868
B7U540,citric acid,mannitol,polysorbate 80,arginine,7.0,4,30.0,100.0,0.01,100.0,0.125,0.3787,0.2631,0.7758,0,0.7338
B7U540,citric acid,sorbitol,polysorbate 80,proline,7.0,4,30.0,100.0,0.08,50.0,0.2468,0.3918,0.2647,0.7345,0,0.691
B7U540,citric acid,sucrose,poloxamer 188,none,6.5,4,10.0,200.0,0.01,0.0,0.3053,0.3629,0.1753,0.7576,0,0.7261
B7U540,histidine,sucrose,polysorbate 80,arginine,7.4,40,50.0,200.0,0.045,150.0,0.106,0.3758,0.3863,0.6891,1,0.7096
B7U540,acetic acid,trehalose,polysorbate 80,glycine,7.4,25,50.0,200.0,0.045,50.0,0.0802,0.4111,0.3731,0.7506,0,0.7264
B7U540,citric acid,sucrose,poloxamer 188,glycine,7.4,25,50.0,100.0,0.05,125.0,0.1904,0.3722,0.2851,0.7277,1,0.7588
B7U540,phosphoric acid,sorbitol,polysorbate 80,none,5.5,4,10.0,300.0,0.01,0.0,0.4723,0.4082,0.2563,0.6344,1,0.5831
B7U540,phosphoric acid,trehalose,polysorbate 20,glycine,6.0,4,10.0,100.0,0.01,200.0,0.321,0.3963,0.2915,0.6723,1,0.658
B7U540,acetic acid,sorbitol,polysorbate 80,glycine,7.4,4,10.0,300.0,0.045,125.0,0.2209,0.3585,0.3774,0.7141,2,0.687
B7U540,citric acid,sorbitol,polysorbate 20,proline,7.0,25,10.0,100.0,0.08,50.0,0.2452,0.3706,0.2654,0.7333,0,0.7037
B7U540,citric acid,trehalose,polysorbate 80,methionine,7.0,4,10.0,100.0,0.08,5.5,0.0869,0.2428,0.2986,0.8355,0,0.8227
B7U540,phosphoric acid,sorbitol,polysorbate 80,proline,5.5,4,30.0,100.0,0.01,50.0,0.4391,0.3895,0.2436,0.6293,0,0.6196
B7U540,acetic acid,trehalose,polysorbate 20,glycine,5.0,25,50.0,200.0,0.01,125.0,0.1999,0.4054,0.2704,0.7137,1,0.7134
B7U540,citric acid,trehalose,poloxamer 188,methionine,5.5,25,30.0,100.0,0.03,10.0,0.4398,0.2399,0.1287,0.7086,0,0.7122
B7U540,citric acid,mannitol,polysorbate 20,glycine,6.0,4,10.0,300.0,0.08,50.0,0.4695,0.3425,0.1623,0.6798,1,0.6777
B7U540,phosphoric acid,trehalose,polysorbate 80,methionine,6.5,25,10.0,200.0,0.01,5.5,0.1909,0.248,0.2496,0.7612,0,0.7665
B7U540,citric acid,trehalose,poloxamer 188,none,5.5,4,30.0,300.0,0.03,0.0,0.4275,0.4142,0.1798,0.6774,1,0.6584
O15520,citric acid,sorbitol,polysorbate 20,proline,5.0,40,30.0,300.0,0.01,50.0,0.29,0.5147,0.5641,0.5479,1,0.5926
O15520,phosphoric acid,sorbitol,poloxamer 188,glycine,7.0,4,50.0,100.0,0.03,50.0,0.3304,0.4438,0.6026,0.6259,0,0.5392
O15520,histidine,sorbitol,poloxamer 188,none,5.0,25,50.0,200.0,0.03,0.0,0.2809,0.3217,0.451,0.684,0,0.6259
O15520,histidine,sorbitol,polysorbate 20,glycine,5.0,40,10.0,300.0,0.08,125.0,0.304,0.4156,0.5417,0.6144,2,0.59
O15520,citric acid,trehalose,polysorbate 20,proline,5.5,40,10.0,100.0,0.045,150.0,0.2457,0.5218,0.5238,0.5582,1,0.5828
O15520,phosphoric acid,trehalose,poloxamer 188,methionine,7.0,40,50.0,100.0,0.03,5.5,0.28,0.3865,0.74,0.5505,0,0.5535
O15520,citric acid,sorbitol,polysorbate 80,proline,7.4,25,50.0,300.0,0.01,150.0,0.2269,0.4479,0.5485,0.6804,2,0.6115
O15520,histidine,sorbitol,poloxamer 188,proline,7.0,4,30.0,200.0,0.03,150.0,0.335,0.3423,0.5041,0.6555,1,0.5966
O15520,citric acid,sucrose,poloxamer 188,proline,7.4,4,50.0,300.0,0.03,50.0,0.1681,0.4419,0.5188,0.6486,1,0.6363
O15520,histidine,sorbitol,polysorbate 20,methionine,7.0,4,30.0,200.0,0.01,10.0,0.2508,0.1781,0.5393,0.7328,0,0.6589
O15520,histidine,trehalose,polysorbate 80,proline,5.5,40,10.0,300.0,0.045,150.0,0.1722,0.4006,0.5744,0.6575,2,0.627
O15520,citric acid,trehalose,polysorbate 20,proline,6.0,40,50.0,200.0,0.045,50.0,0.155,0.5154,0.526,0.6505,0,0.6293
O15520,histidine,mannitol,polysorbate 20,methionine,6.5,40,50.0,100.0,0.045,10.0,0.3181,0.3051,0.5318,0.6403,0,0.6095
O15520,phosphoric acid,sorbitol,poloxamer 188,proline,7.4,40,10.0,100.0,0.03,50.0,0.4509,0.5235,0.693,0.5143,0,0.4805
O15520,histidine,sorbitol,polysorbate 80,proline,5.0,4,10.0,200.0,0.01,150.0,0.2115,0.2953,0.4377,0.741,1,0.7026
O15520,citric acid,sorbitol,polysorbate 80,glycine,7.0,40,10.0,200.0,0.045,200.0,0.3291,0.5274,0.6597,0.5395,1,0.4912
O15520,citric acid,sorbitol,polysorbate 20,methionine,6.5,40,50.0,100.0,0.045,1.0,0.3809,0.4001,0.5938,0.5364,0,0.5543
O15520,histidine,sucrose,polysorbate 80,none,7.4,25,30.0,300.0,0.045,0.0,0.0,0.3284,0.5198,0.836,1,0.7301
O15520,phosphoric acid,sorbitol,poloxamer 188,none,7.0,25,30.0,200.0,0.05,0.0,0.2727,0.4079,0.5913,0.6653,0,0.5499
O15520,citric acid,mannitol,polysorbate 80,proline,5.5,25,30.0,200.0,0.01,50.0,0.2242,0.3757,0.4244,0.7456,0,0.6775
O15520,phosphoric acid,mannitol,polysorbate 20,glycine,7.0,4,50.0,300.0,0.045,50.0,0.1808,0.4167,0.6311,0.6859,1,0.586
O15520,citric acid,trehalose,polysorbate 80,glycine,5.0,4,30.0,300.0,0.01,125.0,0.0745,0.3632,0.4182,0.7678,2,0.7485
O15520,phosphoric acid,mannitol,polysorbate 80,glycine,7.0,40,10.0,300.0,0.045,125.0,0.3074,0.4892,0.7111,0.542,2,0.5154
O15520,citric acid,mannitol,polysorbate 20,none,5.5,40,30.0,100.0,0.01,0.0,0.3227,0.5077,0.5447,0.5493,0,0.5535
O15520,acetic acid,sorbitol,polysorbate 80,methionine,6.0,4,10.0,300.0,0.08,10.0,0.2718,0.2388,0.4937,0.7366,1,0.6579
O15520,phosphoric acid,mannitol,polysorbate 20,proline,7.0,40,10.0,300.0,0.08,100.0,0.2972,0.5017,0.7256,0.5675,1,0.529
O15520,phosphoric acid,sucrose,poloxamer 188,methionine,5.0,4,50.0,300.0,0.01,5.5,0.1826,0.239,0.5077,0.6969,1,0.6868
O15520,histidine,sorbitol,poloxamer 188,glycine,6.5,25,10.0,200.0,0.01,200.0,0.3521,0.3276,0.4263,0.6752,1,0.6192
O15520,citric acid,trehalose,polysorbate 20,glycine,5.0,4,50.0,200.0,0.08,200.0,0.0795,0.4326,0.3984,0.7647,1,0.7375
O15520,histidine,sorbitol,polysorbate 80,methionine,6.0,40,50.0,300.0,0.01,10.0,0.2943,0.2813,0.5871,0.6284,1,0.6296
O15520,phosphoric acid,sorbitol,polysorbate 80,methionine,6.0,25,30.0,100.0,0.045,5.5,0.2179,0.2709,0.54,0.7275,0,0.6492
O15520,phosphoric acid,mannitol,polysorbate 20,none,5.0,4,50.0,200.0,0.08,0.0,0.2296,0.4465,0.5397,0.6855,0,0.6075
O15520,acetic acid,sorbitol,polysorbate 20,glycine,7.4,25,50.0,200.0,0.01,200.0,0.2459,0.4229,0.6117,0.6588,1,0.5714
O15520,histidine,trehalose,polysorbate 80,proline,6.5,40,30.0,100.0,0.08,100.0,0.1711,0.4211,0.5367,0.6241,0,0.6653
O15520,histidine,sucrose,polysorbate 20,proline,6.5,4,50.0,200.0,0.08,150.0,0.0905,0.3032,0.4,0.7899,1,0.7439
O15520,citric acid,trehalose,polysorbate 80,methionine,6.0,40,30.0,100.0,0.045,10.0,0.1934,0.36,0.4906,0.6587,0,0.6613
O15520,phosphoric acid,sorbitol,poloxamer 188,methionine,5.5,4,10.0,100.0,0.03,5.5,0.3591,0.2533,0.5643,0.6293,0,0.6373
O15520,acetic acid,sucrose,poloxamer 188,proline,6.5,4,30.0,300.0,0.05,50.0,0.15,0.4345,0.5324,0.726,1,0.6422
O15520,histidine,sucrose,polysorbate 20,methionine,5.0,40,50.0,200.0,0.08,5.5,0.1404,0.2957,0.5285,0.7038,0,0.7213
O15520,acetic acid,mannitol,poloxamer 188,methionine,7.4,4,30.0,300.0,0.05,10.0,0.2758,0.2792,0.619,0.6795,1,0.6217
O15520,histidine,mannitol,polysorbate 80,none,5.0,4,30.0,200.0,0.08,0.0,0.1784,0.3017,0.4578,0.7643,0,0.6995
O15520,citric acid,mannitol,polysorbate 80,arginine,6.0,25,30.0,300.0,0.045,50.0,0.134,0.4114,0.4579,0.7274,1,0.6902
O15520,phosphoric acid,mannitol,poloxamer 188,arginine,7.0,4,50.0,100.0,0.01,150.0,0.2944,0.4018,0.6619,0.5987,1,0.5957
O15520,citric acid,mannitol,polysorbate 20,proline,6.0,40,50.0,300.0,0.045,50.0,0.2955,0.5125,0.493,0.5704,1,0.5594
O15520,phosphoric acid,trehalose,polysorbate 80,glycine,7.0,25,30.0,200.0,0.045,125.0,0.0552,0.4146,0.6499,0.7277,1,0.6647
O15520,citric acid,sucrose,polysorbate 80,glycine,7.0,4,10.0,300.0,0.08,200.0,0.0239,0.3997,0.5667,0.7425,2,0.7337
O15520,histidine,sorbitol,polysorbate 20,arginine,5.0,4,10.0,200.0,0.045,100.0,0.1361,0.3173,0.4522,0.7854,0,0.7125
O15520,phosphoric acid,trehalose,polysorbate 20,none,7.0,25,10.0,300.0,0.045,0.0,0.0451,0.4162,0.6375,0.7474,1,0.6659
O15520,histidine,sucrose,polysorbate 80,glycine,7.4,4,50.0,100.0,0.045,50.0,0.1086,0.3501,0.5384,0.7501,0,0.6596
O15520,citric acid,trehalose,polysorbate 80,methionine,7.4,4,10.0,100.0,0.045,5.5,0.0111,0.2751,0.5289,0.797,0,0.7592
O15520,histidine,trehalose,polysorbate 80,arginine,7.4,40,50.0,100.0,0.045,50.0,0.1082,0.4399,0.6325,0.6333,0,0.6548
O15520,phosphoric acid,sucrose,polysorbate 80,proline,7.4,4,10.0,100.0,0.08,50.0,0.0835,0.4278,0.6212,0.701,0,0.6536
O15520,citric acid,trehalose,poloxamer 188,proline,5.0,4,10.0,300.0,0.03,150.0,0.1571,0.4269,0.4254,0.6873,2,0.6728
O15520,phosphoric acid,mannitol,polysorbate 80,none,7.4,40,10.0,300.0,0.08,0.0,0.3305,0.5114,0.7258,0.5389,1,0.4824
O15520,histidine,sucrose,poloxamer 188,arginine,7.0,4,50.0,100.0,0.03,50.0,0.0638,0.3141,0.5211,0.7567,0,0.7204
O15520,histidine,sucrose,polysorbate 80,none,7.4,25,30.0,300.0,0.08,0.0,0.0715,0.3171,0.5369,0.8052,1,0.7083
O15520,citric acid,sorbitol,poloxamer 188,arginine,5.5,25,30.0,200.0,0.01,150.0,0.2517,0.4071,0.4138,0.6827,1,0.6434
O15520,citric acid,sorbitol,polysorbate 80,proline,5.0,25,10.0,300.0,0.01,100.0,0.2175,0.4643,0.4164,0.6821,1,0.6475
O15520,phosphoric acid,mannitol,poloxamer 188,arginine,5.0,25,30.0,100.0,0.03,100.0,0.2719,0.4226,0.5564,0.6046,0,0.5498
O15520,acetic acid,mannitol,poloxamer 188,methionine,5.5,40,30.0,200.0,0.03,1.0,0.4085,0.3893,0.5995,0.4898,0,0.5514
O75610,histidine,sorbitol,poloxamer 188,proline,5.5,4,50.0,200.0,0.05,50.0,0.3325,0.2077,0.0214,0.781,0,0.8005
O75610,acetic acid,sorbitol,poloxamer 188,arginine,5.0,4,30.0,200.0,0.05,150.0,0.2264,0.3394,0.084,0.7737,1,0.7599
O75610,histidine,trehalose,polysorbate 80,proline,5.5,25,10.0,300.0,0.045,50.0,0.0509,0.2187,0.057,0.8654,1,0.8978
O75610,citric acid,sorbitol,poloxamer 188,methionine,6.0,40,50.0,300.0,0.03,10.0,0.4253,0.3166,0.1314,0.6651,1,0.6594
O75610,acetic acid,mannitol,polysorbate 20,none,6.5,25,50.0,200.0,0.01,0.0,0.1535,0.3464,0.141,0.8301,0,0.7649
O75610,acetic acid,sucrose,polysorbate 80,proline,6.5,25,10.0,300.0,0.01,50.0,0.0741,0.3669,0.1495,0.8359,1,0.8156
O75610,histidine,sucrose,polysorbate 80,methionine,7.4,4,10.0,200.0,0.08,10.0,0.0281,0.1066,0.1289,0.9411,0,0.8869
O75610,phosphoric acid,trehalose,polysorbate 20,none,7.0,4,10.0,300.0,0.08,0.0,0.0232,0.3582,0.2341,0.8655,1,0.8115
O75610,acetic acid,sorbitol,polysorbate 80,proline,7.4,25,30.0,300.0,0.045,150.0,0.1533,0.3473,0.2293,0.8026,2,0.7662
O75610,phosphoric acid,sucrose,polysorbate 80,methionine,5.0,25,30.0,200.0,0.045,5.5,0.0289,0.1828,0.185,0.9065,0,0.8769
O75610,acetic acid,sucrose,polysorbate 80,glycine,7.0,40,30.0,300.0,0.01,125.0,0.1908,0.4337,0.3453,0.6527,2,0.6947
O75610,acetic acid,trehalose,polysorbate 20,methionine,6.5,4,50.0,300.0,0.045,10.0,0.0896,0.1628,0.1696,0.8796,1,0.8467
O75610,acetic acid,sorbitol,poloxamer 188,glycine,7.0,4,30.0,200.0,0.03,200.0,0.3551,0.3238,0.2563,0.7037,1,0.6827
O75610,acetic acid,mannitol,polysorbate 20,proline,5.0,4,50.0,100.0,0.01,100.0,0.2567,0.3353,0.1012,0.7541,0,0.785
O75610,phosphoric acid,sucrose,poloxamer 188,proline,6.5,4,30.0,200.0,0.03,100.0,0.1712,0.319,0.1139,0.7914,0,0.7612
O75610,phosphoric acid,sucrose,poloxamer 188,glycine,5.5,4,50.0,200.0,0.05,50.0,0.1722,0.3175,0.1217,0.8102,0,0.8066
O75610,histidine,mannitol,polysorbate 80,proline,5.5,4,50.0,200.0,0.01,100.0,0.288,0.1993,0.0643,0.8316,0,0.7902
O75610,acetic acid,sorbitol,polysorbate 20,arginine,7.4,25,50.0,100.0,0.045,100.0,0.168,0.3204,0.2448,0.8179,0,0.7754
O75610,acetic acid,mannitol,poloxamer 188,arginine,6.5,4,50.0,300.0,0.01,100.0,0.2438,0.3209,0.1114,0.7798,1,0.7969
O75610,acetic acid,mannitol,polysorbate 80,none,6.0,25,30.0,100.0,0.045,0.0,0.1961,0.3084,0.1436,0.7806,0,0.7701
O75610,histidine,trehalose,polysorbate 20,proline,5.0,25,50.0,200.0,0.01,150.0,0.0625,0.2022,0.0216,0.9241,1,0.8817
O75610,histidine,sucrose,poloxamer 188,proline,6.0,4,50.0,300.0,0.03,100.0,0.1106,0.2169,0.0557,0.8756,1,0.8647
O75610,citric acid,mannitol,polysorbate 80,proline,7.0,25,30.0,300.0,0.08,100.0,0.2099,0.2946,0.151,0.8051,1,0.7742
O75610,citric acid,sorbitol,polysorbate 20,proline,7.0,40,30.0,300.0,0.08,50.0,0.3387,0.407,0.2636,0.6428,1,0.6566
O75610,histidine,trehalose,poloxamer 188,methionine,5.5,40,50.0,200.0,0.03,10.0,0.2746,0.1774,0.1655,0.7323,0,0.7721
O75610,acetic acid,sucrose,poloxamer 188,glycine,6.0,25,10.0,100.0,0.01,200.0,0.223,0.3176,0.1591,0.8177,1,0.7598
O75610,phosphoric acid,sorbitol,polysorbate 20,proline,5.0,40,10.0,200.0,0.045,100.0,0.3457,0.4064,0.2562,0.6426,0,0.6724
O75610,citric acid,mannitol,poloxamer 188,none,5.5,25,10.0,100.0,0.01,0.0,0.3225,0.2963,0.0511,0.7306,0,0.7604
O75610,citric acid,sucrose,polysorbate 80,proline,6.5,25,50.0,200.0,0.045,150.0,0.1034,0.3333,0.08,0.8631,1,0.8215
O75610,histidine,trehalose,polysorbate 80,proline,5.5,4,30.0,200.0,0.08,150.0,0.076,0.2286,0.0094,0.8803,1,0.887
O75610,citric acid,sucrose,poloxamer 188,methionine,5.0,4,10.0,200.0,0.05,5.5,0.1141,0.1805,0.0361,0.8595,0,0.8975
O75610,histidine,sorbitol,polysorbate 20,arginine,6.5,40,10.0,100.0,0.01,150.0,0.2834,0.334,0.1346,0.7214,1,0.7597
O75610,histidine,mannitol,polysorbate 20,arginine,5.5,40,10.0,200.0,0.045,150.0,0.2544,0.313,0.1466,0.7489,1,0.7484
O75610,acetic acid,trehalose,polysorbate 20,glycine,5.5,4,10.0,100.0,0.045,125.0,0.1548,0.319,0.1417,0.8006,1,0.8043
O75610,acetic acid,mannitol,poloxamer 188,arginine,6.5,40,30.0,300.0,0.01,100.0,0.2763,0.4186,0.2192,0.6728,1,0.718
O75610,acetic acid,sorbitol,poloxamer 188,glycine,6.0,4,30.0,200.0,0.05,125.0,0.3446,0.2821,0.1819,0.7471,1,0.7074
O75610,phosphoric acid,sucrose,poloxamer 188,none,5.0,40,50.0,100.0,0.05,0.0,0.2966,0.433,0.2277,0.6599,0,0.671
O75610,citric acid,mannitol,poloxamer 188,methionine,6.0,40,50.0,200.0,0.05,1.0,0.4131,0.2658,0.1124,0.6855,0,0.733
O75610,citric acid,sorbitol,polysorbate 20,arginine,6.5,25,30.0,100.0,0.01,100.0,0.1773,0.3459,0.0476,0.8051,0,0.8278
O75610,citric acid,trehalose,polysorbate 20,proline,7.4,25,10.0,200.0,0.01,100.0,0.0345,0.3115,0.1218,0.89,0,0.8751
O75610,acetic acid,sorbitol,polysorbate 20,methionine,5.0,4,50.0,200.0,0.08,1.0,0.2398,0.2009,0.1235,0.8261,0,0.8042
O75610,phosphoric acid,sorbitol,poloxamer 188,none,7.4,25,30.0,300.0,0.01,0.0,0.334,0.3272,0.2334,0.7324,1,0.7158
O75610,histidine,trehalose,poloxamer 188,methionine,7.4,4,10.0,200.0,0.01,10.0,0.1552,0.0783,0.1199,0.8405,0,0.8825
O75610,phosphoric acid,mannitol,poloxamer 188,arginine,5.0,4,10.0,300.0,0.05,150.0,0.2468,0.3347,0.1021,0.7734,2,0.7259
O75610,citric acid,sorbitol,polysorbate 20,methionine,6.5,40,10.0,200.0,0.01,10.0,0.3663,0.2578,0.1662,0.7118,0,0.7083
O75610,phosphoric acid,mannitol,polysorbate 80,arginine,6.5,25,10.0,200.0,0.045,150.0,0.1112,0.3365,0.1242,0.8318,1,0.8076
O75610,citric acid,sucrose,polysorbate 80,none,7.4,40,50.0,100.0,0.01,0.0,0.1384,0.3849,0.2456,0.7188,0,0.7444
O75610,acetic acid,trehalose,polysorbate 20,glycine,5.0,25,50.0,200.0,0.08,125.0,0.0961,0.353,0.1356,0.8217,1,0.825
O75610,citric acid,sucrose,polysorbate 20,glycine,7.0,4,10.0,300.0,0.08,125.0,0.0178,0.334,0.1521,0.8759,2,0.8083
O75610,acetic acid,sorbitol,polysorbate 80,glycine,7.4,4,10.0,200.0,0.045,200.0,0.2024,0.3119,0.2431,0.7865,1,0.7825
O75610,acetic acid,sorbitol,polysorbate 80,methionine,5.5,40,10.0,200.0,0.08,10.0,0.3104,0.2696,0.2641,0.6981,0,0.7411
O75610,citric acid,sorbitol,polysorbate 80,methionine,5.5,4,30.0,200.0,0.01,10.0,0.2339,0.1564,0.0144,0.8256,0,0.8685
O75610,acetic acid,trehalose,polysorbate 20,none,7.4,40,30.0,100.0,0.01,0.0,0.2275,0.4665,0.3579,0.6707,0,0.6501
O75610,acetic acid,trehalose,polysorbate 20,methionine,7.4,4,50.0,200.0,0.08,5.5,0.0405,0.1965,0.2494,0.8771,0,0.8578
O75610,phosphoric acid,sucrose,polysorbate 80,none,5.0,4,30.0,100.0,0.045,0.0,0.1016,0.3552,0.167,0.8303,0,0.8196
O75610,phosphoric acid,sucrose,polysorbate 80,proline,7.0,40,30.0,200.0,0.045,150.0,0.1906,0.4203,0.3562,0.6485,1,0.7119
O75610,phosphoric acid,trehalose,poloxamer 188,arginine,7.0,4,30.0,100.0,0.05,100.0,0.076,0.3352,0.2242,0.8352,0,0.8011
O75610,phosphoric acid,sorbitol,polysorbate 80,arginine,6.0,40,50.0,200.0,0.01,100.0,0.1974,0.4379,0.2295,0.7114,0,0.7208
O75610,histidine,mannitol,polysorbate 80,glycine,6.5,25,50.0,200.0,0.045,125.0,0.2371,0.2104,0.0293,0.827,1,0.8504
O75610,phosphoric acid,mannitol,poloxamer 188,proline,6.5,4,30.0,300.0,0.03,50.0,0.3589,0.3134,0.1626,0.6865,1,0.6898
O76093,acetic acid,sucrose,polysorbate 80,glycine,5.0,4,10.0,100.0,0.045,125.0,0.0596,0.3048,0.2116,0.8507,1,0.817
O76093,citric acid,sorbitol,polysorbate 20,arginine,6.5,4,30.0,200.0,0.08,150.0,0.1531,0.3457,0.1486,0.8185,1,0.7891
O76093,acetic acid,sorbitol,polysorbate 20,arginine,7.4,4,10.0,200.0,0.01,50.0,0.1061,0.353,0.3315,0.7666,0,0.7487
O76093,phosphoric acid,trehalose,polysorbate 80,none,6.0,40,50.0,300.0,0.01,0.0,0.1276,0.4235,0.3501,0.7088,1,0.6989
O76093,histidine,trehalose,polysorbate 20,arginine,5.5,25,50.0,100.0,0.045,50.0,0.0,0.2534,0.1532,0.9349,0,0.9016
O76093,phosphoric acid,sucrose,polysorbate 20,proline,7.0,4,30.0,100.0,0.01,50.0,0.1227,0.3041,0.3585,0.7869,0,0.7411
O76093,acetic acid,sorbitol,polysorbate 20,proline,7.0,40,10.0,200.0,0.01,150.0,0.3267,0.4508,0.4533,0.5758,1,0.6129
O76093,acetic acid,mannitol,poloxamer 188,none,5.5,4,10.0,300.0,0.03,0.0,0.2859,0.3362,0.2372,0.733,1,0.7289
O76093,phosphoric acid,sucrose,poloxamer 188,arginine,7.0,40,30.0,100.0,0.03,100.0,0.1772,0.4708,0.4068,0.6446,0,0.6733
O76093,citric acid,trehalose,polysorbate 20,arginine,5.0,4,10.0,200.0,0.045,100.0,0.0092,0.3299,0.1421,0.8771,0,0.8501
O76093,citric acid,sucrose,polysorbate 20,methionine,6.5,40,30.0,300.0,0.08,1.0,0.1968,0.2987,0.2607,0.7102,1,0.7519
O76093,phosphoric acid,sucrose,polysorbate 20,none,5.5,25,30.0,200.0,0.045,0.0,0.0627,0.3118,0.2504,0.8206,0,0.8194
O76093,phosphoric acid,sorbitol,polysorbate 80,methionine,6.0,40,10.0,200.0,0.08,5.5,0.2896,0.3163,0.3253,0.6786,0,0.7075
O76093,histidine,sucrose,poloxamer 188,proline,6.5,40,10.0,300.0,0.05,150.0,0.2379,0.3489,0.2187,0.7355,2,0.7348
O76093,citric acid,sorbitol,poloxamer 188,none,5.0,25,30.0,200.0,0.01,0.0,0.3038,0.3259,0.1594,0.7371,0,0.7179
O76093,acetic acid,mannitol,polysorbate 80,glycine,7.4,25,10.0,300.0,0.045,125.0,0.1984,0.3083,0.3797,0.7409,2,0.7309
O76093,histidine,sucrose,polysorbate 80,none,5.0,40,30.0,200.0,0.01,0.0,0.178,0.3122,0.2431,0.7522,0,0.7584
O76093,acetic acid,mannitol,polysorbate 20,proline,7.0,4,50.0,100.0,0.01,150.0,0.2742,0.3523,0.3616,0.7031,1,0.6546
O76093,acetic acid,trehalose,polysorbate 80,methionine,5.0,4,30.0,300.0,0.045,5.5,0.0366,0.1858,0.2542,0.8353,1,0.8532
O76093,acetic acid,sorbitol,poloxamer 188,proline,6.0,4,10.0,100.0,0.01,150.0,0.3431,0.3263,0.2691,0.7195,1,0.7103
O76093,phosphoric acid,sucrose,polysorbate 20,none,5.0,4,30.0,100.0,0.01,0.0,0.0819,0.3506,0.2759,0.8331,0,0.7574
O76093,citric acid,sorbitol,polysorbate 20,methionine,7.4,40,50.0,300.0,0.045,5.5,0.2974,0.275,0.353,0.6917,1,0.6759
O76093,phosphoric acid,sorbitol,polysorbate 20,arginine,5.5,4,10.0,100.0,0.01,50.0,0.1604,0.2915,0.2721,0.7837,0,0.7679
O76093,citric acid,sucrose,polysorbate 80,methionine,7.4,4,50.0,100.0,0.045,10.0,0.0791,0.2048,0.1865,0.8693,0,0.8489
O76093,citric acid,sucrose,polysorbate 20,methionine,5.5,25,30.0,100.0,0.01,1.0,0.0748,0.2164,0.1255,0.8955,0,0.8747
O76093,citric acid,sorbitol,polysorbate 20,methionine,5.0,25,50.0,100.0,0.01,5.5,0.2762,0.1685,0.1286,0.8352,0,0.8089
O76093,acetic acid,sucrose,polysorbate 20,arginine,5.0,40,50.0,200.0,0.045,100.0,0.0453,0.4211,0.351,0.7521,0,0.7367
O76093,phosphoric acid,sucrose,polysorbate 20,methionine,6.5,40,50.0,300.0,0.08,10.0,0.0676,0.2924,0.3188,0.7311,1,0.733
O76093,acetic acid,trehalose,poloxamer 188,arginine,7.0,4,30.0,300.0,0.03,150.0,0.0994,0.3345,0.3387,0.8199,2,0.771
O76093,histidine,mannitol,poloxamer 188,methionine,6.5,4,30.0,300.0,0.05,5.5,0.3535,0.054,0.1425,0.7815,1,0.795
O76093,acetic acid,sorbitol,polysorbate 80,glycine,6.0,40,10.0,200.0,0.045,125.0,0.3142,0.4444,0.3442,0.6346,1,0.6518
O76093,citric acid,trehalose,poloxamer 188,proline,7.0,40,50.0,200.0,0.01,100.0,0.3363,0.4256,0.3244,0.6278,0,0.6244
O76093,acetic acid,sorbitol,poloxamer 188,proline,6.5,4,50.0,100.0,0.03,150.0,0.3828,0.3262,0.2319,0.6932,1,0.6938
O76093,histidine,sorbitol,polysorbate 80,glycine,5.5,4,50.0,200.0,0.01,125.0,0.217,0.2191,0.1765,0.7951,1,0.7952
O76093,acetic acid,mannitol,polysorbate 80,glycine,7.0,4,10.0,200.0,0.045,125.0,0.2413,0.2993,0.3528,0.722,1,0.7243
O76093,citric acid,trehalose,poloxamer 188,arginine,5.0,25,30.0,100.0,0.05,50.0,0.0795,0.3457,0.1654,0.8486,0,0.8199
O76093,histidine,trehalose,polysorbate 20,proline,6.0,25,10.0,300.0,0.045,50.0,0.0481,0.2204,0.1727,0.8661,1,0.8421
O76093,histidine,sucrose,polysorbate 20,methionine,5.0,4,50.0,300.0,0.01,10.0,0.075,0.066,0.1242,0.8965,1,0.9033
O76093,histidine,sucrose,polysorbate 80,arginine,5.5,25,10.0,300.0,0.045,150.0,0.0,0.2367,0.1623,0.9071,2,0.8765
O76093,acetic acid,sorbitol,poloxamer 188,arginine,5.5,40,30.0,200.0,0.01,50.0,0.3357,0.4421,0.3687,0.6119,0,0.6131
O76093,citric acid,sorbitol,polysorbate 20,arginine,5.5,25,30.0,200.0,0.08,50.0,0.1119,0.303,0.1566,0.8446,0,0.8289
O76093,histidine,mannitol,polysorbate 20,methionine,6.0,40,50.0,100.0,0.01,10.0,0.3345,0.21,0.2336,0.7256,0,0.7323
O76093,acetic acid,trehalose,polysorbate 80,methionine,6.5,25,30.0,300.0,0.08,5.5,0.0368,0.1937,0.2514,0.884,1,0.8534
O76093,histidine,sorbitol,polysorbate 80,arginine,7.4,40,10.0,100.0,0.045,100.0,0.2572,0.3797,0.3669,0.6743,0,0.6754
O76093,acetic acid,trehalose,polysorbate 20,arginine,6.5,4,50.0,300.0,0.01,150.0,0.0052,0.3422,0.2438,0.8404,2,0.8205
O76093,histidine,mannitol,polysorbate 20,methionine,7.4,40,50.0,200.0,0.08,10.0,0.2266,0.1861,0.3335,0.7687,0,0.7539
O76093,phosphoric acid,mannitol,polysorbate 80,proline,7.0,40,10.0,300.0,0.045,100.0,0.2694,0.4309,0.4223,0.638,1,0.6421
O76093,citric acid,sorbitol,poloxamer 188,proline,7.4,25,10.0,200.0,0.01,50.0,0.3504,0.3161,0.2439,0.6889,0,0.7059
O76093,phosphoric acid,sorbitol,poloxamer 188,glycine,7.0,40,30.0,100.0,0.01,200.0,0.4539,0.4418,0.4433,0.5555,1,0.585
O76093,phosphoric acid,mannitol,poloxamer 188,glycine,5.0,4,50.0,300.0,0.03,50.0,0.2965,0.3347,0.2215,0.7193,1,0.7165
O76093,phosphoric acid,sorbitol,poloxamer 188,arginine,7.4,4,30.0,200.0,0.05,150.0,0.2748,0.3268,0.3385,0.7162,1,0.6798
O76093,phosphoric acid,sucrose,polysorbate 80,arginine,6.5,25,50.0,300.0,0.01,100.0,0.0,0.3019,0.2689,0.8423,1,0.8432
O76093,phosphoric acid,trehalose,poloxamer 188,none,7.0,40,50.0,300.0,0.05,0.0,0.2169,0.4453,0.4567,0.646,1,0.6228
O76093,citric acid,mannitol,polysorbate 20,proline,7.4,40,50.0,300.0,0.01,150.0,0.3125,0.4082,0.3382,0.6555,2,0.667
O76093,acetic acid,trehalose,polysorbate 80,proline,7.0,40,10.0,200.0,0.045,50.0,0.1721,0.4124,0.4562,0.6666,0,0.6242
O76093,citric acid,sorbitol,polysorbate 20,arginine,5.0,4,30.0,100.0,0.045,50.0,0.1818,0.3314,0.1673,0.7725,0,0.7141
O76093,acetic acid,sucrose,polysorbate 20,none,6.5,40,50.0,300.0,0.045,0.0,0.1634,0.4377,0.3094,0.6719,1,0.7656
O76093,phosphoric acid,sorbitol,poloxamer 188,methionine,6.5,40,30.0,300.0,0.03,1.0,0.3959,0.2965,0.3302,0.5949,1,0.6502
O76093,citric acid,trehalose,polysorbate 20,methionine,5.5,40,50.0,300.0,0.01,10.0,0.1471,0.2739,0.2409,0.7661,1,0.7837
O76093,citric acid,sorbitol,polysorbate 20,arginine,7.4,4,50.0,200.0,0.01,150.0,0.1038,0.3416,0.2043,0.7741,1,0.8095
O95393,acetic acid,sucrose,polysorbate 80,proline,7.0,25,10.0,300.0,0.01,50.0,0.0848,0.3536,0.4366,0.7586,1,0.7238
O95393,phosphoric acid,mannitol,polysorbate 20,proline,6.0,25,10.0,100.0,0.01,150.0,0.205,0.3399,0.3775,0.7691,1,0.6944
O95393,acetic acid,sucrose,polysorbate 20,proline,5.5,4,50.0,200.0,0.01,50.0,0.2253,0.3164,0.3777,0.7233,0,0.7078
O95393,phosphoric acid,sucrose,polysorbate 80,methionine,6.5,40,30.0,300.0,0.045,5.5,0.1621,0.3311,0.447,0.709,1,0.6961
O95393,acetic acid,sorbitol,poloxamer 188,none,5.5,4,50.0,300.0,0.03,0.0,0.4312,0.351,0.3476,0.6524,1,0.6167
O95393,acetic acid,sorbitol,polysorbate 80,proline,5.0,40,50.0,300.0,0.045,100.0,0.5932,0.4564,0.4804,0.4982,1,0.4607
O95393,citric acid,sorbitol,polysorbate 20,none,5.0,40,30.0,300.0,0.045,0.0,0.612,0.431,0.3762,0.513,1,0.4748
O95393,histidine,trehalose,poloxamer 188,arginine,7.0,40,50.0,200.0,0.05,150.0,0.209,0.3453,0.4493,0.7,1,0.6649
O95393,histidine,sucrose,polysorbate 80,none,7.0,40,10.0,300.0,0.08,0.0,0.1454,0.3562,0.4782,0.6865,1,0.7149
O95393,citric acid,sorbitol,poloxamer 188,arginine,5.0,40,50.0,100.0,0.01,100.0,0.6552,0.4112,0.3539,0.4826,0,0.518
O95393,citric acid,trehalose,poloxamer 188,none,6.5,4,50.0,300.0,0.03,0.0,0.0908,0.4057,0.2751,0.7899,1,0.7831
O95393,acetic acid,sucrose,polysorbate 20,arginine,6.0,25,10.0,200.0,0.01,150.0,0.0765,0.3721,0.3834,0.7837,1,0.7399
O95393,phosphoric acid,sorbitol,polysorbate 20,arginine,5.0,4,50.0,100.0,0.045,50.0,0.425,0.3382,0.3507,0.6314,0,0.6218
O95393,citric acid,mannitol,polysorbate 80,glycine,6.0,25,50.0,100.0,0.01,200.0,0.2023,0.3585,0.2637,0.7617,1,0.7219
O95393,phosphoric acid,trehalose,polysorbate 80,arginine,6.0,25,10.0,200.0,0.01,100.0,0.0985,0.3819,0.3396,0.7828,0,0.732
O95393,phosphoric acid,mannitol,polysorbate 20,arginine,5.0,4,10.0,300.0,0.08,50.0,0.3755,0.3279,0.3731,0.6632,1,0.6588
O95393,acetic acid,sorbitol,polysorbate 80,proline,5.0,25,30.0,300.0,0.045,50.0,0.5158,0.3822,0.3474,0.6191,1,0.5875
O95393,acetic acid,sucrose,polysorbate 20,glycine,5.0,25,50.0,300.0,0.08,50.0,0.3217,0.3393,0.3967,0.6947,1,0.6632
O95393,citric acid,trehalose,polysorbate 20,none,6.5,25,10.0,300.0,0.08,0.0,0.0449,0.3303,0.2531,0.8298,1,0.7857
O95393,citric acid,trehalose,polysorbate 20,none,5.5,4,50.0,200.0,0.08,0.0,0.2023,0.3209,0.2421,0.7878,0,0.7622
O95393,acetic acid,sucrose,polysorbate 80,methionine,7.0,25,50.0,100.0,0.01,1.0,0.0911,0.1844,0.4439,0.812,0,0.788
O95393,acetic acid,mannitol,poloxamer 188,proline,7.4,25,30.0,300.0,0.01,150.0,0.3474,0.3448,0.4414,0.6747,2,0.6087
O95393,phosphoric acid,sucrose,polysorbate 80,none,7.0,4,30.0,100.0,0.045,0.0,0.0873,0.3812,0.481,0.7577,0,0.681
O95393,histidine,trehalose,poloxamer 188,none,6.0,25,10.0,300.0,0.05,0.0,0.1759,0.276,0.257,0.8225,1,0.7956
O95393,phosphoric acid,mannitol,poloxamer 188,proline,7.4,25,30.0,100.0,0.05,100.0,0.4028,0.3608,0.4762,0.6637,0,0.5967
O95393,phosphoric acid,trehalose,polysorbate 20,none,6.0,4,50.0,100.0,0.08,0.0,0.0879,0.3457,0.3692,0.7615,0,0.7475
O95393,histidine,sorbitol,polysorbate 80,arginine,7.4,4,30.0,300.0,0.08,150.0,0.1725,0.2109,0.3952,0.8112,2,0.74
O95393,acetic acid,sorbitol,poloxamer 188,arginine,7.4,40,10.0,300.0,0.01,150.0,0.3559,0.4548,0.5891,0.5731,2,0.5165
O95393,acetic acid,sucrose,polysorbate 20,methionine,7.0,25,30.0,100.0,0.08,1.0,0.1205,0.2006,0.4661,0.7838,0,0.7867
O95393,histidine,sorbitol,polysorbate 20,glycine,6.5,4,10.0,300.0,0.01,125.0,0.2508,0.2399,0.2378,0.7725,2,0.7651
O95393,phosphoric acid,trehalose,polysorbate 80,none,7.4,25,50.0,100.0,0.01,0.0,0.1101,0.3798,0.4803,0.7654,0,0.7045
O95393,acetic acid,mannitol,polysorbate 80,proline,6.5,40,50.0,300.0,0.01,50.0,0.2779,0.4508,0.4857,0.6054,1,0.618
O95393,citric acid,sorbitol,polysorbate 80,proline,7.0,40,30.0,100.0,0.08,50.0,0.3433,0.4341,0.462,0.5962,0,0.5807
O95393,citric acid,sucrose,poloxamer 188,glycine,7.4,4,10.0,200.0,0.05,50.0,0.1792,0.3359,0.3869,0.7443,0,0.7406
O95393,phosphoric acid,trehalose,poloxamer 188,arginine,7.4,40,50.0,300.0,0.03,150.0,0.2354,0.4531,0.5443,0.5693,2,0.5772
O95393,acetic acid,sucrose,polysorbate 20,arginine,6.0,25,30.0,200.0,0.01,150.0,0.0,0.3823,0.3668,0.8197,1,0.7309
O95393,acetic acid,sorbitol,polysorbate 20,none,5.0,40,10.0,100.0,0.045,0.0,0.5833,0.4725,0.4702,0.4779,0,0.4952
O95393,acetic acid,sorbitol,polysorbate 20,arginine,6.5,4,30.0,100.0,0.08,50.0,0.222,0.3503,0.3659,0.7368,0,0.7442
O95393,citric acid,sorbitol,polysorbate 80,glycine,5.5,4,30.0,200.0,0.01,200.0,0.2896,0.3684,0.2622,0.7325,1,0.6818
O95393,histidine,sucrose,polysorbate 20,methionine,5.0,40,50.0,200.0,0.045,1.0,0.4512,0.2189,0.4267,0.6347,0,0.6089
O95393,histidine,sorbitol,polysorbate 80,proline,5.0,25,50.0,100.0,0.01,150.0,0.5066,0.2456,0.2286,0.6714,1,0.6698
O95393,acetic acid,sucrose,poloxamer 188,methionine,7.0,4,10.0,100.0,0.01,5.5,0.1647,0.2257,0.4742,0.7569,0,0.7213
O95393,phosphoric acid,sucrose,polysorbate 80,arginine,6.5,4,30.0,300.0,0.08,100.0,0.0375,0.3694,0.3646,0.7965,1,0.7663
O95393,histidine,sucrose,poloxamer 188,arginine,7.0,4,30.0,200.0,0.03,50.0,0.0909,0.2126,0.4053,0.8219,0,0.7862
O95393,acetic acid,trehalose,poloxamer 188,none,5.0,25,30.0,200.0,0.03,0.0,0.4509,0.34,0.3607,0.6135,0,0.655
O95393,histidine,mannitol,poloxamer 188,arginine,6.5,40,30.0,300.0,0.01,50.0,0.3025,0.3341,0.3557,0.6834,1,0.6724
O95393,histidine,sucrose,poloxamer 188,arginine,7.0,4,50.0,100.0,0.05,150.0,0.0858,0.2798,0.3791,0.8167,1,0.7823
O95393,phosphoric acid,mannitol,polysorbate 20,methionine,7.4,40,30.0,100.0,0.01,1.0,0.4247,0.3484,0.5507,0.5979,0,0.568
O95393,histidine,sucrose,polysorbate 80,proline,7.0,25,50.0,300.0,0.045,100.0,0.0845,0.2209,0.3611,0.8115,1,0.8082
O95393,citric acid,trehalose,polysorbate 20,proline,7.0,25,30.0,200.0,0.01,150.0,0.1184,0.3132,0.364,0.8083,1,0.7457
O95393,citric acid,sucrose,polysorbate 80,none,7.0,4,30.0,200.0,0.01,0.0,0.1081,0.3617,0.3713,0.7686,0,0.7125
O95393,citric acid,trehalose,polysorbate 80,proline,5.5,40,30.0,300.0,0.08,100.0,0.2523,0.4689,0.3649,0.6327,1,0.6405
O95393,phosphoric acid,mannitol,poloxamer 188,proline,6.5,25,10.0,100.0,0.03,50.0,0.3437,0.3757,0.3578,0.6514,0,0.6574
O95393,acetic acid,trehalose,polysorbate 80,glycine,7.4,4,30.0,300.0,0.01,50.0,0.0634,0.3553,0.4966,0.7683,1,0.7248
O95393,acetic acid,mannitol,poloxamer 188,methionine,5.5,25,10.0,100.0,0.03,1.0,0.4339,0.2003,0.3767,0.6599,0,0.6574
O95393,histidine,mannitol,polysorbate 80,none,5.0,4,30.0,200.0,0.01,0.0,0.5056,0.2555,0.2852,0.6707,0,0.6651
O95393,phosphoric acid,sucrose,polysorbate 80,glycine,5.5,25,10.0,100.0,0.045,200.0,0.1895,0.3574,0.3662,0.7224,1,0.7263
O95393,citric acid,mannitol,poloxamer 188,glycine,5.5,4,10.0,100.0,0.03,50.0,0.539,0.3544,0.2746,0.6249,0,0.5814
O95393,histidine,trehalose,polysorbate 20,arginine,6.0,4,30.0,200.0,0.01,100.0,0.0,0.2406,0.2366,0.9146,0,0.8545
O95393,phosphoric acid,trehalose,poloxamer 188,none,6.5,40,10.0,100.0,0.01,0.0,0.2925,0.4725,0.442,0.5875,0,0.61
O95750,citric acid,trehalose,polysorbate 80,none,6.5,40,30.0,200.0,0.08,0.0,0.4974,0.4971,0.1167,0.5801,0,0.6249
O95750,acetic acid,trehalose,polysorbate 80,none,7.0,4,50.0,200.0,0.01,0.0,0.2502,0.3664,0.2126,0.726,0,0.7278
O95750,phosphoric acid,trehalose,polysorbate 80,proline,5.5,40,50.0,200.0,0.01,150.0,0.166,0.5378,0.2109,0.652,1,0.7063
O95750,histidine,sorbitol,poloxamer 188,none,5.0,4,50.0,200.0,0.05,0.0,0.346,0.3205,0.0,0.7338,0,0.7818
O95750,phosphoric acid,sorbitol,poloxamer 188,methionine,5.5,25,50.0,200.0,0.05,10.0,0.289,0.2283,0.1066,0.7932,0,0.7977
O95750,acetic acid,sorbitol,polysorbate 20,proline,7.0,25,50.0,300.0,0.08,50.0,0.357,0.3816,0.2114,0.7034,1,0.6813
O95750,citric acid,trehalose,polysorbate 80,methionine,5.5,25,10.0,200.0,0.045,5.5,0.0935,0.2539,0.0196,0.8916,0,0.8489
O95750,citric acid,mannitol,polysorbate 20,none,5.0,4,10.0,200.0,0.045,0.0,0.2319,0.3966,0.0263,0.7691,0,0.7672
O95750,phosphoric acid,trehalose,poloxamer 188,arginine,6.5,40,50.0,200.0,0.03,100.0,0.4694,0.4978,0.2324,0.5583,0,0.6114
O95750,acetic acid,sorbitol,polysorbate 20,proline,6.5,25,30.0,200.0,0.01,50.0,0.5203,0.3845,0.1075,0.67,0,0.6508
O95750,acetic acid,trehalose,polysorbate 20,arginine,6.0,4,30.0,300.0,0.08,150.0,0.1882,0.37,0.1221,0.7787,2,0.7597
O95750,histidine,mannitol,polysorbate 80,arginine,5.0,4,30.0,100.0,0.08,50.0,0.1667,0.2898,0.0701,0.8287,0,0.8027
O95750,phosphoric acid,trehalose,poloxamer 188,proline,6.0,25,50.0,300.0,0.03,50.0,0.3081,0.3455,0.1099,0.7514,1,0.756
O95750,citric acid,mannitol,polysorbate 80,proline,6.0,25,30.0,200.0,0.08,150.0,0.3958,0.377,0.0087,0.7115,1,0.7034
O95750,histidine,sorbitol,poloxamer 188,none,5.5,25,10.0,100.0,0.05,0.0,0.3563,0.2616,0.0034,0.7584,0,0.789
O95750,citric acid,sorbitol,polysorbate 80,none,7.0,40,30.0,300.0,0.045,0.0,0.5316,0.461,0.1747,0.5616,1,0.597
O95750,phosphoric acid,sucrose,polysorbate 20,glycine,6.5,40,30.0,100.0,0.045,125.0,0.4898,0.4781,0.2077,0.5765,1,0.6191
O95750,histidine,mannitol,polysorbate 80,none,5.5,25,50.0,100.0,0.045,0.0,0.1884,0.2797,0.016,0.8192,0,0.8706
O95750,phosphoric acid,mannitol,polysorbate 80,methionine,6.5,40,30.0,300.0,0.08,5.5,0.5809,0.3362,0.2228,0.5604,1,0.563
O95750,phosphoric acid,sucrose,poloxamer 188,arginine,5.5,4,30.0,300.0,0.05,150.0,0.0709,0.4076,0.105,0.8114,2,0.8364
O95750,acetic acid,sorbitol,polysorbate 80,methionine,5.0,40,30.0,100.0,0.045,1.0,0.3371,0.3268,0.2147,0.6896,0,0.7503
O95750,phosphoric acid,sorbitol,poloxamer 188,proline,5.0,4,10.0,300.0,0.05,50.0,0.3385,0.4102,0.1016,0.7007,1,0.7123
O95750,histidine,sorbitol,polysorbate 80,glycine,5.5,4,30.0,200.0,0.01,50.0,0.2336,0.2655,0.0082,0.8333,0,0.8317
O95750,phosphoric acid,sucrose,polysorbate 20,arginine,6.0,40,10.0,100.0,0.045,100.0,0.2684,0.4929,0.2016,0.6442,0,0.6603
O95750,acetic acid,trehalose,polysorbate 80,glycine,7.0,25,30.0,300.0,0.01,125.0,0.2811,0.3873,0.2072,0.7114,2,0.7679
O95750,citric acid,trehalose,polysorbate 80,proline,6.5,40,50.0,200.0,0.01,150.0,0.4344,0.4785,0.12,0.6207,1,0.6659
O95750,phosphoric acid,trehalose,poloxamer 188,methionine,6.0,4,10.0,100.0,0.03,1.0,0.3875,0.2472,0.0906,0.7476,0,0.7498
O95750,acetic acid,trehalose,poloxamer 188,proline,7.0,25,30.0,200.0,0.05,50.0,0.4062,0.3591,0.2358,0.6862,0,0.6758
O95750,histidine,mannitol,poloxamer 188,methionine,6.0,40,50.0,200.0,0.03,10.0,0.5635,0.2202,0.1267,0.6463,0,0.69
O95750,citric acid,sorbitol,polysorbate 80,glycine,7.0,40,30.0,200.0,0.045,200.0,0.4938,0.475,0.1806,0.5903,1,0.6143
O95750,citric acid,sucrose,polysorbate 20,arginine,5.5,4,30.0,300.0,0.08,100.0,0.0,0.3763,0.0024,0.857,1,0.8701
O95750,histidine,trehalose,polysorbate 20,methionine,7.0,4,30.0,100.0,0.01,10.0,0.2268,0.1288,0.097,0.8187,0,0.882
O95750,phosphoric acid,sorbitol,polysorbate 20,glycine,6.0,4,50.0,100.0,0.045,50.0,0.4208,0.3715,0.1172,0.7051,0,0.7089
O95750,histidine,sorbitol,polysorbate 20,proline,7.4,25,10.0,200.0,0.01,50.0,0.2496,0.3089,0.1008,0.7606,0,0.7917
O95750,phosphoric acid,sucrose,poloxamer 188,glycine,6.0,40,50.0,200.0,0.03,125.0,0.4553,0.5388,0.1877,0.5827,1,0.5917
O95750,histidine,sucrose,poloxamer 188,glycine,7.4,25,10.0,200.0,0.03,50.0,0.2477,0.2576,0.0865,0.7908,0,0.7993
O95750,citric acid,sucrose,poloxamer 188,arginine,5.5,25,10.0,300.0,0.05,100.0,0.0645,0.4002,0.0323,0.8597,1,0.8768
O95750,citric acid,sucrose,poloxamer 188,arginine,7.4,25,10.0,200.0,0.03,50.0,0.1567,0.3627,0.139,0.7886,0,0.805
O95750,citric acid,sucrose,poloxamer 188,none,5.5,25,50.0,100.0,0.05,0.0,0.2443,0.3962,0.0,0.7651,0,0.8099
O95750,histidine,sorbitol,poloxamer 188,proline,6.5,4,50.0,100.0,0.01,100.0,0.6282,0.2886,0.0269,0.6707,0,0.6596
O95750,citric acid,trehalose,polysorbate 20,glycine,5.5,4,10.0,200.0,0.01,50.0,0.0741,0.3808,0.0289,0.8614,0,0.8423
O95750,phosphoric acid,trehalose,poloxamer 188,arginine,5.5,4,50.0,100.0,0.05,50.0,0.1495,0.3845,0.0947,0.7907,0,0.7769
O95750,histidine,sorbitol,poloxamer 188,arginine,6.0,25,50.0,300.0,0.01,150.0,0.3617,0.3117,0.0,0.7656,2,0.7487
O95750,citric acid,sorbitol,polysorbate 20,arginine,5.5,4,10.0,200.0,0.045,50.0,0.1426,0.3568,0.0073,0.8306,0,0.8445
O95750,histidine,sorbitol,poloxamer 188,proline,5.0,25,10.0,200.0,0.01,50.0,0.3371,0.2631,0.0334,0.7838,0,0.7802
O95750,phosphoric acid,mannitol,polysorbate 80,arginine,5.5,25,30.0,300.0,0.045,50.0,0.1334,0.3767,0.1161,0.8199,1,0.7639
O95750,citric acid,mannitol,polysorbate 80,none,6.0,40,50.0,200.0,0.08,0.0,0.4504,0.4819,0.1169,0.6257,0,0.6248
O95750,citric acid,mannitol,polysorbate 80,proline,7.4,25,10.0,200.0,0.01,150.0,0.2592,0.3768,0.0957,0.7572,1,0.77
O95750,acetic acid,sorbitol,poloxamer 188,glycine,7.0,40,50.0,100.0,0.01,50.0,0.5792,0.4956,0.2777,0.5029,0,0.5297
O95750,histidine,mannitol,polysorbate 80,methionine,5.5,40,10.0,100.0,0.01,5.5,0.3973,0.2315,0.0677,0.6681,0,0.752
O95750,acetic acid,mannitol,polysorbate 80,glycine,6.5,4,50.0,100.0,0.01,200.0,0.5517,0.3945,0.1151,0.6612,1,0.6157
O95750,acetic acid,mannitol,polysorbate 80,proline,6.0,40,10.0,300.0,0.045,150.0,0.4768,0.4544,0.1936,0.5481,2,0.6094
O95750,phosphoric acid,sucrose,polysorbate 80,proline,6.0,4,10.0,300.0,0.01,150.0,0.1985,0.3893,0.113,0.7626,2,0.7661
O95750,citric acid,trehalose,poloxamer 188,methionine,7.0,25,10.0,200.0,0.05,1.0,0.2993,0.2643,0.1057,0.7701,0,0.8011
O95750,histidine,sorbitol,polysorbate 80,glycine,5.0,40,10.0,100.0,0.01,50.0,0.3098,0.3645,0.0898,0.6974,0,0.7484
O95750,citric acid,trehalose,polysorbate 80,none,5.0,25,50.0,200.0,0.045,0.0,0.1026,0.4385,0.0,0.8396,0,0.8163
O95750,citric acid,trehalose,polysorbate 80,methionine,5.5,40,10.0,200.0,0.045,10.0,0.1628,0.3246,0.0936,0.8025,0,0.8263
O95750,acetic acid,trehalose,polysorbate 20,methionine,5.0,25,30.0,200.0,0.01,5.5,0.0811,0.2641,0.0815,0.8454,0,0.8203
O95750,acetic acid,sorbitol,poloxamer 188,none,7.4,25,10.0,200.0,0.01,0.0,0.3532,0.3903,0.2138,0.7019,0,0.6493
O95750,acetic acid,sorbitol,polysorbate 80,proline,7.0,40,10.0,300.0,0.08,50.0,0.5016,0.4918,0.3264,0.4987,1,0.5601
P08620,phosphoric acid,sorbitol,polysorbate 20,proline,6.5,25,30.0,300.0,0.08,100.0,0.1793,0.2474,0.2872,0.7984,1,0.7509
P08620,histidine,mannitol,polysorbate 80,methionine,5.5,4,10.0,100.0,0.01,10.0,0.2485,0.0,0.1995,0.8566,0,0.8631
P08620,phosphoric acid,sorbitol,polysorbate 20,methionine,6.5,40,30.0,200.0,0.045,5.5,0.3158,0.1949,0.3613,0.7105,0,0.6926
P08620,histidine,sorbitol,polysorbate 80,arginine,6.5,40,10.0,100.0,0.045,100.0,0.2876,0.2477,0.237,0.7018,0,0.716
P08620,phosphoric acid,sorbitol,poloxamer 188,proline,7.4,4,50.0,200.0,0.03,150.0,0.3326,0.2315,0.3951,0.7167,1,0.6754
P08620,citric acid,trehalose,polysorbate 20,arginine,6.0,40,50.0,300.0,0.01,150.0,0.1046,0.3746,0.2761,0.7251,2,0.7274
P08620,citric acid,mannitol,poloxamer 188,methionine,7.4,4,30.0,100.0,0.05,10.0,0.3277,0.093,0.2787,0.7784,0,0.7712
P08620,citric acid,sucrose,polysorbate 80,arginine,7.4,40,30.0,200.0,0.08,150.0,0.0832,0.3542,0.4002,0.7372,1,0.7392
P08620,histidine,trehalose,polysorbate 20,glycine,6.5,25,50.0,200.0,0.08,200.0,0.0636,0.1427,0.1595,0.8891,1,0.899
P08620,acetic acid,mannitol,poloxamer 188,methionine,7.4,4,10.0,300.0,0.05,5.5,0.3083,0.0783,0.4119,0.7772,1,0.7015
P08620,citric acid,mannitol,poloxamer 188,glycine,7.4,25,50.0,200.0,0.01,50.0,0.3184,0.2576,0.3106,0.7111,0,0.7217
P08620,acetic acid,sucrose,polysorbate 80,arginine,7.4,25,50.0,200.0,0.08,100.0,0.0436,0.2428,0.371,0.8148,0,0.7944
P08620,acetic acid,trehalose,polysorbate 80,proline,5.5,40,10.0,100.0,0.045,50.0,0.1972,0.3685,0.3983,0.6659,0,0.6517
P08620,histidine,sorbitol,poloxamer 188,glycine,5.5,4,10.0,300.0,0.01,50.0,0.3143,0.1612,0.1815,0.7831,1,0.774
P08620,phosphoric acid,sorbitol,polysorbate 20,none,5.0,40,10.0,100.0,0.045,0.0,0.3937,0.363,0.3691,0.5998,0,0.6195
P08620,histidine,sorbitol,polysorbate 80,proline,5.0,25,10.0,300.0,0.01,100.0,0.264,0.1517,0.1761,0.804,1,0.818
P08620,acetic acid,sucrose,polysorbate 80,arginine,6.0,4,50.0,300.0,0.01,50.0,0.0437,0.2644,0.2782,0.8483,1,0.7721
P08620,citric acid,sucrose,polysorbate 20,none,7.0,25,30.0,200.0,0.045,0.0,0.104,0.258,0.2851,0.8098,0,0.7878
P08620,acetic acid,mannitol,polysorbate 20,proline,6.0,4,30.0,300.0,0.045,100.0,0.2026,0.2758,0.269,0.8241,1,0.7642
P08620,histidine,mannitol,polysorbate 20,arginine,5.0,25,50.0,200.0,0.08,50.0,0.1133,0.1528,0.1635,0.8322,0,0.8918
P08620,histidine,sucrose,poloxamer 188,proline,7.4,4,30.0,200.0,0.05,150.0,0.2027,0.166,0.2798,0.7855,1,0.7755
P08620,acetic acid,sorbitol,poloxamer 188,glycine,5.0,40,30.0,100.0,0.05,125.0,0.4735,0.3343,0.3259,0.5906,1,0.6097
P08620,histidine,mannitol,poloxamer 188,methionine,5.5,40,30.0,200.0,0.05,10.0,0.4357,0.1199,0.2893,0.6871,0,0.7269
P08620,histidine,mannitol,polysorbate 20,methionine,7.4,40,10.0,300.0,0.045,5.5,0.2694,0.1154,0.3891,0.705,1,0.7108
P08620,citric acid,trehalose,poloxamer 188,none,7.4,40,10.0,100.0,0.03,0.0,0.2759,0.3421,0.3916,0.6464,0,0.6524
P08620,histidine,mannitol,poloxamer 188,none,6.5,4,30.0,100.0,0.03,0.0,0.3299,0.1777,0.1768,0.7758,0,0.7595
P08620,citric acid,trehalose,polysorbate 80,glycine,7.4,40,10.0,100.0,0.045,200.0,0.237,0.3404,0.4029,0.6767,1,0.679
P08620,histidine,trehalose,polysorbate 20,methionine,6.0,4,50.0,200.0,0.08,5.5,0.1566,0.0,0.1695,0.8788,0,0.9056
P08620,histidine,trehalose,poloxamer 188,methionine,5.0,40,30.0,100.0,0.05,10.0,0.349,0.1387,0.301,0.7046,0,0.7212
P08620,histidine,mannitol,polysorbate 20,methionine,7.4,40,50.0,200.0,0.01,1.0,0.2815,0.1461,0.3859,0.7066,0,0.7544
P08620,phosphoric acid,sucrose,polysorbate 20,arginine,5.0,4,30.0,300.0,0.08,50.0,0.0,0.2635,0.2731,0.8791,1,0.8378
P08620,histidine,mannitol,polysorbate 80,proline,6.5,40,50.0,100.0,0.045,50.0,0.3048,0.2568,0.2975,0.691,0,0.7273
P08620,citric acid,sorbitol,polysorbate 20,proline,6.0,40,10.0,300.0,0.08,150.0,0.2836,0.3548,0.264,0.6923,2,0.7015
P08620,citric acid,sucrose,polysorbate 20,arginine,7.0,25,30.0,100.0,0.045,50.0,0.039,0.2771,0.2904,0.8487,0,0.7942
P08620,acetic acid,sorbitol,polysorbate 80,none,6.0,4,50.0,300.0,0.08,0.0,0.2149,0.2447,0.2697,0.7792,1,0.7402
P08620,histidine,mannitol,polysorbate 20,none,7.4,4,30.0,300.0,0.08,0.0,0.1562,0.142,0.2804,0.8119,1,0.8111
P08620,acetic acid,trehalose,polysorbate 20,proline,7.4,25,10.0,200.0,0.01,150.0,0.1386,0.2758,0.4094,0.7878,1,0.7623
P08620,citric acid,trehalose,poloxamer 188,arginine,5.5,25,50.0,200.0,0.03,150.0,0.0799,0.2425,0.1218,0.8947,1,0.8896
P08620,citric acid,sucrose,poloxamer 188,methionine,6.0,25,50.0,200.0,0.03,5.5,0.165,0.1003,0.1615,0.8793,0,0.878
P08620,acetic acid,sucrose,poloxamer 188,proline,6.0,40,10.0,300.0,0.05,100.0,0.2127,0.3635,0.371,0.6839,1,0.7038
P08620,histidine,trehalose,polysorbate 20,none,5.0,40,30.0,200.0,0.08,0.0,0.176,0.2533,0.2723,0.7686,0,0.7803
P08620,citric acid,trehalose,polysorbate 20,methionine,6.0,4,10.0,100.0,0.08,1.0,0.1049,0.0799,0.169,0.9182,0,0.8841
P08620,histidine,mannitol,poloxamer 188,none,5.0,40,10.0,200.0,0.03,0.0,0.4514,0.2907,0.2973,0.6246,0,0.6328
P08620,citric acid,sucrose,polysorbate 80,proline,6.5,4,10.0,100.0,0.08,150.0,0.0217,0.252,0.17,0.8895,1,0.8617
P08620,phosphoric acid,sorbitol,polysorbate 80,methionine,5.5,4,10.0,100.0,0.045,5.5,0.2387,0.0698,0.2577,0.8416,0,0.8406
P08620,phosphoric acid,trehalose,poloxamer 188,methionine,7.4,40,50.0,100.0,0.03,10.0,0.2954,0.2119,0.4956,0.653,0,0.6769
P08620,acetic acid,mannitol,poloxamer 188,methionine,6.0,4,10.0,100.0,0.01,1.0,0.3261,0.1226,0.2796,0.7828,0,0.7333
P08620,acetic acid,trehalose,polysorbate 80,none,7.0,40,30.0,200.0,0.08,0.0,0.2028,0.397,0.4564,0.6517,0,0.6675
P08620,histidine,trehalose,polysorbate 20,methionine,7.4,40,30.0,200.0,0.08,1.0,0.2052,0.0941,0.3199,0.8029,0,0.8089
P08620,histidine,mannitol,polysorbate 80,none,5.5,25,50.0,100.0,0.045,0.0,0.196,0.1432,0.2079,0.866,0,0.835
P08620,acetic acid,sucrose,poloxamer 188,none,7.0,40,50.0,100.0,0.01,0.0,0.293,0.357,0.4739,0.6535,0,0.616
P08620,histidine,trehalose,poloxamer 188,glycine,5.0,40,30.0,200.0,0.01,50.0,0.2574,0.2755,0.2757,0.7368,0,0.7182
P08620,citric acid,trehalose,poloxamer 188,glycine,5.0,40,30.0,100.0,0.01,50.0,0.2966,0.3369,0.2767,0.6454,0,0.6875
P08620,phosphoric acid,mannitol,poloxamer 188,glycine,6.5,40,10.0,100.0,0.03,50.0,0.4052,0.3692,0.3909,0.5644,0,0.6366
P08620,phosphoric acid,sorbitol,polysorbate 80,none,6.5,40,30.0,300.0,0.045,0.0,0.3899,0.3563,0.3637,0.6709,1,0.6017
P08620,citric acid,sucrose,poloxamer 188,arginine,5.5,4,10.0,100.0,0.03,50.0,0.1189,0.2589,0.2034,0.8413,0,0.8038
P08620,citric acid,trehalose,poloxamer 188,proline,6.0,4,50.0,300.0,0.03,50.0,0.1364,0.2485,0.1564,0.8406,1,0.8127
P08620,phosphoric acid,mannitol,polysorbate 20,glycine,6.5,25,10.0,200.0,0.08,125.0,0.1868,0.2804,0.2666,0.7625,1,0.7578
P08620,citric acid,trehalose,polysorbate 80,proline,7.4,40,50.0,100.0,0.08,100.0,0.2003,0.3204,0.3832,0.6762,0,0.743
P08620,citric acid,sorbitol,polysorbate 80,proline,6.5,25,10.0,300.0,0.01,50.0,0.2307,0.2473,0.1616,0.7991,1,0.7973
P08700,phosphoric acid,sucrose,poloxamer 188,arginine,7.4,40,30.0,100.0,0.03,150.0,0.221,0.4062,0.8213,0.5634,1,0.5365
P08700,histidine,mannitol,polysorbate 20,proline,5.5,4,30.0,100.0,0.01,100.0,0.1892,0.23,0.5261,0.7346,0,0.7354
P08700,citric acid,sorbitol,polysorbate 80,arginine,5.5,40,50.0,200.0,0.08,100.0,0.2577,0.3898,0.6373,0.6105,0,0.5967
P08700,histidine,mannitol,poloxamer 188,none,6.0,40,30.0,300.0,0.01,0.0,0.4057,0.3195,0.6149,0.58,1,0.5193
P08700,histidine,trehalose,polysorbate 20,methionine,5.5,25,50.0,300.0,0.08,10.0,0.0554,0.095,0.5048,0.8363,1,0.7889
P08700,acetic acid,sorbitol,poloxamer 188,glycine,6.0,4,50.0,300.0,0.05,50.0,0.282,0.2664,0.6156,0.6869,1,0.6216
P08700,citric acid,trehalose,polysorbate 20,none,7.4,25,10.0,300.0,0.08,0.0,0.0641,0.3114,0.6406,0.749,1,0.6773
P08700,phosphoric acid,trehalose,poloxamer 188,none,6.5,40,30.0,100.0,0.03,0.0,0.2934,0.4221,0.7484,0.5438,0,0.5335
P08700,phosphoric acid,sorbitol,poloxamer 188,proline,6.0,25,50.0,300.0,0.01,100.0,0.3286,0.2907,0.6206,0.6279,1,0.5598
P08700,histidine,mannitol,polysorbate 20,proline,5.0,40,10.0,100.0,0.08,50.0,0.3628,0.3029,0.6242,0.5888,0,0.5572
P08700,histidine,trehalose,poloxamer 188,arginine,5.0,40,30.0,300.0,0.03,50.0,0.1871,0.2859,0.648,0.6327,1,0.6411
P08700,acetic acid,trehalose,polysorbate 20,methionine,7.0,40,50.0,300.0,0.08,1.0,0.1372,0.2719,0.8135,0.6405,1,0.6365
P08700,acetic acid,sucrose,poloxamer 188,glycine,7.4,4,50.0,200.0,0.05,200.0,0.186,0.3209,0.7005,0.6611,1,0.6213
P08700,phosphoric acid,trehalose,poloxamer 188,none,7.4,40,10.0,300.0,0.03,0.0,0.2589,0.4231,0.8186,0.5599,1,0.4915
P08700,citric acid,trehalose,polysorbate 80,arginine,6.0,4,50.0,200.0,0.01,100.0,0.0618,0.3072,0.5341,0.7596,0,0.729
P08700,acetic acid,sorbitol,polysorbate 80,proline,5.0,25,50.0,100.0,0.08,50.0,0.2127,0.3196,0.6131,0.697,0,0.6491
P08700,phosphoric acid,mannitol,polysorbate 20,proline,6.0,4,10.0,300.0,0.08,150.0,0.1815,0.2968,0.6293,0.7545,2,0.6468
P08700,acetic acid,trehalose,polysorbate 20,none,5.0,25,50.0,200.0,0.01,0.0,0.1029,0.3084,0.659,0.6996,0,0.6705
P08700,phosphoric acid,sucrose,poloxamer 188,methionine,6.0,25,30.0,100.0,0.01,5.5,0.153,0.1104,0.6261,0.7832,0,0.7121
P08700,citric acid,sorbitol,polysorbate 20,arginine,5.0,25,30.0,100.0,0.01,150.0,0.1686,0.3725,0.515,0.728,1,0.6533
P08700,citric acid,sorbitol,polysorbate 80,methionine,5.0,4,50.0,200.0,0.01,5.5,0.244,0.1558,0.512,0.7897,0,0.7256
P08700,acetic acid,mannitol,polysorbate 20,proline,6.5,4,50.0,200.0,0.01,100.0,0.2392,0.2644,0.613,0.7564,0,0.6365
P08700,acetic acid,trehalose,polysorbate 80,proline,7.4,25,10.0,200.0,0.08,50.0,0.1182,0.3394,0.7246,0.6892,0,0.5848
P08700,histidine,trehalose,polysorbate 20,arginine,5.5,25,30.0,300.0,0.045,50.0,0.009,0.1942,0.5237,0.8084,1,0.7757
P08700,citric acid,trehalose,polysorbate 20,proline,5.0,25,30.0,300.0,0.045,150.0,0.0695,0.3159,0.4979,0.8018,2,0.7161
P08700,citric acid,mannitol,polysorbate 20,none,7.4,40,30.0,100.0,0.01,0.0,0.3016,0.4083,0.7209,0.5659,0,0.5679
P08700,histidine,sucrose,polysorbate 80,glycine,6.0,40,10.0,300.0,0.01,50.0,0.1614,0.3081,0.5981,0.6898,1,0.6673
P08700,phosphoric acid,sorbitol,poloxamer 188,arginine,6.5,25,30.0,200.0,0.03,50.0,0.2425,0.2724,0.6491,0.6669,0,0.6147
P08700,acetic acid,trehalose,poloxamer 188,glycine,7.4,40,10.0,100.0,0.03,50.0,0.3125,0.3866,0.7903,0.5085,0,0.5363
P08700,phosphoric acid,trehalose,poloxamer 188,methionine,5.5,25,50.0,100.0,0.05,10.0,0.1854,0.2191,0.6003,0.7216,0,0.6687
P08700,citric acid,trehalose,poloxamer 188,glycine,5.5,4,10.0,200.0,0.01,125.0,0.1924,0.3011,0.5324,0.7066,1,0.6453
P08700,citric acid,trehalose,polysorbate 20,arginine,7.0,4,10.0,100.0,0.045,100.0,0.0,0.2661,0.6098,0.7922,0,0.7246
P08700,phosphoric acid,trehalose,polysorbate 80,proline,6.5,25,10.0,300.0,0.045,150.0,0.1058,0.3351,0.6135,0.6986,2,0.6618
P08700,histidine,mannitol,polysorbate 80,proline,6.0,25,30.0,300.0,0.045,50.0,0.2005,0.1974,0.5062,0.7463,1,0.701
P08700,phosphoric acid,sucrose,polysorbate 80,arginine,5.0,4,50.0,300.0,0.045,50.0,0.0,0.3147,0.6274,0.7619,1,0.7428
P08700,phosphoric acid,sorbitol,polysorbate 20,none,5.0,25,10.0,200.0,0.045,0.0,0.2057,0.2782,0.6278,0.6924,0,0.6524
P08700,phosphoric acid,mannitol,polysorbate 20,arginine,5.0,40,10.0,300.0,0.08,50.0,0.1663,0.4384,0.7336,0.5752,1,0.5523
P08700,phosphoric acid,mannitol,poloxamer 188,proline,7.4,40,50.0,300.0,0.03,50.0,0.4686,0.3958,0.8035,0.4378,1,0.4458
P08700,phosphoric acid,trehalose,poloxamer 188,methionine,5.0,4,10.0,300.0,0.05,10.0,0.1616,0.1748,0.5922,0.7341,1,0.7143
P08700,histidine,sucrose,poloxamer 188,glycine,5.5,40,30.0,100.0,0.01,200.0,0.332,0.2791,0.6418,0.6059,1,0.6128
P08700,phosphoric acid,mannitol,poloxamer 188,methionine,5.5,40,50.0,100.0,0.01,1.0,0.4497,0.2101,0.7171,0.5849,0,0.5241
P08700,citric acid,sorbitol,poloxamer 188,proline,7.0,25,30.0,200.0,0.05,150.0,0.3235,0.307,0.5622,0.6995,1,0.5918
P08700,histidine,sorbitol,polysorbate 80,methionine,6.5,40,50.0,100.0,0.01,10.0,0.367,0.1588,0.6453,0.6346,0,0.6073
P08700,phosphoric acid,trehalose,polysorbate 20,arginine,7.0,4,50.0,100.0,0.08,100.0,0.0,0.3265,0.6827,0.7784,0,0.6753
P08700,acetic acid,sucrose,polysorbate 80,methionine,7.0,25,50.0,200.0,0.045,10.0,0.1227,0.1638,0.7331,0.7568,0,0.6468
P08700,phosphoric acid,trehalose,polysorbate 80,arginine,5.5,40,10.0,300.0,0.08,50.0,0.0626,0.424,0.7235,0.6767,1,0.6388
P08700,acetic acid,mannitol,polysorbate 20,glycine,6.0,40,30.0,300.0,0.01,50.0,0.2895,0.3946,0.7222,0.5251,1,0.5826
P08700,citric acid,sucrose,poloxamer 188,glycine,6.0,4,50.0,100.0,0.03,50.0,0.215,0.3351,0.4886,0.7406,0,0.7115
P08700,phosphoric acid,sucrose,poloxamer 188,glycine,5.5,40,10.0,100.0,0.05,125.0,0.2622,0.426,0.7202,0.5424,1,0.5611
P08700,phosphoric acid,mannitol,polysorbate 80,none,6.0,40,10.0,200.0,0.08,0.0,0.3601,0.3985,0.7435,0.5044,0,0.4835
P08700,phosphoric acid,mannitol,polysorbate 80,arginine,6.0,4,50.0,200.0,0.01,100.0,0.1592,0.311,0.6058,0.738,0,0.6719
P08700,histidine,sucrose,poloxamer 188,methionine,7.4,25,50.0,300.0,0.05,10.0,0.1942,0.0581,0.6322,0.7695,1,0.7563
P08700,citric acid,sorbitol,polysorbate 80,proline,6.0,4,50.0,300.0,0.045,50.0,0.1941,0.3526,0.5209,0.6849,1,0.6877
P08700,acetic acid,trehalose,poloxamer 188,methionine,6.0,4,30.0,100.0,0.03,1.0,0.2056,0.1776,0.6447,0.7423,0,0.6593
P08700,acetic acid,trehalose,polysorbate 80,glycine,7.0,25,50.0,100.0,0.08,125.0,0.1311,0.3105,0.7339,0.6646,1,0.6432
P08700,histidine,mannitol,polysorbate 80,glycine,6.5,40,50.0,100.0,0.01,50.0,0.3326,0.3436,0.6326,0.5921,0,0.5838
P08700,histidine,sorbitol,polysorbate 80,methionine,7.4,25,10.0,300.0,0.08,1.0,0.1885,0.093,0.66,0.7726,1,0.7305
P08700,histidine,sucrose,polysorbate 20,methionine,5.0,4,10.0,300.0,0.01,1.0,0.0514,0.0446,0.521,0.8706,1,0.8019
P08700,citric acid,sucrose,polysorbate 20,glycine,7.4,40,10.0,100.0,0.01,200.0,0.2179,0.4167,0.7002,0.6082,1,0.595
P08700,phosphoric acid,sucrose,polysorbate 80,glycine,6.5,40,30.0,100.0,0.045,125.0,0.2069,0.4336,0.6958,0.6073,1,0.555
P09038,acetic acid,trehalose,polysorbate 80,arginine,7.0,40,30.0,300.0,0.08,50.0,0.0341,0.354,0.3932,0.7405,1,0.7579
P09038,histidine,sucrose,polysorbate 80,none,6.0,4,50.0,200.0,0.01,0.0,0.0893,0.1602,0.0803,0.9229,0,0.8754
P09038,histidine,trehalose,polysorbate 80,glycine,6.5,25,10.0,200.0,0.08,125.0,0.0624,0.1756,0.116,0.921,1,0.8971
P09038,citric acid,sorbitol,poloxamer 188,arginine,6.5,4,10.0,100.0,0.01,100.0,0.225,0.3102,0.1159,0.7908,0,0.8014
P09038,phosphoric acid,sucrose,poloxamer 188,proline,5.0,25,10.0,100.0,0.05,50.0,0.1883,0.2747,0.2619,0.7844,0,0.7573
P09038,citric acid,sorbitol,poloxamer 188,proline,7.0,4,50.0,200.0,0.01,150.0,0.3177,0.2881,0.1819,0.7108,1,0.7202
P09038,phosphoric acid,mannitol,polysorbate 20,arginine,6.0,25,50.0,200.0,0.045,150.0,0.0852,0.2582,0.2221,0.8262,1,0.7933
P09038,histidine,sucrose,polysorbate 80,glycine,6.0,4,30.0,200.0,0.08,125.0,0.0663,0.1839,0.0781,0.9191,1,0.9112
P09038,histidine,sucrose,poloxamer 188,methionine,7.4,25,10.0,100.0,0.03,1.0,0.2095,0.041,0.2561,0.8456,0,0.8293
P09038,citric acid,sorbitol,polysorbate 20,proline,6.5,25,30.0,300.0,0.045,150.0,0.185,0.2667,0.1427,0.7905,2,0.7859
P09038,phosphoric acid,trehalose,poloxamer 188,glycine,6.5,25,50.0,200.0,0.05,200.0,0.2055,0.2871,0.2048,0.8078,1,0.7771
P09038,acetic acid,trehalose,polysorbate 20,arginine,7.0,40,30.0,300.0,0.08,150.0,0.1125,0.3682,0.4326,0.7609,2,0.7267
P09038,citric acid,sucrose,polysorbate 80,proline,5.0,4,10.0,200.0,0.08,100.0,0.0657,0.2811,0.1047,0.9162,0,0.8616
P09038,citric acid,sucrose,polysorbate 80,proline,6.0,4,30.0,200.0,0.01,150.0,0.056,0.25,0.134,0.8932,1,0.8525
P09038,acetic acid,trehalose,polysorbate 80,glycine,5.0,40,10.0,100.0,0.08,200.0,0.1981,0.3365,0.3157,0.7157,1,0.7592
P09038,citric acid,sorbitol,poloxamer 188,arginine,7.4,25,30.0,100.0,0.05,50.0,0.2277,0.2411,0.1941,0.771,0,0.8051
P09038,histidine,sorbitol,poloxamer 188,glycine,5.0,4,30.0,100.0,0.01,50.0,0.3773,0.1731,0.1365,0.7725,0,0.7543
P09038,histidine,sucrose,poloxamer 188,methionine,5.5,4,30.0,300.0,0.01,10.0,0.1375,0.0105,0.0811,0.9309,1,0.9167
P09038,phosphoric acid,sorbitol,polysorbate 20,proline,6.5,40,50.0,100.0,0.045,50.0,0.3532,0.3685,0.3088,0.619,0,0.657
P09038,citric acid,sucrose,poloxamer 188,arginine,7.0,4,50.0,100.0,0.01,100.0,0.123,0.2438,0.2138,0.8396,0,0.7992
P09038,acetic acid,sorbitol,poloxamer 188,proline,7.0,40,30.0,300.0,0.01,100.0,0.3799,0.3713,0.3894,0.6158,1,0.6019
P09038,citric acid,mannitol,polysorbate 80,none,6.5,4,50.0,100.0,0.045,0.0,0.2627,0.3134,0.0948,0.7926,0,0.7579
P09038,histidine,trehalose,polysorbate 20,glycine,7.4,40,50.0,100.0,0.08,125.0,0.2121,0.2414,0.3217,0.711,1,0.7421
P09038,acetic acid,mannitol,poloxamer 188,methionine,6.5,4,10.0,200.0,0.05,5.5,0.2833,0.1331,0.1953,0.8187,0,0.7813
P09038,citric acid,mannitol,polysorbate 80,arginine,5.0,25,50.0,200.0,0.01,50.0,0.1308,0.2696,0.0968,0.8517,0,0.8684
P09038,phosphoric acid,trehalose,poloxamer 188,arginine,5.0,4,50.0,100.0,0.03,50.0,0.0775,0.2901,0.242,0.8172,0,0.7803
P09038,citric acid,sucrose,polysorbate 80,proline,5.0,40,50.0,100.0,0.08,100.0,0.1899,0.3557,0.2494,0.7181,0,0.7265
P09038,histidine,sucrose,polysorbate 20,arginine,6.0,4,30.0,200.0,0.045,150.0,0.0,0.1885,0.1006,0.9242,1,0.9324
P09038,citric acid,mannitol,polysorbate 20,proline,5.5,40,50.0,100.0,0.045,100.0,0.3163,0.3657,0.2117,0.6851,0,0.712
P09038,histidine,trehalose,polysorbate 80,none,6.5,25,50.0,100.0,0.045,0.0,0.0743,0.1679,0.1046,0.8694,0,0.8937
P09038,citric acid,trehalose,poloxamer 188,methionine,5.0,40,10.0,300.0,0.01,1.0,0.3043,0.199,0.1966,0.7119,1,0.7741
P09038,citric acid,trehalose,poloxamer 188,none,7.4,40,50.0,300.0,0.03,0.0,0.261,0.3635,0.2937,0.6797,1,0.6672
P09038,acetic acid,trehalose,polysorbate 20,proline,6.0,40,30.0,100.0,0.08,150.0,0.1852,0.3841,0.287,0.6727,1,0.7562
P09038,acetic acid,trehalose,polysorbate 80,none,7.0,4,10.0,300.0,0.08,0.0,0.0292,0.2894,0.309,0.8365,1,0.8176
P09038,acetic acid,sucrose,polysorbate 80,glycine,6.0,40,10.0,200.0,0.01,125.0,0.1377,0.3693,0.3044,0.6968,1,0.7496
P09038,phosphoric acid,trehalose,polysorbate 20,glycine,5.0,25,50.0,200.0,0.045,50.0,0.0563,0.2635,0.1878,0.8927,0,0.8596
P09038,histidine,trehalose,poloxamer 188,methionine,6.0,25,30.0,200.0,0.05,1.0,0.1931,0.0106,0.0775,0.9432,0,0.8951
P09038,histidine,sorbitol,polysorbate 80,proline,6.0,25,30.0,300.0,0.08,50.0,0.1751,0.175,0.1354,0.8499,1,0.8624
P09038,acetic acid,mannitol,poloxamer 188,none,6.0,25,10.0,300.0,0.03,0.0,0.33,0.2451,0.1986,0.7739,1,0.6806
P09038,acetic acid,mannitol,poloxamer 188,arginine,7.0,40,10.0,300.0,0.01,150.0,0.313,0.338,0.4025,0.6369,2,0.6455
P09038,histidine,trehalose,polysorbate 80,proline,6.5,4,50.0,200.0,0.01,50.0,0.0476,0.1447,0.1579,0.9433,0,0.8669
P09038,acetic acid,sorbitol,poloxamer 188,arginine,6.0,25,30.0,300.0,0.05,100.0,0.265,0.2587,0.2146,0.7722,1,0.7388
P09038,histidine,sucrose,polysorbate 80,arginine,6.5,25,10.0,200.0,0.045,50.0,0.0137,0.1692,0.1025,0.8972,0,0.8951
P09038,phosphoric acid,mannitol,poloxamer 188,methionine,5.5,40,50.0,200.0,0.01,5.5,0.3649,0.2169,0.2881,0.676,0,0.7299
P09038,acetic acid,sucrose,poloxamer 188,glycine,6.5,4,50.0,100.0,0.03,200.0,0.2168,0.266,0.2103,0.829,1,0.7808
P09038,histidine,sorbitol,polysorbate 80,proline,6.5,25,10.0,100.0,0.01,50.0,0.221,0.1381,0.1199,0.8628,0,0.8215
P09038,acetic acid,mannitol,polysorbate 20,glycine,5.0,4,10.0,200.0,0.045,50.0,0.2229,0.2594,0.2084,0.7416,0,0.7661
P09038,phosphoric acid,sorbitol,polysorbate 20,none,5.5,40,30.0,100.0,0.01,0.0,0.3599,0.354,0.3131,0.6221,0,0.6631
P09038,histidine,sorbitol,polysorbate 20,proline,5.5,4,30.0,200.0,0.045,100.0,0.2077,0.1479,0.1387,0.8634,0,0.8189
P09038,citric acid,sorbitol,polysorbate 20,none,6.5,4,50.0,300.0,0.01,0.0,0.2125,0.2774,0.1249,0.7729,1,0.8145
P09038,histidine,trehalose,polysorbate 20,proline,5.0,4,30.0,100.0,0.045,100.0,0.0638,0.1595,0.1648,0.8997,0,0.8695
P09038,histidine,sorbitol,polysorbate 20,none,7.4,4,30.0,100.0,0.08,0.0,0.1647,0.1945,0.1851,0.8187,0,0.8136
P09038,acetic acid,sucrose,polysorbate 80,glycine,7.4,4,30.0,300.0,0.08,50.0,0.09,0.2821,0.3089,0.8237,1,0.7747
P09038,acetic acid,trehalose,polysorbate 20,glycine,5.5,40,50.0,100.0,0.045,125.0,0.185,0.3681,0.3314,0.7186,1,0.726
P09038,histidine,mannitol,polysorbate 20,none,5.0,40,30.0,300.0,0.045,0.0,0.2867,0.2815,0.2102,0.6872,1,0.7298
P09038,acetic acid,sorbitol,polysorbate 20,proline,7.0,25,50.0,200.0,0.01,50.0,0.2167,0.2849,0.3084,0.742,0,0.7365
P09038,acetic acid,sorbitol,polysorbate 20,glycine,7.0,40,10.0,300.0,0.045,125.0,0.3009,0.3704,0.4304,0.6528,2,0.6275
P09038,phosphoric acid,sorbitol,poloxamer 188,proline,7.4,40,10.0,100.0,0.01,50.0,0.4124,0.3459,0.426,0.6251,0,0.5972
P09038,histidine,sorbitol,polysorbate 80,methionine,7.4,40,50.0,100.0,0.08,5.5,0.3236,0.146,0.3222,0.721,0,0.7063
P09038,histidine,mannitol,polysorbate 20,glycine,5.5,25,50.0,200.0,0.01,50.0,0.2346,0.1481,0.0894,0.8369,0,0.8232
P09603,acetic acid,sucrose,polysorbate 20,methionine,6.5,40,50.0,300.0,0.045,1.0,0.1869,0.2053,0.3617,0.7638,1,0.7162
P09603,phosphoric acid,trehalose,poloxamer 188,proline,6.0,40,30.0,200.0,0.03,150.0,0.3882,0.3679,0.3597,0.611,1,0.627
P09603,citric acid,sucrose,polysorbate 20,arginine,5.0,4,10.0,200.0,0.08,150.0,0.2761,0.3084,0.1177,0.7857,1,0.7838
P09603,phosphoric acid,mannitol,polysorbate 80,none,6.5,4,50.0,200.0,0.01,0.0,0.2817,0.3306,0.232,0.7609,0,0.7164
P09603,acetic acid,sucrose,poloxamer 188,methionine,5.5,40,30.0,300.0,0.01,5.5,0.5292,0.234,0.3348,0.6273,1,0.6079
P09603,phosphoric acid,trehalose,polysorbate 20,glycine,5.0,40,10.0,300.0,0.01,200.0,0.4026,0.3738,0.3549,0.6337,2,0.6226
P09603,acetic acid,mannitol,poloxamer 188,glycine,6.0,4,10.0,100.0,0.01,125.0,0.4651,0.257,0.2337,0.6844,1,0.6645
P09603,histidine,trehalose,polysorbate 80,none,7.4,40,10.0,300.0,0.045,0.0,0.1961,0.2979,0.3336,0.7182,1,0.7312
P09603,histidine,trehalose,polysorbate 20,proline,5.5,4,50.0,100.0,0.045,50.0,0.2977,0.1818,0.1397,0.7951,0,0.7851
P09603,citric acid,sorbitol,polysorbate 20,arginine,6.0,4,10.0,300.0,0.01,150.0,0.2145,0.2755,0.168,0.7746,2,0.7668
P09603,histidine,sucrose,polysorbate 20,none,5.0,4,10.0,200.0,0.045,0.0,0.445,0.1634,0.1155,0.7646,0,0.6968
P09603,citric acid,sucrose,polysorbate 80,methionine,6.0,4,30.0,100.0,0.045,1.0,0.1685,0.177,0.1116,0.8175,0,0.816
P09603,acetic acid,sucrose,polysorbate 20,arginine,5.5,40,30.0,200.0,0.045,150.0,0.3558,0.4066,0.3323,0.6329,1,0.6638
P09603,acetic acid,trehalose,polysorbate 80,proline,5.0,4,50.0,300.0,0.08,150.0,0.3986,0.2792,0.1965,0.7011,2,0.6893
P09603,histidine,sucrose,polysorbate 20,proline,6.5,40,50.0,300.0,0.01,50.0,0.1858,0.2804,0.2649,0.7641,1,0.7587
P09603,phosphoric acid,sucrose,polysorbate 80,none,5.0,40,10.0,300.0,0.08,0.0,0.4779,0.3913,0.3438,0.5908,1,0.5897
P09603,citric acid,trehalose,polysorbate 20,arginine,5.5,4,30.0,100.0,0.01,50.0,0.3073,0.2553,0.1322,0.7715,0,0.7696
P09603,citric acid,mannitol,polysorbate 20,methionine,5.5,4,30.0,300.0,0.08,10.0,0.4802,0.1336,0.1141,0.7619,1,0.7487
P09603,phosphoric acid,sorbitol,poloxamer 188,methionine,6.5,40,30.0,100.0,0.03,1.0,0.4187,0.234,0.3107,0.6369,0,0.651
P09603,citric acid,mannitol,polysorbate 20,arginine,7.0,40,30.0,100.0,0.01,150.0,0.3212,0.3865,0.3168,0.6598,1,0.6319
P09603,acetic acid,sorbitol,polysorbate 20,methionine,7.0,40,30.0,200.0,0.08,1.0,0.3702,0.2178,0.4352,0.6596,0,0.6664
P09603,acetic acid,sorbitol,polysorbate 80,none,6.0,25,50.0,100.0,0.045,0.0,0.3656,0.2825,0.2487,0.7105,0,0.698
P09603,citric acid,sucrose,poloxamer 188,proline,7.0,25,30.0,300.0,0.05,150.0,0.2068,0.2821,0.2065,0.798,2,0.778
P09603,phosphoric acid,sorbitol,polysorbate 80,arginine,5.5,25,30.0,100.0,0.045,50.0,0.3751,0.2584,0.2721,0.7278,0,0.6862
P09603,histidine,trehalose,poloxamer 188,proline,6.0,4,30.0,100.0,0.01,100.0,0.2414,0.1677,0.1686,0.8222,0,0.7915
P09603,histidine,mannitol,polysorbate 80,methionine,7.0,25,10.0,300.0,0.01,5.5,0.2589,0.0178,0.2726,0.8636,1,0.8
P09603,phosphoric acid,trehalose,poloxamer 188,glycine,5.0,40,30.0,300.0,0.05,200.0,0.5261,0.3318,0.3129,0.5507,2,0.5989
P09603,histidine,sorbitol,poloxamer 188,methionine,6.0,25,10.0,100.0,0.01,5.5,0.4157,0.0072,0.1369,0.8143,0,0.801
P09603,acetic acid,sucrose,polysorbate 20,methionine,5.0,4,30.0,100.0,0.08,5.5,0.3213,0.1315,0.2149,0.8071,0,0.7832
P09603,acetic acid,trehalose,poloxamer 188,arginine,6.0,4,50.0,300.0,0.01,100.0,0.1352,0.2688,0.2333,0.7735,1,0.802
P09603,phosphoric acid,trehalose,polysorbate 20,arginine,7.0,40,10.0,200.0,0.08,50.0,0.1221,0.4035,0.4206,0.6836,0,0.6738
P09603,histidine,sorbitol,polysorbate 80,methionine,7.4,25,30.0,200.0,0.045,5.5,0.2301,0.0105,0.2625,0.8384,0,0.8286
P09603,histidine,mannitol,polysorbate 20,none,5.0,25,30.0,300.0,0.045,0.0,0.4836,0.1587,0.1392,0.7431,1,0.6931
P09603,acetic acid,sucrose,polysorbate 20,none,5.0,4,10.0,100.0,0.01,0.0,0.4026,0.2671,0.2329,0.7229,0,0.6757
P09603,citric acid,sucrose,polysorbate 20,methionine,5.5,4,10.0,100.0,0.08,5.5,0.3266,0.1278,0.1451,0.7544,0,0.7509
P09603,histidine,sucrose,polysorbate 20,arginine,5.0,4,30.0,100.0,0.045,100.0,0.3168,0.2049,0.1243,0.7821,0,0.7804
P09603,acetic acid,mannitol,poloxamer 188,glycine,5.5,40,30.0,100.0,0.01,125.0,0.6963,0.3436,0.3248,0.4968,1,0.535
P09603,citric acid,sorbitol,poloxamer 188,methionine,7.4,4,50.0,300.0,0.01,10.0,0.4185,0.1296,0.2144,0.7589,1,0.7558
P09603,acetic acid,sorbitol,polysorbate 20,proline,7.4,25,10.0,100.0,0.045,100.0,0.2802,0.266,0.3617,0.7491,0,0.6791
P09603,histidine,mannitol,poloxamer 188,glycine,7.4,40,50.0,100.0,0.05,50.0,0.4884,0.3041,0.3662,0.5889,0,0.5964
P09603,histidine,sorbitol,polysorbate 80,glycine,5.0,40,10.0,200.0,0.045,50.0,0.6485,0.2599,0.2513,0.535,0,0.6086
P09603,acetic acid,sucrose,polysorbate 20,glycine,7.0,40,50.0,200.0,0.045,200.0,0.2025,0.4095,0.4524,0.6312,1,0.6889
P09603,acetic acid,trehalose,poloxamer 188,arginine,5.5,4,30.0,200.0,0.03,150.0,0.3754,0.3018,0.2273,0.7077,1,0.694
P09603,citric acid,sorbitol,polysorbate 80,arginine,6.0,25,10.0,300.0,0.045,150.0,0.1911,0.318,0.1454,0.745,2,0.7913
P09603,histidine,trehalose,polysorbate 20,arginine,7.4,4,10.0,100.0,0.045,50.0,0.0365,0.1826,0.2352,0.8997,0,0.8825
P09603,phosphoric acid,sucrose,polysorbate 20,none,6.5,25,30.0,100.0,0.08,0.0,0.1354,0.2773,0.2417,0.8147,0,0.7741
P09603,histidine,mannitol,polysorbate 20,glycine,5.5,25,50.0,200.0,0.08,125.0,0.4762,0.1933,0.1733,0.742,1,0.6858
P09603,histidine,sorbitol,polysorbate 20,proline,5.0,4,50.0,200.0,0.08,100.0,0.5363,0.1651,0.1565,0.6943,0,0.6686
P09603,citric acid,mannitol,polysorbate 80,methionine,5.5,40,30.0,300.0,0.08,5.5,0.5506,0.1806,0.2075,0.6305,1,0.665
P09603,acetic acid,sucrose,poloxamer 188,arginine,7.4,4,10.0,100.0,0.01,50.0,0.1358,0.2525,0.3262,0.8125,0,0.7837
P09603,histidine,mannitol,polysorbate 80,arginine,7.0,4,30.0,100.0,0.08,150.0,0.1964,0.2073,0.2505,0.7942,1,0.7785
P09603,acetic acid,sorbitol,polysorbate 20,arginine,5.5,40,50.0,200.0,0.045,50.0,0.4368,0.382,0.3648,0.6015,0,0.6293
P09603,citric acid,trehalose,polysorbate 20,proline,7.4,40,30.0,300.0,0.01,50.0,0.1845,0.411,0.3387,0.7146,1,0.7009
P09603,citric acid,sorbitol,poloxamer 188,proline,7.4,4,10.0,200.0,0.05,50.0,0.3815,0.3136,0.2387,0.71,0,0.7075
P09603,citric acid,trehalose,polysorbate 20,methionine,5.5,4,50.0,200.0,0.045,5.5,0.3049,0.1077,0.1854,0.7993,0,0.7933
P09603,histidine,trehalose,polysorbate 20,arginine,5.5,40,10.0,300.0,0.045,100.0,0.3469,0.2719,0.2224,0.6903,1,0.6771
P09603,histidine,sorbitol,polysorbate 80,methionine,5.0,4,10.0,300.0,0.08,5.5,0.4863,0.039,0.1371,0.7355,1,0.7845
P09603,citric acid,trehalose,polysorbate 80,arginine,5.0,25,50.0,200.0,0.045,100.0,0.2848,0.3127,0.1373,0.7472,0,0.7565
P09603,phosphoric acid,mannitol,poloxamer 188,methionine,6.0,25,30.0,100.0,0.03,5.5,0.419,0.1106,0.2719,0.7324,0,0.6808
P09603,phosphoric acid,sorbitol,polysorbate 80,proline,7.4,40,50.0,300.0,0.01,50.0,0.3834,0.374,0.4304,0.563,1,0.6401
P10767,acetic acid,trehalose,poloxamer 188,glycine,6.0,25,10.0,100.0,0.05,200.0,0.1547,0.2839,0.3567,0.79,1,0.7447
P10767,acetic acid,mannitol,polysorbate 80,arginine,5.5,25,50.0,100.0,0.045,150.0,0.1124,0.2665,0.3422,0.7909,1,0.7765
P10767,acetic acid,trehalose,polysorbate 20,proline,6.0,25,50.0,200.0,0.045,100.0,0.0972,0.3019,0.3139,0.8517,0,0.7917
P10767,citric acid,sucrose,poloxamer 188,none,7.4,25,50.0,100.0,0.03,0.0,0.1934,0.3045,0.3858,0.7254,0,0.7111
P10767,acetic acid,mannitol,polysorbate 20,arginine,5.0,25,50.0,100.0,0.045,150.0,0.0921,0.2865,0.3458,0.8073,1,0.7604
P10767,citric acid,mannitol,poloxamer 188,none,7.4,4,30.0,200.0,0.03,0.0,0.2653,0.2902,0.3676,0.7215,0,0.7054
P10767,histidine,mannitol,polysorbate 80,methionine,5.0,4,30.0,300.0,0.01,1.0,0.1631,0.0418,0.2306,0.8609,1,0.8378
P10767,acetic acid,mannitol,polysorbate 80,methionine,6.0,40,10.0,100.0,0.045,1.0,0.3316,0.2403,0.4122,0.6549,0,0.6708
P10767,phosphoric acid,mannitol,poloxamer 188,none,5.5,4,50.0,200.0,0.01,0.0,0.2938,0.3186,0.3214,0.7092,0,0.6709
P10767,citric acid,sorbitol,poloxamer 188,arginine,6.0,4,10.0,200.0,0.03,50.0,0.3007,0.2937,0.2197,0.7698,0,0.7297
P10767,acetic acid,sorbitol,polysorbate 20,arginine,6.0,25,50.0,200.0,0.01,150.0,0.1545,0.2758,0.3235,0.7975,1,0.7475
P10767,acetic acid,mannitol,poloxamer 188,glycine,7.4,4,30.0,100.0,0.03,200.0,0.3979,0.2573,0.4692,0.6676,1,0.6289
P10767,citric acid,mannitol,polysorbate 20,arginine,6.0,40,50.0,200.0,0.08,50.0,0.2718,0.3701,0.3557,0.605,0,0.6591
P10767,acetic acid,sorbitol,polysorbate 80,glycine,7.0,25,50.0,200.0,0.08,200.0,0.199,0.2576,0.4342,0.764,1,0.7269
P10767,phosphoric acid,sorbitol,polysorbate 20,methionine,6.5,25,30.0,200.0,0.01,10.0,0.234,0.1194,0.3458,0.8039,0,0.7856
P10767,histidine,sorbitol,polysorbate 80,glycine,7.0,25,10.0,300.0,0.08,125.0,0.2334,0.1833,0.3205,0.7745,2,0.7445
P10767,citric acid,mannitol,polysorbate 80,methionine,5.5,25,50.0,100.0,0.045,10.0,0.234,0.138,0.2528,0.8134,0,0.7895
P10767,acetic acid,sucrose,polysorbate 80,arginine,6.0,40,10.0,200.0,0.08,50.0,0.1011,0.3724,0.42,0.6788,0,0.708
P10767,phosphoric acid,sorbitol,poloxamer 188,proline,5.0,4,50.0,300.0,0.05,150.0,0.3243,0.2686,0.3337,0.7323,2,0.7
P10767,histidine,trehalose,poloxamer 188,glycine,7.0,40,30.0,100.0,0.01,200.0,0.261,0.3026,0.461,0.64,1,0.65
P10767,citric acid,mannitol,poloxamer 188,proline,7.4,4,30.0,300.0,0.05,50.0,0.3458,0.2798,0.2941,0.6909,1,0.6845
P10767,histidine,sucrose,polysorbate 80,glycine,7.0,4,50.0,100.0,0.01,50.0,0.0585,0.1744,0.3391,0.8857,0,0.8167
P10767,histidine,sorbitol,polysorbate 80,none,6.5,25,10.0,100.0,0.045,0.0,0.2756,0.2113,0.2671,0.7786,0,0.707
P10767,acetic acid,sorbitol,polysorbate 80,glycine,7.0,25,50.0,300.0,0.045,200.0,0.2239,0.3037,0.4368,0.7669,2,0.7055
P10767,histidine,sorbitol,polysorbate 80,arginine,5.5,4,50.0,300.0,0.01,50.0,0.1471,0.2044,0.2451,0.7809,1,0.7963
P10767,citric acid,sorbitol,polysorbate 20,proline,6.0,40,10.0,300.0,0.045,100.0,0.346,0.3665,0.334,0.6139,1,0.6871
P10767,phosphoric acid,sorbitol,polysorbate 20,arginine,6.5,25,30.0,100.0,0.01,100.0,0.2139,0.265,0.3414,0.7531,0,0.7448
P10767,acetic acid,sucrose,poloxamer 188,methionine,5.0,40,30.0,100.0,0.05,10.0,0.3087,0.2489,0.4451,0.7215,0,0.6477
P10767,acetic acid,sucrose,polysorbate 20,glycine,6.5,40,30.0,200.0,0.01,50.0,0.1254,0.3748,0.4071,0.6761,0,0.6952
P10767,phosphoric acid,trehalose,polysorbate 20,none,6.5,40,10.0,100.0,0.08,0.0,0.1658,0.3636,0.4488,0.6747,0,0.6864
P10767,citric acid,mannitol,poloxamer 188,none,6.0,25,50.0,100.0,0.03,0.0,0.3703,0.2674,0.2332,0.7324,0,0.6629
P10767,phosphoric acid,sorbitol,polysorbate 80,methionine,6.5,25,50.0,300.0,0.01,10.0,0.1386,0.1396,0.3483,0.8743,1,0.8014
P10767,phosphoric acid,trehalose,poloxamer 188,proline,7.0,40,30.0,300.0,0.05,100.0,0.2847,0.3788,0.5444,0.647,1,0.5667
P10767,histidine,sucrose,polysorbate 80,glycine,5.5,4,50.0,100.0,0.045,200.0,0.1058,0.2254,0.2441,0.8742,1,0.8042
P10767,acetic acid,mannitol,polysorbate 80,glycine,5.0,4,50.0,200.0,0.045,50.0,0.2258,0.2834,0.2941,0.7425,0,0.7145
P10767,histidine,mannitol,polysorbate 80,arginine,7.4,4,30.0,200.0,0.08,150.0,0.1714,0.2001,0.3449,0.8189,1,0.7646
P10767,histidine,trehalose,polysorbate 20,arginine,7.4,25,30.0,100.0,0.08,150.0,0.0495,0.1829,0.3396,0.8521,1,0.8371
P10767,citric acid,trehalose,polysorbate 20,methionine,6.5,40,30.0,100.0,0.01,10.0,0.1808,0.2522,0.3158,0.7169,0,0.771
P10767,citric acid,sorbitol,poloxamer 188,glycine,5.0,40,10.0,300.0,0.05,50.0,0.4074,0.3736,0.3563,0.5915,1,0.6141
P10767,citric acid,sucrose,polysorbate 80,arginine,6.0,25,50.0,300.0,0.01,100.0,0.0221,0.3135,0.2699,0.8375,1,0.8408
P10767,citric acid,sorbitol,polysorbate 80,glycine,7.0,25,50.0,200.0,0.045,200.0,0.1983,0.2645,0.2915,0.8165,1,0.7366
P10767,citric acid,sucrose,polysorbate 20,methionine,7.4,25,10.0,300.0,0.01,1.0,0.0563,0.1145,0.3524,0.8651,1,0.8113
P10767,phosphoric acid,sucrose,polysorbate 80,methionine,5.5,4,50.0,300.0,0.045,1.0,0.0733,0.104,0.3217,0.833,1,0.8145
P10767,citric acid,mannitol,polysorbate 20,methionine,7.4,25,10.0,100.0,0.045,1.0,0.2488,0.0934,0.3088,0.8107,0,0.7689
P10767,citric acid,mannitol,polysorbate 20,none,5.0,40,50.0,100.0,0.08,0.0,0.4032,0.4194,0.3211,0.6098,0,0.6316
P10767,acetic acid,mannitol,poloxamer 188,arginine,5.0,25,30.0,200.0,0.01,100.0,0.2288,0.2528,0.3382,0.7615,0,0.7225
P10767,histidine,trehalose,polysorbate 80,none,7.4,25,50.0,100.0,0.01,0.0,0.1067,0.1677,0.3154,0.8461,0,0.8201
P10767,acetic acid,sucrose,poloxamer 188,none,7.4,4,30.0,100.0,0.03,0.0,0.1581,0.3012,0.4031,0.7542,0,0.7203
P10767,histidine,sorbitol,polysorbate 80,proline,7.4,4,10.0,100.0,0.045,150.0,0.2243,0.1714,0.3759,0.7667,1,0.7949
P10767,citric acid,mannitol,polysorbate 20,methionine,6.0,4,10.0,100.0,0.01,1.0,0.2565,0.1345,0.248,0.858,0,0.7628
P10767,acetic acid,sucrose,poloxamer 188,methionine,5.0,25,30.0,300.0,0.01,5.5,0.1265,0.1176,0.3391,0.8118,1,0.8128
P10767,acetic acid,trehalose,polysorbate 80,methionine,5.0,40,30.0,200.0,0.01,5.5,0.2276,0.2357,0.4326,0.6894,0,0.7264
P10767,acetic acid,sucrose,polysorbate 80,glycine,5.0,40,10.0,100.0,0.045,200.0,0.1687,0.4196,0.4771,0.6664,1,0.6633
P10767,histidine,sucrose,poloxamer 188,glycine,5.0,4,10.0,100.0,0.03,50.0,0.2244,0.2046,0.2223,0.7939,0,0.7557
P10767,phosphoric acid,sucrose,polysorbate 20,proline,7.0,40,10.0,200.0,0.01,150.0,0.189,0.396,0.5115,0.6442,1,0.6252
P10767,acetic acid,sorbitol,poloxamer 188,arginine,7.4,4,10.0,200.0,0.05,50.0,0.2198,0.2937,0.4238,0.7332,0,0.6643
P10767,acetic acid,mannitol,polysorbate 80,methionine,7.4,25,30.0,300.0,0.045,10.0,0.2157,0.1318,0.4239,0.7856,1,0.7506
P10767,citric acid,mannitol,polysorbate 20,none,7.0,4,10.0,200.0,0.045,0.0,0.2023,0.2532,0.3746,0.7555,0,0.7288
P10767,acetic acid,mannitol,polysorbate 80,glycine,5.5,40,10.0,200.0,0.08,200.0,0.3571,0.4533,0.4136,0.5975,1,0.583
P10767,citric acid,sucrose,polysorbate 20,glycine,5.0,4,50.0,200.0,0.08,125.0,0.0606,0.2683,0.2159,0.8513,1,0.801
P15514,histidine,sucrose,polysorbate 20,arginine,6.0,25,50.0,200.0,0.045,50.0,0.0398,0.2392,0.2759,0.8478,0,0.8222
P15514,histidine,mannitol,poloxamer 188,methionine,6.5,4,30.0,200.0,0.03,1.0,0.4982,0.0648,0.2603,0.712,0,0.6854
P15514,citric acid,trehalose,polysorbate 20,glycine,7.4,25,50.0,100.0,0.08,125.0,0.2265,0.3649,0.3537,0.7524,1,0.7152
P15514,histidine,mannitol,polysorbate 80,none,6.0,25,50.0,100.0,0.01,0.0,0.2195,0.2163,0.3187,0.8186,0,0.7511
P15514,phosphoric acid,sorbitol,polysorbate 20,arginine,5.0,40,30.0,300.0,0.08,100.0,0.2524,0.4255,0.4761,0.6118,1,0.5879
P15514,acetic acid,sorbitol,poloxamer 188,none,7.0,25,10.0,200.0,0.03,0.0,0.5999,0.3385,0.4448,0.5682,0,0.5035
P15514,citric acid,trehalose,polysorbate 80,proline,7.4,25,10.0,100.0,0.08,100.0,0.2664,0.3552,0.3724,0.7122,0,0.6928
P15514,phosphoric acid,sorbitol,polysorbate 80,none,6.0,25,30.0,300.0,0.045,0.0,0.2391,0.367,0.3583,0.714,1,0.6607
P15514,histidine,sucrose,polysorbate 20,none,7.4,25,30.0,100.0,0.045,0.0,0.277,0.2574,0.3935,0.7525,0,0.6581
P15514,acetic acid,sucrose,polysorbate 20,arginine,6.5,4,30.0,200.0,0.08,150.0,0.1921,0.3013,0.3854,0.7483,1,0.7312
P15514,citric acid,sorbitol,polysorbate 80,none,5.0,25,50.0,300.0,0.045,0.0,0.1847,0.3615,0.2382,0.7566,1,0.7262
P15514,histidine,sorbitol,polysorbate 80,proline,6.0,25,30.0,100.0,0.01,150.0,0.2054,0.24,0.3036,0.8385,1,0.7567
P15514,citric acid,trehalose,poloxamer 188,arginine,5.5,4,50.0,100.0,0.01,150.0,0.1615,0.3427,0.2774,0.7702,1,0.7532
P15514,acetic acid,mannitol,polysorbate 80,none,7.4,4,10.0,300.0,0.045,0.0,0.4226,0.3265,0.4659,0.6386,1,0.6097
P15514,phosphoric acid,sucrose,poloxamer 188,proline,7.0,40,10.0,300.0,0.01,100.0,0.5409,0.4371,0.6057,0.5047,1,0.4978
P15514,histidine,sucrose,poloxamer 188,methionine,5.0,40,10.0,100.0,0.01,5.5,0.3088,0.1945,0.3875,0.7218,0,0.6629
P15514,phosphoric acid,sorbitol,polysorbate 80,methionine,6.0,4,10.0,200.0,0.08,5.5,0.2019,0.2143,0.3619,0.7691,0,0.7213
P15514,phosphoric acid,sorbitol,poloxamer 188,proline,6.5,25,50.0,100.0,0.01,100.0,0.4896,0.3101,0.4093,0.6288,0,0.5872
P15514,histidine,mannitol,polysorbate 80,none,5.0,4,50.0,100.0,0.045,0.0,0.2757,0.2573,0.2864,0.7767,0,0.714
P15514,phosphoric acid,trehalose,polysorbate 20,none,5.0,40,50.0,100.0,0.045,0.0,0.1991,0.4535,0.4569,0.6428,0,0.6552
P15514,histidine,sucrose,polysorbate 80,none,7.0,40,50.0,300.0,0.08,0.0,0.4965,0.3025,0.4818,0.5596,1,0.5803
P15514,acetic acid,sucrose,poloxamer 188,arginine,7.0,25,50.0,300.0,0.05,100.0,0.4162,0.3703,0.4945,0.6505,1,0.603
P15514,phosphoric acid,mannitol,polysorbate 80,none,6.0,4,30.0,100.0,0.045,0.0,0.2668,0.3387,0.3849,0.7293,0,0.67
P15514,citric acid,sorbitol,polysorbate 20,arginine,7.4,4,30.0,300.0,0.045,100.0,0.3387,0.3374,0.3504,0.7191,1,0.6593
P15514,histidine,mannitol,poloxamer 188,none,5.0,25,50.0,200.0,0.05,0.0,0.4028,0.2056,0.2563,0.7266,0,0.723
P15514,citric acid,sorbitol,polysorbate 20,glycine,7.0,4,50.0,100.0,0.045,200.0,0.5682,0.3443,0.3449,0.5773,1,0.5724
P15514,citric acid,mannitol,polysorbate 20,proline,6.0,4,10.0,200.0,0.045,150.0,0.2004,0.3275,0.2775,0.7464,1,0.7704
P15514,citric acid,sorbitol,poloxamer 188,glycine,5.5,25,10.0,100.0,0.01,125.0,0.3948,0.3067,0.2488,0.6546,1,0.6598
P15514,phosphoric acid,sorbitol,poloxamer 188,arginine,5.5,4,30.0,100.0,0.05,50.0,0.301,0.3298,0.3767,0.6749,0,0.6836
P15514,histidine,trehalose,poloxamer 188,none,6.5,25,30.0,100.0,0.03,0.0,0.3396,0.2383,0.2656,0.7141,0,0.6899
P15514,citric acid,mannitol,polysorbate 80,proline,6.0,40,50.0,300.0,0.01,150.0,0.3537,0.4461,0.3885,0.6035,2,0.611
P15514,histidine,sucrose,poloxamer 188,proline,6.5,25,50.0,200.0,0.05,100.0,0.2878,0.2327,0.2669,0.8008,0,0.7487
P15514,phosphoric acid,sorbitol,poloxamer 188,glycine,7.4,4,50.0,300.0,0.05,50.0,0.5526,0.3501,0.4532,0.5856,1,0.5427
P15514,citric acid,sucrose,poloxamer 188,none,6.0,40,50.0,200.0,0.03,0.0,0.2632,0.4304,0.3633,0.675,0,0.615
P15514,phosphoric acid,sorbitol,polysorbate 80,none,7.4,40,30.0,100.0,0.01,0.0,0.576,0.4194,0.54,0.5094,0,0.4964
P15514,phosphoric acid,sorbitol,polysorbate 20,arginine,7.0,40,50.0,300.0,0.08,100.0,0.5805,0.4541,0.6087,0.471,1,0.4458
P15514,phosphoric acid,mannitol,polysorbate 20,proline,5.5,4,10.0,300.0,0.08,50.0,0.235,0.363,0.3519,0.7137,1,0.6854
P15514,acetic acid,mannitol,poloxamer 188,none,6.0,4,30.0,200.0,0.01,0.0,0.2782,0.3409,0.3297,0.7216,0,0.7048
P15514,histidine,mannitol,polysorbate 20,methionine,6.5,4,10.0,200.0,0.045,10.0,0.3753,0.1216,0.2382,0.7896,0,0.7554
P15514,histidine,trehalose,poloxamer 188,proline,5.5,4,10.0,300.0,0.05,50.0,0.1232,0.2923,0.2662,0.7922,1,0.755
P15514,histidine,sucrose,poloxamer 188,none,5.5,4,30.0,100.0,0.03,0.0,0.2014,0.2356,0.2695,0.7889,0,0.7806
P15514,citric acid,mannitol,poloxamer 188,methionine,7.4,25,50.0,100.0,0.03,5.5,0.5282,0.1494,0.3645,0.6237,0,0.6416
P15514,histidine,sucrose,polysorbate 20,methionine,6.5,25,10.0,100.0,0.045,10.0,0.2269,0.0914,0.2937,0.8041,0,0.8149
P15514,histidine,mannitol,polysorbate 80,glycine,7.4,4,30.0,100.0,0.08,125.0,0.4268,0.2732,0.3602,0.6585,1,0.653
P15514,phosphoric acid,sorbitol,poloxamer 188,none,7.4,4,50.0,300.0,0.03,0.0,0.4934,0.3213,0.4579,0.6138,1,0.5957
P15514,histidine,sorbitol,polysorbate 80,none,6.0,4,50.0,300.0,0.08,0.0,0.1667,0.2386,0.28,0.8096,1,0.804
P15514,histidine,sucrose,polysorbate 80,glycine,7.0,25,10.0,300.0,0.01,125.0,0.3707,0.2344,0.3793,0.7075,2,0.6598
P15514,acetic acid,trehalose,polysorbate 20,glycine,7.4,25,30.0,100.0,0.01,200.0,0.3053,0.325,0.4552,0.6787,1,0.6708
P15514,histidine,trehalose,polysorbate 80,methionine,5.0,25,50.0,300.0,0.01,10.0,0.0,0.096,0.2681,0.8839,1,0.8969
P15514,citric acid,sucrose,polysorbate 20,proline,7.0,25,50.0,300.0,0.01,150.0,0.3872,0.3499,0.3144,0.7046,2,0.6311
P15514,phosphoric acid,sorbitol,poloxamer 188,glycine,6.0,4,30.0,300.0,0.03,125.0,0.3453,0.3529,0.3499,0.6992,2,0.6433
P15514,acetic acid,mannitol,poloxamer 188,methionine,6.0,4,10.0,100.0,0.03,5.5,0.2959,0.2115,0.352,0.7307,0,0.7046
P15514,acetic acid,mannitol,polysorbate 80,methionine,5.0,4,30.0,200.0,0.08,1.0,0.2495,0.187,0.3784,0.7416,0,0.7157
P15514,phosphoric acid,sorbitol,poloxamer 188,glycine,6.5,25,50.0,200.0,0.05,50.0,0.4861,0.3761,0.3652,0.6414,0,0.584
P15514,histidine,mannitol,polysorbate 20,none,5.5,25,10.0,300.0,0.045,0.0,0.2102,0.2332,0.2641,0.8052,1,0.7942
P15514,phosphoric acid,mannitol,polysorbate 20,methionine,6.5,25,30.0,200.0,0.01,5.5,0.4004,0.2118,0.3482,0.6984,0,0.6574
P15514,acetic acid,trehalose,polysorbate 20,arginine,6.0,25,30.0,100.0,0.08,50.0,0.0375,0.3309,0.3821,0.7907,0,0.772
P15514,citric acid,sucrose,poloxamer 188,none,6.0,4,50.0,300.0,0.01,0.0,0.1953,0.2968,0.3099,0.7652,1,0.6994
P15514,histidine,sorbitol,polysorbate 80,proline,6.0,40,10.0,300.0,0.01,150.0,0.3294,0.3388,0.3658,0.6632,2,0.6718
P15514,citric acid,mannitol,poloxamer 188,glycine,5.5,40,30.0,300.0,0.01,125.0,0.4336,0.4471,0.3654,0.6048,2,0.5532
P18075,citric acid,mannitol,polysorbate 20,methionine,5.5,40,50.0,100.0,0.01,1.0,0.3583,0.2694,0.3911,0.6307,0,0.6236
P18075,histidine,sucrose,poloxamer 188,methionine,6.5,4,10.0,200.0,0.03,1.0,0.1922,0.0737,0.3046,0.8147,0,0.8327
P18075,citric acid,trehalose,polysorbate 80,proline,7.4,4,30.0,300.0,0.045,50.0,0.3398,0.3105,0.349,0.693,1,0.6665
P18075,phosphoric acid,sucrose,polysorbate 80,arginine,7.0,40,50.0,300.0,0.045,50.0,0.1857,0.4063,0.6059,0.6103,1,0.5873
P18075,histidine,trehalose,polysorbate 80,none,6.5,4,50.0,200.0,0.045,0.0,0.1207,0.1726,0.2707,0.9081,0,0.8185
P18075,acetic acid,sucrose,polysorbate 20,proline,6.5,4,10.0,200.0,0.08,150.0,0.0539,0.3169,0.3738,0.8118,1,0.7845
P18075,acetic acid,sorbitol,polysorbate 20,methionine,5.0,4,30.0,300.0,0.045,5.5,0.1896,0.2018,0.3797,0.8022,1,0.7371
P18075,phosphoric acid,trehalose,polysorbate 20,arginine,6.5,40,30.0,200.0,0.08,150.0,0.1461,0.413,0.4804,0.6529,1,0.6536
P18075,histidine,sorbitol,polysorbate 80,none,5.0,25,10.0,200.0,0.045,0.0,0.2581,0.2092,0.2578,0.7696,0,0.7706
P18075,acetic acid,sucrose,poloxamer 188,proline,6.0,4,50.0,100.0,0.01,150.0,0.1853,0.3157,0.3751,0.7178,1,0.6892
P18075,citric acid,trehalose,polysorbate 20,none,5.5,4,10.0,200.0,0.08,0.0,0.0976,0.3034,0.296,0.8301,0,0.7956
P18075,acetic acid,trehalose,polysorbate 80,methionine,6.0,25,30.0,300.0,0.045,1.0,0.1254,0.1664,0.3878,0.8107,1,0.8326
P18075,histidine,mannitol,poloxamer 188,none,7.0,25,10.0,200.0,0.05,0.0,0.475,0.2183,0.3826,0.6952,0,0.6268
P18075,citric acid,sorbitol,poloxamer 188,methionine,6.0,40,10.0,200.0,0.03,10.0,0.4178,0.2856,0.3764,0.6256,0,0.6176
P18075,acetic acid,sucrose,polysorbate 80,methionine,7.4,4,30.0,100.0,0.01,1.0,0.2506,0.1728,0.4929,0.7448,0,0.7288
P18075,histidine,trehalose,polysorbate 80,methionine,5.0,4,30.0,200.0,0.01,10.0,0.0664,0.047,0.2735,0.903,0,0.8927
P18075,acetic acid,trehalose,poloxamer 188,none,6.5,25,10.0,200.0,0.01,0.0,0.1642,0.3455,0.4142,0.7471,0,0.7314
P18075,acetic acid,mannitol,poloxamer 188,proline,7.0,25,50.0,200.0,0.05,150.0,0.3838,0.3396,0.4958,0.6627,1,0.5956
P18075,citric acid,trehalose,polysorbate 20,none,7.4,4,50.0,300.0,0.045,0.0,0.1802,0.3053,0.3623,0.7443,1,0.7301
P18075,phosphoric acid,sorbitol,polysorbate 20,glycine,6.0,40,50.0,100.0,0.01,200.0,0.3416,0.4016,0.4537,0.5878,1,0.6292
P18075,acetic acid,sucrose,polysorbate 20,methionine,5.5,4,30.0,100.0,0.01,5.5,0.0843,0.1578,0.3657,0.8526,0,0.8183
P18075,citric acid,trehalose,poloxamer 188,arginine,7.0,25,30.0,100.0,0.01,150.0,0.1108,0.3385,0.4036,0.7524,1,0.7136
P18075,acetic acid,trehalose,polysorbate 80,proline,7.4,40,10.0,200.0,0.08,50.0,0.372,0.403,0.5793,0.5255,0,0.5342
P18075,citric acid,mannitol,polysorbate 20,methionine,7.0,40,30.0,200.0,0.08,5.5,0.4617,0.2495,0.4997,0.5976,0,0.5544
P18075,phosphoric acid,trehalose,polysorbate 80,none,5.5,4,50.0,100.0,0.045,0.0,0.1232,0.3157,0.3657,0.7877,0,0.7558
P18075,citric acid,mannitol,poloxamer 188,arginine,5.5,40,50.0,300.0,0.03,100.0,0.362,0.4417,0.383,0.5686,1,0.5983
P18075,phosphoric acid,sorbitol,polysorbate 80,glycine,5.0,4,10.0,100.0,0.08,50.0,0.3424,0.3326,0.4222,0.7067,0,0.6414
P18075,citric acid,trehalose,polysorbate 20,arginine,6.0,4,10.0,100.0,0.08,100.0,0.0332,0.3174,0.2401,0.8439,0,0.8437
P18075,acetic acid,sorbitol,polysorbate 20,proline,7.0,4,10.0,300.0,0.045,100.0,0.2808,0.3263,0.4919,0.6732,1,0.6332
P18075,acetic acid,sorbitol,polysorbate 20,proline,7.0,25,50.0,100.0,0.08,50.0,0.3016,0.3017,0.4491,0.681,0,0.6825
P18075,citric acid,mannitol,poloxamer 188,glycine,6.5,40,30.0,200.0,0.05,125.0,0.41,0.4206,0.3648,0.6104,1,0.6266
P18075,histidine,sorbitol,poloxamer 188,proline,5.5,4,30.0,200.0,0.05,100.0,0.3634,0.2242,0.2702,0.7095,0,0.7452
P18075,acetic acid,trehalose,poloxamer 188,none,5.5,25,30.0,100.0,0.05,0.0,0.1814,0.3314,0.396,0.7377,0,0.73
P18075,histidine,trehalose,polysorbate 20,proline,7.0,4,10.0,300.0,0.045,100.0,0.1717,0.2527,0.3654,0.7567,1,0.7358
P18075,histidine,mannitol,polysorbate 20,none,5.0,40,30.0,100.0,0.08,0.0,0.3604,0.3193,0.367,0.5985,0,0.6594
P18075,phosphoric acid,sorbitol,polysorbate 20,arginine,7.4,40,30.0,200.0,0.08,50.0,0.5147,0.4274,0.587,0.51,0,0.4978
P18075,histidine,sorbitol,poloxamer 188,methionine,6.5,4,30.0,300.0,0.05,10.0,0.3488,0.076,0.2686,0.7681,1,0.7521
P18075,histidine,sucrose,polysorbate 20,arginine,7.0,40,10.0,300.0,0.08,50.0,0.1782,0.3118,0.4811,0.6977,1,0.7075
P18075,citric acid,sucrose,polysorbate 20,arginine,5.0,25,50.0,300.0,0.01,100.0,0.0293,0.3197,0.2487,0.8357,1,0.8187
P18075,histidine,mannitol,polysorbate 80,none,7.4,4,30.0,300.0,0.045,0.0,0.3637,0.2459,0.3777,0.7128,1,0.6947
P18075,citric acid,mannitol,poloxamer 188,arginine,7.4,25,30.0,300.0,0.05,50.0,0.4199,0.3296,0.3726,0.655,1,0.6059
P18075,histidine,trehalose,poloxamer 188,glycine,7.4,25,10.0,100.0,0.03,50.0,0.4521,0.2106,0.3888,0.6407,0,0.6629
P18075,phosphoric acid,trehalose,poloxamer 188,none,6.5,4,50.0,300.0,0.01,0.0,0.2024,0.32,0.3703,0.757,1,0.7577
P18075,phosphoric acid,mannitol,poloxamer 188,proline,5.0,25,30.0,300.0,0.05,50.0,0.2679,0.3337,0.3566,0.721,1,0.6808
P18075,acetic acid,sucrose,polysorbate 80,arginine,5.5,40,10.0,100.0,0.045,150.0,0.1113,0.4179,0.4521,0.7103,1,0.6586
P18075,histidine,trehalose,polysorbate 80,glycine,7.4,25,30.0,100.0,0.08,50.0,0.3183,0.2116,0.3514,0.743,0,0.6726
P18075,phosphoric acid,trehalose,poloxamer 188,glycine,6.0,4,30.0,300.0,0.03,50.0,0.172,0.2896,0.3841,0.749,1,0.7201
P18075,phosphoric acid,trehalose,poloxamer 188,proline,6.5,4,10.0,200.0,0.01,50.0,0.1963,0.3026,0.3737,0.7257,0,0.7312
P18075,phosphoric acid,mannitol,poloxamer 188,methionine,6.0,4,30.0,200.0,0.05,5.5,0.3904,0.2239,0.3767,0.7171,0,0.628
P18075,phosphoric acid,sorbitol,poloxamer 188,glycine,5.0,40,30.0,100.0,0.05,200.0,0.4992,0.4336,0.4651,0.5519,1,0.5256
P18075,citric acid,sorbitol,polysorbate 20,proline,5.5,25,50.0,300.0,0.08,150.0,0.2071,0.3276,0.2536,0.7886,2,0.7217
P18075,phosphoric acid,sucrose,poloxamer 188,glycine,6.0,4,30.0,200.0,0.01,50.0,0.156,0.2999,0.39,0.7573,0,0.7037
P18075,citric acid,sorbitol,polysorbate 80,methionine,7.0,25,30.0,300.0,0.045,10.0,0.2807,0.1675,0.3512,0.7442,1,0.7744
P18075,histidine,mannitol,poloxamer 188,arginine,7.4,25,10.0,100.0,0.03,100.0,0.4463,0.2116,0.3675,0.6761,0,0.6602
P18075,phosphoric acid,mannitol,poloxamer 188,arginine,5.5,25,30.0,100.0,0.03,150.0,0.3026,0.312,0.3501,0.7408,1,0.6784
P18075,citric acid,sucrose,polysorbate 20,none,6.5,40,50.0,300.0,0.045,0.0,0.2227,0.3732,0.3787,0.7116,1,0.6783
P18075,acetic acid,sorbitol,polysorbate 80,proline,7.4,25,50.0,200.0,0.045,150.0,0.4287,0.324,0.4637,0.6323,1,0.5855
P18075,acetic acid,mannitol,polysorbate 80,glycine,7.0,4,30.0,200.0,0.045,200.0,0.2967,0.3427,0.484,0.6867,1,0.6495
P18075,acetic acid,sucrose,polysorbate 80,none,5.5,25,50.0,300.0,0.08,0.0,0.0629,0.3026,0.3628,0.8115,1,0.754
P18075,citric acid,trehalose,polysorbate 80,proline,5.0,4,30.0,100.0,0.045,100.0,0.0891,0.3078,0.3173,0.7531,0,0.7732
P21583,acetic acid,trehalose,polysorbate 20,arginine,7.4,4,10.0,100.0,0.045,100.0,0.0694,0.3295,0.5558,0.7642,0,0.6933
P21583,histidine,trehalose,polysorbate 80,glycine,6.5,4,50.0,100.0,0.01,200.0,0.1387,0.2312,0.3252,0.7941,1,0.7676
P21583,phosphoric acid,sucrose,polysorbate 20,glycine,6.0,4,30.0,300.0,0.08,125.0,0.375,0.3752,0.4451,0.6391,2,0.5804
P21583,citric acid,sorbitol,poloxamer 188,methionine,6.5,40,10.0,100.0,0.03,1.0,0.57,0.3128,0.4358,0.4934,0,0.5608
P21583,phosphoric acid,trehalose,polysorbate 20,proline,6.0,40,50.0,200.0,0.08,100.0,0.4689,0.3954,0.5442,0.544,0,0.5291
P21583,histidine,mannitol,polysorbate 20,none,5.0,4,50.0,100.0,0.01,0.0,0.2657,0.2474,0.3327,0.7233,0,0.6787
P21583,phosphoric acid,mannitol,polysorbate 20,none,5.0,40,50.0,200.0,0.01,0.0,0.4105,0.4394,0.5425,0.5367,0,0.5306
P21583,citric acid,trehalose,polysorbate 20,glycine,5.0,4,30.0,200.0,0.01,125.0,0.0904,0.3185,0.2983,0.7939,1,0.7726
P21583,acetic acid,trehalose,polysorbate 20,glycine,6.0,25,30.0,300.0,0.045,50.0,0.3409,0.3263,0.4566,0.7014,1,0.6499
P21583,phosphoric acid,sorbitol,polysorbate 80,glycine,6.5,40,50.0,100.0,0.045,50.0,0.4701,0.4273,0.5211,0.5443,0,0.561
P21583,phosphoric acid,sucrose,poloxamer 188,methionine,5.0,4,30.0,100.0,0.05,10.0,0.2496,0.2155,0.4102,0.7304,0,0.7296
P21583,acetic acid,sorbitol,polysorbate 80,methionine,7.4,40,30.0,200.0,0.01,5.5,0.3389,0.3034,0.6404,0.578,0,0.577
P21583,acetic acid,mannitol,poloxamer 188,arginine,7.0,25,50.0,200.0,0.03,150.0,0.205,0.3045,0.5602,0.7321,1,0.6658
P21583,phosphoric acid,mannitol,polysorbate 80,glycine,6.5,40,30.0,300.0,0.01,50.0,0.371,0.4199,0.5162,0.5959,1,0.5591
P21583,histidine,mannitol,poloxamer 188,none,6.0,4,50.0,300.0,0.05,0.0,0.5401,0.2277,0.3279,0.6798,1,0.6026
P21583,acetic acid,sorbitol,polysorbate 80,methionine,6.0,4,10.0,200.0,0.045,5.5,0.4473,0.134,0.4401,0.6816,0,0.6202
P21583,histidine,mannitol,polysorbate 20,methionine,6.0,40,30.0,100.0,0.08,5.5,0.6417,0.1905,0.4402,0.5755,0,0.5674
P21583,citric acid,mannitol,polysorbate 20,methionine,5.0,25,30.0,200.0,0.08,1.0,0.248,0.1563,0.3571,0.7904,0,0.7502
P21583,histidine,mannitol,poloxamer 188,arginine,7.0,40,30.0,100.0,0.01,50.0,0.3423,0.3393,0.5256,0.6041,0,0.6326
P21583,histidine,trehalose,poloxamer 188,glycine,7.4,25,30.0,200.0,0.03,125.0,0.1612,0.1956,0.4197,0.8128,1,0.756
P21583,citric acid,sorbitol,polysorbate 80,arginine,6.0,25,10.0,100.0,0.08,150.0,0.4221,0.3169,0.3504,0.649,1,0.6371
P21583,histidine,sorbitol,poloxamer 188,arginine,6.0,40,50.0,200.0,0.03,100.0,0.5874,0.3092,0.428,0.5292,0,0.5429
P21583,histidine,trehalose,poloxamer 188,proline,7.4,40,50.0,100.0,0.03,50.0,0.3047,0.2533,0.5246,0.6394,0,0.6748
P21583,citric acid,mannitol,polysorbate 20,none,7.0,40,10.0,300.0,0.01,0.0,0.2819,0.4304,0.5706,0.5677,1,0.5948
P21583,phosphoric acid,sorbitol,polysorbate 80,methionine,6.0,40,50.0,100.0,0.045,10.0,0.5819,0.267,0.5247,0.5176,0,0.5842
P21583,histidine,sorbitol,polysorbate 80,proline,6.0,4,30.0,100.0,0.01,100.0,0.5313,0.2491,0.3506,0.6105,0,0.6155
P21583,citric acid,mannitol,polysorbate 20,methionine,7.0,40,30.0,100.0,0.01,1.0,0.3799,0.26,0.56,0.6221,0,0.6391
P21583,histidine,mannitol,polysorbate 80,arginine,7.0,25,50.0,300.0,0.08,100.0,0.1218,0.2052,0.4335,0.8317,1,0.7231
P21583,acetic acid,mannitol,poloxamer 188,methionine,6.5,40,10.0,200.0,0.03,5.5,0.4773,0.2789,0.5319,0.5692,0,0.5848
P21583,phosphoric acid,sorbitol,polysorbate 80,methionine,7.4,25,10.0,300.0,0.08,1.0,0.1978,0.1396,0.5816,0.7427,1,0.6833
P21583,acetic acid,mannitol,polysorbate 20,arginine,7.4,40,10.0,300.0,0.045,150.0,0.2675,0.4194,0.6395,0.599,2,0.597
P21583,phosphoric acid,sucrose,polysorbate 80,none,6.0,25,30.0,200.0,0.045,0.0,0.3293,0.3575,0.398,0.6966,0,0.6248
P21583,acetic acid,sucrose,polysorbate 80,none,7.0,4,50.0,200.0,0.08,0.0,0.1222,0.3299,0.5273,0.7599,0,0.7118
P21583,acetic acid,sorbitol,polysorbate 80,proline,7.0,40,30.0,100.0,0.045,150.0,0.3669,0.4065,0.631,0.555,1,0.5411
P21583,citric acid,sorbitol,poloxamer 188,arginine,5.0,25,10.0,100.0,0.01,150.0,0.3319,0.2868,0.3474,0.7059,1,0.6602
P21583,phosphoric acid,trehalose,polysorbate 80,methionine,7.0,25,30.0,100.0,0.045,10.0,0.0754,0.1728,0.4687,0.8102,0,0.7599
P21583,phosphoric acid,mannitol,polysorbate 20,arginine,7.4,40,50.0,300.0,0.045,150.0,0.2503,0.411,0.6364,0.6301,2,0.6055
P21583,acetic acid,trehalose,polysorbate 20,methionine,6.5,25,30.0,100.0,0.01,5.5,0.233,0.1671,0.4516,0.7617,0,0.7173
P21583,phosphoric acid,sucrose,poloxamer 188,proline,6.5,40,10.0,300.0,0.01,100.0,0.3849,0.4152,0.5706,0.5542,1,0.5627
P21583,acetic acid,sorbitol,polysorbate 20,glycine,7.4,4,50.0,100.0,0.01,200.0,0.2913,0.3477,0.5125,0.6855,1,0.6424
P21583,histidine,sorbitol,polysorbate 80,proline,7.0,4,10.0,300.0,0.08,100.0,0.2411,0.2048,0.4276,0.7765,1,0.6986
P21583,histidine,mannitol,polysorbate 80,none,7.4,25,50.0,300.0,0.01,0.0,0.2054,0.2586,0.4398,0.7378,1,0.6908
P21583,citric acid,sorbitol,polysorbate 20,glycine,5.5,25,50.0,100.0,0.045,50.0,0.4494,0.3004,0.3358,0.6696,0,0.6554
P21583,phosphoric acid,sucrose,polysorbate 80,glycine,7.0,25,30.0,100.0,0.08,200.0,0.1177,0.3128,0.5643,0.7402,1,0.6651
P21583,acetic acid,trehalose,polysorbate 80,methionine,7.0,40,10.0,300.0,0.045,1.0,0.1592,0.3059,0.644,0.666,1,0.6841
P21583,citric acid,sorbitol,poloxamer 188,arginine,5.0,40,10.0,300.0,0.05,100.0,0.3331,0.4014,0.4084,0.6221,1,0.6272
P21583,acetic acid,sorbitol,polysorbate 80,methionine,6.0,40,50.0,100.0,0.08,10.0,0.6523,0.282,0.5326,0.498,0,0.4971
P21583,histidine,sorbitol,polysorbate 20,arginine,6.0,25,50.0,100.0,0.045,100.0,0.3758,0.2813,0.3511,0.6993,0,0.6722
P21583,acetic acid,sorbitol,polysorbate 80,arginine,5.5,25,50.0,100.0,0.08,50.0,0.3807,0.3243,0.4281,0.6768,0,0.6297
P21583,phosphoric acid,sorbitol,poloxamer 188,proline,5.5,4,30.0,100.0,0.03,50.0,0.5151,0.3555,0.4466,0.6126,0,0.5812
P21583,phosphoric acid,sucrose,polysorbate 20,methionine,5.5,25,30.0,200.0,0.08,5.5,0.2734,0.1834,0.4569,0.7297,0,0.6996
P21583,phosphoric acid,sorbitol,poloxamer 188,proline,7.0,25,50.0,100.0,0.01,50.0,0.3514,0.308,0.5871,0.6215,0,0.5649
P21583,phosphoric acid,sucrose,polysorbate 80,proline,7.0,25,50.0,200.0,0.045,150.0,0.1204,0.3414,0.5202,0.7575,1,0.7227
P21583,citric acid,mannitol,polysorbate 20,methionine,7.4,25,10.0,300.0,0.08,1.0,0.2134,0.2291,0.4062,0.7785,1,0.7474
P21583,citric acid,mannitol,polysorbate 20,proline,7.4,4,10.0,100.0,0.08,100.0,0.2744,0.323,0.4349,0.7152,0,0.6792
P21583,citric acid,sucrose,polysorbate 20,proline,7.4,40,50.0,300.0,0.045,100.0,0.1824,0.4479,0.5203,0.634,1,0.6178
P21583,citric acid,mannitol,poloxamer 188,glycine,7.0,40,30.0,300.0,0.03,125.0,0.4028,0.4474,0.5429,0.5982,2,0.5457
P21583,acetic acid,trehalose,poloxamer 188,methionine,5.5,25,30.0,100.0,0.05,1.0,0.3912,0.1792,0.428,0.703,0,0.6839
P21583,phosphoric acid,trehalose,polysorbate 20,glycine,5.5,4,30.0,300.0,0.08,50.0,0.2595,0.3112,0.4222,0.7094,1,0.6777
P21583,citric acid,mannitol,polysorbate 20,methionine,7.0,40,10.0,300.0,0.08,1.0,0.3501,0.2503,0.5343,0.6309,1,0.5879
P05423,citric acid,mannitol,poloxamer 188,arginine,6.5,40,10.0,200.0,0.05,50.0,0.614,0.3673,0.1681,0.5644,0,0.5906
P05423,phosphoric acid,sucrose,polysorbate 80,methionine,7.0,40,10.0,100.0,0.045,10.0,0.328,0.2395,0.4185,0.6961,0,0.633
P05423,citric acid,trehalose,polysorbate 80,methionine,5.5,4,50.0,200.0,0.08,5.5,0.0908,0.1273,0.0871,0.9001,0,0.9017
P05423,histidine,trehalose,poloxamer 188,arginine,5.5,40,30.0,100.0,0.01,50.0,0.2147,0.2693,0.1661,0.7411,0,0.7882
P05423,citric acid,sorbitol,polysorbate 20,arginine,7.0,4,30.0,300.0,0.01,50.0,0.2993,0.298,0.1741,0.7617,1,0.7579
P05423,acetic acid,sucrose,polysorbate 20,arginine,6.5,4,10.0,300.0,0.08,50.0,0.3073,0.2797,0.1796,0.7611,1,0.7163
P05423,acetic acid,mannitol,poloxamer 188,arginine,7.0,25,10.0,300.0,0.03,150.0,0.3755,0.2958,0.2968,0.6963,2,0.6764
P05423,citric acid,sorbitol,polysorbate 80,proline,6.5,40,30.0,200.0,0.08,50.0,0.5942,0.395,0.1825,0.5518,0,0.5818
P05423,phosphoric acid,sorbitol,poloxamer 188,proline,7.4,25,30.0,300.0,0.01,100.0,0.3394,0.272,0.2972,0.7153,1,0.7254
P05423,phosphoric acid,mannitol,poloxamer 188,methionine,5.0,4,30.0,100.0,0.03,10.0,0.3841,0.1131,0.1854,0.7623,0,0.7503
P05423,acetic acid,sorbitol,polysorbate 80,glycine,5.0,25,50.0,200.0,0.01,125.0,0.2836,0.2748,0.1912,0.7767,1,0.7268
P05423,phosphoric acid,trehalose,polysorbate 80,arginine,5.5,4,30.0,300.0,0.045,100.0,0.0,0.2568,0.1663,0.8327,1,0.884
P05423,acetic acid,sucrose,poloxamer 188,proline,7.0,4,50.0,300.0,0.01,100.0,0.3729,0.2839,0.2557,0.7017,1,0.6798
P05423,citric acid,trehalose,polysorbate 20,glycine,5.5,40,50.0,100.0,0.045,200.0,0.1596,0.3981,0.2002,0.7036,1,0.7712
P05423,acetic acid,sorbitol,poloxamer 188,proline,5.5,25,30.0,200.0,0.03,50.0,0.3693,0.319,0.2413,0.6903,0,0.7407
P05423,phosphoric acid,mannitol,poloxamer 188,proline,7.4,25,30.0,200.0,0.03,150.0,0.3474,0.2691,0.2905,0.7106,1,0.7012
P05423,acetic acid,sorbitol,polysorbate 80,methionine,5.0,25,30.0,300.0,0.01,5.5,0.1672,0.1261,0.2097,0.8522,1,0.8352
P05423,phosphoric acid,sucrose,poloxamer 188,glycine,5.5,40,50.0,200.0,0.03,125.0,0.2877,0.4043,0.2509,0.6751,1,0.683
P05423,histidine,mannitol,polysorbate 20,methionine,6.0,40,50.0,300.0,0.01,1.0,0.4573,0.1521,0.1601,0.6692,1,0.6847
P05423,acetic acid,mannitol,polysorbate 80,arginine,5.5,4,30.0,300.0,0.045,150.0,0.1103,0.3075,0.1816,0.8005,2,0.7994
P05423,acetic acid,sucrose,poloxamer 188,methionine,7.4,40,30.0,100.0,0.03,10.0,0.28,0.2084,0.3918,0.6736,0,0.7302
P05423,acetic acid,sucrose,polysorbate 80,arginine,7.4,25,30.0,300.0,0.045,100.0,0.0092,0.2826,0.2784,0.8713,1,0.8437
P05423,phosphoric acid,sucrose,polysorbate 20,glycine,7.4,4,30.0,300.0,0.045,50.0,0.1014,0.2922,0.2798,0.8267,1,0.7811
P05423,citric acid,mannitol,poloxamer 188,glycine,7.0,4,30.0,100.0,0.03,200.0,0.4947,0.2754,0.1749,0.6707,1,0.6764
P05423,phosphoric acid,mannitol,poloxamer 188,arginine,5.5,4,50.0,300.0,0.05,100.0,0.2661,0.3043,0.1589,0.7963,1,0.7482
P05423,phosphoric acid,sorbitol,poloxamer 188,glycine,5.5,25,30.0,100.0,0.03,125.0,0.3582,0.2628,0.1868,0.7468,1,0.6922
P05423,phosphoric acid,trehalose,poloxamer 188,proline,6.0,40,50.0,100.0,0.01,50.0,0.4539,0.4078,0.2805,0.6172,0,0.6081
P05423,acetic acid,sorbitol,polysorbate 20,methionine,5.0,40,10.0,300.0,0.045,1.0,0.3323,0.1865,0.3324,0.7246,1,0.7057
P05423,acetic acid,sucrose,poloxamer 188,proline,7.0,25,30.0,300.0,0.03,150.0,0.2521,0.2867,0.2551,0.771,2,0.7448
P05423,histidine,sucrose,poloxamer 188,arginine,7.0,4,50.0,100.0,0.05,50.0,0.2364,0.2033,0.2001,0.8239,0,0.7846
P05423,acetic acid,trehalose,polysorbate 80,methionine,6.0,25,30.0,300.0,0.01,10.0,0.1598,0.1505,0.1786,0.8274,1,0.8644
P05423,phosphoric acid,sucrose,polysorbate 80,none,6.0,25,50.0,300.0,0.08,0.0,0.2653,0.2801,0.2272,0.7662,1,0.7341
P05423,acetic acid,sucrose,polysorbate 20,none,6.0,4,50.0,200.0,0.01,0.0,0.2001,0.3136,0.1684,0.8069,0,0.7642
P05423,histidine,trehalose,polysorbate 20,methionine,5.5,25,10.0,300.0,0.08,5.5,0.043,0.0515,0.0764,0.944,1,0.9671
P05423,acetic acid,trehalose,poloxamer 188,proline,7.4,40,10.0,100.0,0.01,50.0,0.3726,0.3938,0.3709,0.5984,0,0.6232
P05423,phosphoric acid,trehalose,polysorbate 80,arginine,7.0,40,10.0,100.0,0.08,100.0,0.2743,0.3612,0.3985,0.654,0,0.6281
P05423,histidine,mannitol,polysorbate 20,glycine,7.4,4,10.0,200.0,0.01,125.0,0.2301,0.1708,0.1825,0.858,1,0.8067
P05423,phosphoric acid,trehalose,polysorbate 80,proline,5.0,4,30.0,100.0,0.045,50.0,0.0649,0.2853,0.177,0.8595,0,0.847
P05423,acetic acid,trehalose,polysorbate 20,arginine,6.5,25,30.0,100.0,0.01,100.0,0.3419,0.2804,0.2168,0.7539,0,0.6999
P05423,histidine,sucrose,polysorbate 80,none,7.0,40,50.0,100.0,0.01,0.0,0.4109,0.2874,0.2673,0.679,0,0.7108
P05423,citric acid,sucrose,polysorbate 20,none,6.0,40,30.0,200.0,0.01,0.0,0.318,0.3708,0.1806,0.6897,0,0.7329
P05423,citric acid,sucrose,poloxamer 188,proline,6.5,25,50.0,100.0,0.03,50.0,0.5028,0.2829,0.114,0.685,0,0.7004
P05423,histidine,sorbitol,polysorbate 20,methionine,5.0,25,30.0,200.0,0.01,5.5,0.2148,0.0395,0.0817,0.8847,0,0.8701
P05423,phosphoric acid,trehalose,poloxamer 188,arginine,7.4,40,30.0,200.0,0.01,100.0,0.2683,0.3662,0.3692,0.7014,0,0.6916
P05423,phosphoric acid,sucrose,polysorbate 80,glycine,5.5,40,10.0,100.0,0.08,50.0,0.1186,0.3696,0.2478,0.7231,0,0.7046
P05423,citric acid,sorbitol,polysorbate 80,arginine,7.0,4,50.0,300.0,0.045,100.0,0.2772,0.2581,0.1852,0.7422,1,0.7578
P05423,acetic acid,trehalose,polysorbate 20,glycine,5.5,40,10.0,300.0,0.08,50.0,0.1444,0.4109,0.3122,0.7222,1,0.7188
P05423,phosphoric acid,sucrose,polysorbate 80,arginine,6.5,4,30.0,200.0,0.08,100.0,0.3485,0.2498,0.1559,0.7528,0,0.7839
P05423,phosphoric acid,mannitol,polysorbate 80,arginine,6.0,4,30.0,100.0,0.08,50.0,0.2996,0.2772,0.1552,0.7849,0,0.7695
P05423,acetic acid,sucrose,poloxamer 188,methionine,7.0,40,50.0,100.0,0.01,1.0,0.4683,0.2183,0.3699,0.5973,0,0.6379
P05423,histidine,mannitol,polysorbate 80,arginine,6.5,4,10.0,200.0,0.045,100.0,0.4066,0.1574,0.0755,0.7653,0,0.7567
P05423,acetic acid,trehalose,poloxamer 188,arginine,6.0,25,30.0,200.0,0.01,100.0,0.253,0.2825,0.1782,0.7821,0,0.7408
P05423,phosphoric acid,sucrose,polysorbate 20,methionine,7.4,40,10.0,100.0,0.01,10.0,0.2278,0.2339,0.3539,0.7378,0,0.7149
P05423,citric acid,trehalose,polysorbate 80,arginine,7.4,4,50.0,200.0,0.045,150.0,0.0307,0.3042,0.2025,0.8566,1,0.8285
P05423,histidine,trehalose,polysorbate 80,proline,5.5,40,50.0,200.0,0.045,150.0,0.2019,0.2944,0.1716,0.7307,1,0.738
P05423,acetic acid,mannitol,polysorbate 80,proline,6.5,25,50.0,100.0,0.08,150.0,0.5403,0.2793,0.2067,0.666,1,0.6648
P05423,histidine,sorbitol,poloxamer 188,arginine,5.5,4,10.0,100.0,0.05,50.0,0.2392,0.2037,0.0734,0.8441,0,0.792
P05423,citric acid,trehalose,polysorbate 20,proline,5.0,40,30.0,200.0,0.045,50.0,0.1805,0.3412,0.1787,0.7485,0,0.7614
P05423,acetic acid,sorbitol,polysorbate 80,methionine,7.0,25,50.0,200.0,0.01,10.0,0.3465,0.1478,0.2819,0.7509,0,0.7333
P05423,phosphoric acid,mannitol,polysorbate 20,glycine,6.0,25,30.0,300.0,0.045,200.0,0.4314,0.304,0.2073,0.7035,2,0.6774
O00175,histidine,mannitol,poloxamer 188,proline,5.0,25,30.0,300.0,0.01,150.0,0.2341,0.3898,0.1085,0.7302,2,0.7337
O00175,citric acid,sucrose,polysorbate 80,methionine,5.0,4,50.0,300.0,0.045,1.0,0.0,0.3526,0.1344,0.8895,1,0.8622
O00175,phosphoric acid,mannitol,polysorbate 20,methionine,7.0,4,50.0,100.0,0.045,10.0,0.2104,0.3147,0.2829,0.7394,0,0.7188
O00175,citric acid,trehalose,poloxamer 188,glycine,5.0,4,50.0,300.0,0.03,200.0,0.1512,0.4831,0.1248,0.765,2,0.7574
O00175,citric acid,sucrose,poloxamer 188,proline,7.0,4,50.0,300.0,0.01,100.0,0.1902,0.4798,0.2264,0.7344,1,0.7054
O00175,citric acid,sucrose,poloxamer 188,glycine,7.4,40,50.0,100.0,0.05,50.0,0.3159,0.6209,0.2991,0.5739,0,0.6032
O00175,acetic acid,trehalose,polysorbate 20,arginine,6.5,25,30.0,300.0,0.045,100.0,0.0,0.5151,0.2237,0.8374,1,0.7478
O00175,acetic acid,mannitol,polysorbate 80,proline,5.0,4,30.0,300.0,0.08,150.0,0.2023,0.4852,0.2301,0.6951,2,0.7114
O00175,phosphoric acid,trehalose,poloxamer 188,none,7.0,4,10.0,200.0,0.01,0.0,0.1538,0.4887,0.2891,0.7248,0,0.7268
O00175,citric acid,sorbitol,polysorbate 80,glycine,6.5,4,50.0,200.0,0.045,200.0,0.2219,0.5159,0.1514,0.7315,1,0.6999
O00175,citric acid,trehalose,polysorbate 20,arginine,5.5,25,10.0,200.0,0.01,150.0,0.0067,0.4925,0.108,0.7976,1,0.8357
O00175,citric acid,trehalose,polysorbate 20,glycine,7.4,25,30.0,100.0,0.08,50.0,0.0778,0.507,0.1973,0.786,0,0.7424
O00175,phosphoric acid,sucrose,poloxamer 188,none,6.5,4,50.0,200.0,0.03,0.0,0.1684,0.5209,0.2339,0.7291,0,0.6708
O00175,histidine,sorbitol,polysorbate 80,arginine,7.4,25,30.0,100.0,0.045,100.0,0.2491,0.4383,0.2325,0.7073,0,0.6968
O00175,histidine,sorbitol,polysorbate 20,none,5.5,40,50.0,200.0,0.045,0.0,0.3064,0.5286,0.2233,0.6085,0,0.6425
O00175,citric acid,sucrose,polysorbate 80,none,7.0,25,10.0,300.0,0.045,0.0,0.0896,0.5354,0.2486,0.769,1,0.7239
O00175,acetic acid,sorbitol,polysorbate 80,arginine,6.0,40,50.0,200.0,0.045,150.0,0.1454,0.6093,0.318,0.6482,1,0.6647
O00175,phosphoric acid,sorbitol,poloxamer 188,proline,6.0,4,10.0,100.0,0.05,100.0,0.2995,0.5145,0.2307,0.6933,0,0.6755
O00175,citric acid,sorbitol,polysorbate 80,none,6.5,40,30.0,100.0,0.08,0.0,0.3575,0.5952,0.2166,0.587,0,0.6156
O00175,acetic acid,sorbitol,poloxamer 188,none,7.4,25,10.0,300.0,0.01,0.0,0.3359,0.5162,0.3596,0.683,1,0.6045
O00175,histidine,sucrose,polysorbate 80,glycine,6.0,40,50.0,300.0,0.08,125.0,0.0409,0.5281,0.2073,0.7177,2,0.7551
O00175,acetic acid,sucrose,polysorbate 20,methionine,6.5,40,50.0,100.0,0.045,10.0,0.1759,0.4656,0.2869,0.661,0,0.7107
O00175,acetic acid,sucrose,polysorbate 80,none,5.5,4,50.0,200.0,0.01,0.0,0.0914,0.5162,0.2023,0.7486,0,0.7378
O00175,phosphoric acid,sorbitol,polysorbate 80,methionine,6.0,25,50.0,200.0,0.045,1.0,0.2299,0.3831,0.1771,0.7533,0,0.7133
O00175,phosphoric acid,sorbitol,polysorbate 80,proline,6.5,40,50.0,200.0,0.01,50.0,0.2731,0.6227,0.329,0.5971,0,0.6237
O00175,phosphoric acid,sorbitol,polysorbate 20,glycine,6.5,4,30.0,200.0,0.08,200.0,0.2083,0.4947,0.2618,0.711,1,0.7044
O00175,citric acid,mannitol,polysorbate 20,arginine,7.4,4,50.0,200.0,0.045,150.0,0.1429,0.4664,0.1772,0.7559,1,0.7709
O00175,acetic acid,trehalose,polysorbate 20,glycine,6.0,40,30.0,200.0,0.045,125.0,0.1963,0.6216,0.2983,0.6576,1,0.6262
O00175,phosphoric acid,trehalose,polysorbate 80,proline,5.0,4,10.0,300.0,0.045,150.0,0.0624,0.5032,0.2146,0.808,2,0.7456
O00175,phosphoric acid,trehalose,polysorbate 20,none,7.4,4,10.0,100.0,0.01,0.0,0.0488,0.5038,0.3101,0.8349,0,0.7498
O00175,acetic acid,mannitol,polysorbate 80,proline,7.0,25,30.0,100.0,0.045,50.0,0.2271,0.4822,0.2805,0.6879,0,0.6827
O00175,phosphoric acid,sucrose,polysorbate 20,glycine,6.5,4,10.0,300.0,0.01,200.0,0.0988,0.5258,0.2226,0.7517,2,0.7413
O00175,phosphoric acid,sucrose,polysorbate 20,glycine,7.4,4,10.0,100.0,0.045,200.0,0.0738,0.5377,0.3143,0.7446,1,0.6706
O00175,citric acid,trehalose,polysorbate 80,proline,5.5,4,50.0,200.0,0.045,100.0,0.0668,0.5201,0.0967,0.7829,0,0.8041
O00175,citric acid,sorbitol,polysorbate 80,none,7.0,25,50.0,300.0,0.045,0.0,0.1617,0.5245,0.2074,0.7287,1,0.6933
O00175,phosphoric acid,mannitol,polysorbate 20,methionine,6.0,25,10.0,200.0,0.08,5.5,0.234,0.4026,0.2337,0.7216,0,0.7382
O00175,histidine,trehalose,polysorbate 20,glycine,7.0,40,10.0,100.0,0.08,200.0,0.1798,0.5308,0.3342,0.5931,1,0.6485
O00175,acetic acid,mannitol,polysorbate 80,none,5.5,40,30.0,300.0,0.08,0.0,0.3343,0.6064,0.2976,0.5622,1,0.5569
O00175,citric acid,sorbitol,polysorbate 20,none,5.0,25,50.0,200.0,0.045,0.0,0.22,0.5476,0.1342,0.7647,0,0.7251
O00175,acetic acid,sucrose,polysorbate 80,arginine,7.0,25,50.0,300.0,0.01,100.0,0.0068,0.5428,0.3256,0.7656,1,0.7574
O00175,acetic acid,trehalose,polysorbate 80,proline,5.0,40,30.0,300.0,0.045,150.0,0.1996,0.5938,0.3036,0.6341,2,0.6676
O00175,histidine,sorbitol,polysorbate 20,glycine,6.5,4,50.0,200.0,0.045,200.0,0.2466,0.3749,0.1563,0.7448,1,0.7367
O00175,phosphoric acid,mannitol,polysorbate 80,none,7.0,25,10.0,300.0,0.08,0.0,0.1789,0.5573,0.3229,0.6796,1,0.6816
O00175,phosphoric acid,sucrose,poloxamer 188,arginine,7.4,25,50.0,100.0,0.01,150.0,0.1324,0.4996,0.3349,0.7137,1,0.6868
O00175,histidine,sorbitol,poloxamer 188,glycine,7.4,4,10.0,300.0,0.01,50.0,0.2457,0.3769,0.2542,0.7706,1,0.7137
O00175,histidine,sorbitol,poloxamer 188,arginine,6.0,4,10.0,200.0,0.05,150.0,0.2926,0.4002,0.1132,0.7414,1,0.7265
O00175,acetic acid,sorbitol,polysorbate 20,methionine,5.5,25,10.0,100.0,0.045,5.5,0.2329,0.3762,0.2211,0.764,0,0.7483
O00175,citric acid,sorbitol,polysorbate 20,methionine,5.0,4,30.0,200.0,0.01,1.0,0.2343,0.334,0.091,0.7909,0,0.7754
O00175,phosphoric acid,sucrose,polysorbate 20,methionine,5.0,40,30.0,100.0,0.08,1.0,0.192,0.453,0.3697,0.6368,0,0.6366
O00175,histidine,mannitol,polysorbate 80,glycine,5.0,40,10.0,100.0,0.045,125.0,0.3493,0.4958,0.2244,0.6283,1,0.6699
O00175,phosphoric acid,sucrose,poloxamer 188,none,6.0,4,10.0,100.0,0.05,0.0,0.1441,0.4922,0.2266,0.7648,0,0.7706
O00175,acetic acid,trehalose,poloxamer 188,glycine,6.0,4,50.0,100.0,0.05,125.0,0.218,0.5022,0.2003,0.7108,1,0.6902
O00175,citric acid,sorbitol,poloxamer 188,glycine,7.0,4,30.0,100.0,0.05,50.0,0.359,0.5085,0.1916,0.6568,0,0.6639
O00175,histidine,mannitol,polysorbate 20,arginine,6.0,40,10.0,300.0,0.08,50.0,0.2365,0.5147,0.2257,0.6883,1,0.688
O00175,histidine,sorbitol,polysorbate 80,none,5.5,40,30.0,200.0,0.08,0.0,0.3111,0.485,0.2231,0.5866,0,0.6595
O00175,acetic acid,sorbitol,polysorbate 80,none,5.0,25,10.0,200.0,0.01,0.0,0.2165,0.4761,0.1995,0.7469,0,0.7153
O00175,citric acid,sorbitol,polysorbate 80,methionine,5.0,25,10.0,200.0,0.08,10.0,0.2257,0.3595,0.1199,0.8027,0,0.7684
O00175,histidine,sucrose,poloxamer 188,proline,7.0,40,50.0,300.0,0.05,150.0,0.2123,0.536,0.3255,0.6274,2,0.6316
O00175,acetic acid,trehalose,polysorbate 20,proline,5.5,25,10.0,200.0,0.08,100.0,0.0845,0.501,0.2495,0.7591,0,0.7243
O00175,acetic acid,sorbitol,polysorbate 20,arginine,6.5,4,30.0,100.0,0.045,150.0,0.1862,0.5219,0.2214,0.7382,1,0.7018
O00585,acetic acid,sorbitol,polysorbate 20,methionine,6.0,40,50.0,100.0,0.08,1.0,0.3477,0.342,0.1625,0.6724,0,0.7366
O00585,citric acid,sucrose,polysorbate 20,none,7.4,40,50.0,100.0,0.08,0.0,0.1198,0.5097,0.1159,0.7135,0,0.7636
O00585,phosphoric acid,sucrose,poloxamer 188,arginine,5.0,25,30.0,100.0,0.03,150.0,0.1063,0.3888,0.0288,0.8403,1,0.8206
O00585,histidine,sorbitol,poloxamer 188,none,7.0,4,50.0,200.0,0.05,0.0,0.3329,0.2674,0.0519,0.7653,0,0.7609
O00585,histidine,trehalose,polysorbate 80,methionine,5.5,4,50.0,200.0,0.01,10.0,0.0827,0.1375,0.0,0.9083,0,0.9379
O00585,citric acid,sorbitol,polysorbate 80,none,7.4,40,10.0,100.0,0.045,0.0,0.3397,0.4853,0.1319,0.6066,0,0.6683
O00585,citric acid,sucrose,polysorbate 20,arginine,5.5,40,30.0,100.0,0.045,50.0,0.0877,0.4671,0.0373,0.7822,0,0.8078
O00585,phosphoric acid,sorbitol,polysorbate 80,glycine,5.5,40,10.0,300.0,0.08,125.0,0.3119,0.4718,0.1539,0.6524,2,0.6977
O00585,acetic acid,mannitol,polysorbate 80,proline,6.5,40,10.0,200.0,0.045,100.0,0.3002,0.4966,0.1453,0.6257,0,0.6911
O00585,phosphoric acid,trehalose,polysorbate 20,proline,7.0,4,50.0,300.0,0.045,50.0,0.0318,0.382,0.1942,0.8181,1,0.8211
O00585,acetic acid,trehalose,poloxamer 188,glycine,5.0,40,10.0,100.0,0.01,125.0,0.238,0.4777,0.1323,0.6725,1,0.6998
O00585,histidine,trehalose,poloxamer 188,proline,5.5,40,30.0,300.0,0.05,150.0,0.2793,0.3888,0.0505,0.6942,2,0.7883
O00585,acetic acid,mannitol,poloxamer 188,proline,6.0,40,30.0,100.0,0.01,100.0,0.4182,0.4254,0.1592,0.6012,0,0.6771
O00585,citric acid,sucrose,poloxamer 188,methionine,5.5,4,50.0,100.0,0.03,5.5,0.1793,0.2307,0.0,0.8349,0,0.8478
O00585,histidine,sucrose,polysorbate 80,arginine,6.5,4,10.0,300.0,0.01,50.0,0.0,0.2994,0.0,0.8983,1,0.9197
O00585,acetic acid,mannitol,polysorbate 20,glycine,6.5,40,10.0,300.0,0.08,50.0,0.2901,0.4717,0.119,0.713,1,0.6798
O00585,citric acid,mannitol,polysorbate 80,none,5.0,4,30.0,200.0,0.01,0.0,0.2144,0.368,0.0,0.7773,0,0.8435
O00585,phosphoric acid,sorbitol,polysorbate 80,arginine,6.5,25,10.0,200.0,0.08,50.0,0.1668,0.377,0.0303,0.8256,0,0.7966
O00585,citric acid,trehalose,poloxamer 188,glycine,6.0,40,50.0,200.0,0.01,125.0,0.312,0.4492,0.0477,0.6698,1,0.7063
O00585,histidine,trehalose,poloxamer 188,none,6.0,40,10.0,100.0,0.05,0.0,0.313,0.3794,0.0742,0.6606,0,0.76
O00585,phosphoric acid,sucrose,polysorbate 80,arginine,6.5,40,50.0,100.0,0.08,150.0,0.1859,0.4596,0.1879,0.6949,1,0.7039
O00585,citric acid,mannitol,polysorbate 20,arginine,5.5,4,50.0,100.0,0.01,100.0,0.1515,0.3896,0.0,0.8105,0,0.8344
O00585,histidine,sucrose,polysorbate 20,none,5.0,4,50.0,100.0,0.08,0.0,0.0908,0.2803,0.0,0.8892,0,0.8709
O00585,histidine,sucrose,poloxamer 188,methionine,7.0,40,30.0,200.0,0.05,10.0,0.281,0.2001,0.1758,0.7297,0,0.7974
O00585,acetic acid,sorbitol,poloxamer 188,glycine,7.4,25,50.0,200.0,0.03,200.0,0.317,0.3727,0.1401,0.713,1,0.6845
O00585,acetic acid,sorbitol,polysorbate 80,methionine,7.0,25,10.0,100.0,0.045,10.0,0.2091,0.2122,0.1542,0.8421,0,0.7975
O00585,citric acid,sorbitol,polysorbate 20,glycine,6.0,40,10.0,200.0,0.045,50.0,0.2976,0.4398,0.0596,0.7148,0,0.7565
O00585,histidine,sorbitol,polysorbate 20,none,5.5,25,10.0,300.0,0.045,0.0,0.2287,0.2814,0.0,0.8307,1,0.837
O00585,citric acid,sorbitol,polysorbate 20,methionine,6.5,40,30.0,200.0,0.045,5.5,0.3144,0.2914,0.0363,0.7294,0,0.7771
O00585,phosphoric acid,mannitol,polysorbate 20,methionine,5.5,40,50.0,100.0,0.01,1.0,0.3985,0.3203,0.1736,0.6511,0,0.6862
O00585,citric acid,trehalose,poloxamer 188,none,6.0,25,50.0,200.0,0.03,0.0,0.1342,0.3538,0.0,0.8403,0,0.859
O00585,phosphoric acid,trehalose,polysorbate 20,glycine,6.5,4,50.0,300.0,0.045,125.0,0.0628,0.3616,0.093,0.8459,2,0.8618
O00585,acetic acid,sucrose,polysorbate 80,glycine,6.0,40,10.0,300.0,0.045,200.0,0.1453,0.4828,0.1686,0.7175,2,0.6994
O00585,acetic acid,trehalose,polysorbate 20,arginine,7.4,4,30.0,300.0,0.08,50.0,0.0,0.3933,0.1605,0.8588,1,0.7994
O00585,phosphoric acid,trehalose,poloxamer 188,methionine,7.0,4,10.0,200.0,0.03,5.5,0.1524,0.2269,0.1582,0.8636,0,0.8206
O00585,citric acid,trehalose,polysorbate 20,proline,7.0,40,50.0,300.0,0.08,50.0,0.1696,0.469,0.1303,0.6703,1,0.761
O00585,histidine,sucrose,polysorbate 80,arginine,5.0,4,30.0,100.0,0.045,100.0,0.0159,0.2563,0.0,0.9293,0,0.9114
O00585,citric acid,trehalose,polysorbate 80,proline,5.0,25,50.0,200.0,0.08,100.0,0.0908,0.4059,0.0,0.8279,0,0.8377
O00585,acetic acid,mannitol,poloxamer 188,glycine,6.0,25,10.0,300.0,0.01,50.0,0.351,0.3359,0.0887,0.7438,1,0.7303
O00585,citric acid,sorbitol,polysorbate 80,none,7.0,25,10.0,300.0,0.08,0.0,0.2014,0.3599,0.071,0.7759,1,0.7971
O00585,acetic acid,mannitol,poloxamer 188,glycine,5.0,40,10.0,200.0,0.01,50.0,0.4125,0.4534,0.2017,0.617,0,0.6507
O00585,citric acid,sorbitol,polysorbate 20,methionine,6.5,4,10.0,300.0,0.08,5.5,0.2415,0.1902,0.0,0.7961,1,0.831
O00585,acetic acid,trehalose,polysorbate 20,arginine,6.5,40,50.0,200.0,0.045,50.0,0.0803,0.4803,0.1544,0.7396,0,0.7773
O00585,phosphoric acid,sucrose,polysorbate 80,glycine,7.0,25,50.0,200.0,0.01,50.0,0.0447,0.3387,0.1645,0.8615,0,0.8628
O00585,citric acid,mannitol,polysorbate 20,arginine,6.0,40,30.0,100.0,0.08,150.0,0.237,0.4825,0.0443,0.7254,1,0.7676
O00585,acetic acid,trehalose,polysorbate 20,proline,5.5,40,30.0,300.0,0.01,100.0,0.1637,0.4619,0.1692,0.725,1,0.7315
O00585,phosphoric acid,trehalose,polysorbate 80,glycine,7.4,25,30.0,200.0,0.045,125.0,0.0342,0.3629,0.1803,0.8643,1,0.8011
O00585,histidine,mannitol,poloxamer 188,methionine,7.4,4,30.0,300.0,0.01,1.0,0.2723,0.1441,0.0273,0.8525,1,0.8273
O00585,histidine,sucrose,polysorbate 20,methionine,5.5,25,30.0,200.0,0.01,10.0,0.1226,0.1032,0.0,0.9237,0,0.925
O00585,phosphoric acid,sorbitol,polysorbate 20,proline,7.0,25,30.0,300.0,0.045,50.0,0.1483,0.3246,0.1456,0.8191,1,0.7771
O00585,phosphoric acid,mannitol,poloxamer 188,glycine,6.5,25,30.0,100.0,0.03,200.0,0.3081,0.3799,0.0613,0.7478,1,0.76
O00585,histidine,mannitol,poloxamer 188,arginine,5.0,4,10.0,100.0,0.01,50.0,0.2255,0.2615,0.0,0.8327,0,0.8339
O00585,phosphoric acid,sucrose,polysorbate 80,none,5.5,4,10.0,100.0,0.08,0.0,0.1599,0.3407,0.0659,0.8539,0,0.8076
O00585,histidine,mannitol,poloxamer 188,arginine,5.5,40,50.0,200.0,0.05,100.0,0.3698,0.349,0.0363,0.6978,0,0.7525
O00585,histidine,sucrose,polysorbate 80,glycine,5.5,40,10.0,100.0,0.01,200.0,0.2243,0.4,0.0487,0.7544,1,0.7688
O00585,histidine,sucrose,polysorbate 20,glycine,5.5,4,50.0,100.0,0.045,125.0,0.1178,0.2728,0.0,0.8795,1,0.839
O00585,citric acid,sorbitol,polysorbate 80,methionine,7.0,40,10.0,200.0,0.045,10.0,0.2903,0.3207,0.1163,0.731,0,0.7702
O00585,histidine,sorbitol,polysorbate 80,none,5.0,4,10.0,100.0,0.045,0.0,0.2505,0.2462,0.0,0.8667,0,0.8289
O00585,citric acid,trehalose,poloxamer 188,arginine,7.4,4,10.0,100.0,0.03,50.0,0.126,0.3727,0.0606,0.8233,0,0.8189
O00585,citric acid,sorbitol,poloxamer 188,none,6.0,40,30.0,300.0,0.05,0.0,0.4345,0.5156,0.022,0.615,1,0.6413
O15467,phosphoric acid,trehalose,polysorbate 20,proline,6.0,40,10.0,300.0,0.01,150.0,0.2034,0.3716,0.6211,0.6457,2,0.6557
O15467,phosphoric acid,mannitol,polysorbate 80,arginine,5.0,4,30.0,200.0,0.08,50.0,0.1623,0.2874,0.5582,0.7655,0,0.6639
O15467,acetic acid,sucrose,poloxamer 188,methionine,5.0,40,50.0,100.0,0.03,10.0,0.2857,0.2243,0.6266,0.6366,0,0.6526
O15467,phosphoric acid,sucrose,poloxamer 188,proline,7.4,25,30.0,200.0,0.05,100.0,0.1894,0.2962,0.6529,0.7153,0,0.6235
O15467,phosphoric acid,sorbitol,polysorbate 20,methionine,6.0,40,50.0,100.0,0.01,10.0,0.3297,0.2372,0.6556,0.6222,0,0.5975
O15467,citric acid,sucrose,poloxamer 188,proline,6.5,25,30.0,200.0,0.03,100.0,0.161,0.3465,0.4681,0.7463,0,0.6865
O15467,acetic acid,sorbitol,polysorbate 80,glycine,7.4,25,30.0,100.0,0.01,125.0,0.2255,0.2807,0.6559,0.6568,1,0.5974
O15467,acetic acid,trehalose,polysorbate 20,proline,5.0,25,50.0,100.0,0.01,150.0,0.0699,0.2875,0.5452,0.8063,1,0.6926
O15467,citric acid,trehalose,polysorbate 80,arginine,6.5,25,10.0,200.0,0.045,50.0,0.0,0.3137,0.4526,0.8331,0,0.8111
O15467,histidine,sorbitol,polysorbate 20,glycine,6.0,40,30.0,100.0,0.01,125.0,0.3182,0.2813,0.5446,0.5903,1,0.6187
O15467,acetic acid,sorbitol,polysorbate 20,glycine,6.5,40,10.0,200.0,0.01,50.0,0.3488,0.3941,0.6624,0.5523,0,0.5304
O15467,phosphoric acid,sorbitol,poloxamer 188,proline,5.5,4,50.0,200.0,0.01,100.0,0.3604,0.2734,0.5559,0.6659,0,0.6363
O15467,acetic acid,sucrose,polysorbate 20,glycine,6.0,40,30.0,300.0,0.08,125.0,0.1848,0.3574,0.6262,0.6552,2,0.6297
O15467,histidine,trehalose,poloxamer 188,proline,6.0,40,30.0,300.0,0.01,100.0,0.242,0.3036,0.5537,0.6524,1,0.6616
O15467,acetic acid,sucrose,polysorbate 80,methionine,6.0,25,10.0,100.0,0.045,10.0,0.0778,0.1647,0.5342,0.8258,0,0.7879
O15467,citric acid,mannitol,poloxamer 188,methionine,6.0,40,30.0,300.0,0.03,10.0,0.3644,0.2265,0.5728,0.6449,1,0.611
O15467,citric acid,trehalose,polysorbate 20,none,5.5,40,50.0,300.0,0.01,0.0,0.1336,0.4024,0.5737,0.6378,1,0.6296
O15467,citric acid,sorbitol,poloxamer 188,methionine,5.0,25,50.0,100.0,0.03,1.0,0.3458,0.1459,0.444,0.7427,0,0.6705
O15467,phosphoric acid,sucrose,poloxamer 188,methionine,6.5,40,50.0,200.0,0.01,5.5,0.2089,0.2249,0.6513,0.6632,0,0.6304
O15467,acetic acid,trehalose,polysorbate 20,glycine,6.0,4,30.0,100.0,0.01,200.0,0.0346,0.273,0.568,0.8158,1,0.7576
O15467,histidine,mannitol,polysorbate 20,none,6.5,40,10.0,200.0,0.045,0.0,0.2979,0.2603,0.5599,0.6535,0,0.6428
O15467,acetic acid,mannitol,poloxamer 188,none,5.5,40,10.0,300.0,0.05,0.0,0.3453,0.366,0.6494,0.582,1,0.5726
O15467,histidine,mannitol,poloxamer 188,arginine,7.4,4,50.0,300.0,0.03,50.0,0.23,0.1899,0.5517,0.7544,1,0.6918
O15467,acetic acid,sorbitol,poloxamer 188,arginine,6.0,25,10.0,100.0,0.03,50.0,0.261,0.278,0.5516,0.7116,0,0.6521
O15467,histidine,sorbitol,polysorbate 80,proline,6.5,4,30.0,300.0,0.045,150.0,0.2171,0.2102,0.4553,0.7461,2,0.7312
O15467,citric acid,sorbitol,polysorbate 20,arginine,6.0,25,30.0,100.0,0.08,150.0,0.118,0.2617,0.4567,0.7933,1,0.7124
O15467,acetic acid,mannitol,polysorbate 80,none,5.5,25,10.0,100.0,0.01,0.0,0.2275,0.2712,0.5403,0.7384,0,0.6797
O15467,phosphoric acid,sorbitol,polysorbate 20,glycine,6.0,40,30.0,300.0,0.01,200.0,0.3051,0.3724,0.623,0.62,2,0.5912
O15467,acetic acid,mannitol,polysorbate 20,glycine,6.0,40,10.0,300.0,0.045,125.0,0.2845,0.3977,0.6486,0.5814,2,0.581
O15467,histidine,sucrose,poloxamer 188,glycine,6.5,4,10.0,100.0,0.01,50.0,0.1668,0.1765,0.4524,0.7799,0,0.758
O15467,citric acid,trehalose,polysorbate 80,proline,6.0,25,10.0,200.0,0.045,50.0,0.1284,0.2682,0.4167,0.7448,0,0.7401
O15467,acetic acid,sorbitol,poloxamer 188,arginine,7.0,25,50.0,200.0,0.05,50.0,0.2225,0.2875,0.6527,0.6622,0,0.5927
O15467,histidine,trehalose,polysorbate 20,glycine,5.0,25,10.0,100.0,0.01,200.0,0.0979,0.186,0.4415,0.7836,1,0.782
O15467,histidine,sucrose,poloxamer 188,glycine,6.5,4,10.0,100.0,0.01,50.0,0.2272,0.1889,0.4331,0.7667,0,0.6952
O15467,citric acid,mannitol,polysorbate 20,methionine,7.4,40,30.0,100.0,0.08,5.5,0.3708,0.235,0.6146,0.6023,0,0.6061
O15467,acetic acid,sucrose,poloxamer 188,methionine,7.0,4,10.0,100.0,0.05,1.0,0.179,0.1278,0.6255,0.7763,0,0.6894
O15467,citric acid,trehalose,poloxamer 188,methionine,5.0,25,50.0,100.0,0.05,5.5,0.1243,0.1259,0.4696,0.8108,0,0.8064
O15467,citric acid,sorbitol,polysorbate 80,glycine,7.0,4,50.0,300.0,0.08,125.0,0.2186,0.2901,0.5474,0.7147,2,0.656
O15467,phosphoric acid,mannitol,poloxamer 188,methionine,5.5,4,50.0,200.0,0.03,1.0,0.3133,0.1439,0.5313,0.7037,0,0.6497
O15467,phosphoric acid,mannitol,polysorbate 20,arginine,7.4,25,30.0,100.0,0.045,150.0,0.2204,0.2939,0.6561,0.6713,1,0.6393
O15467,acetic acid,trehalose,polysorbate 80,arginine,5.0,25,10.0,300.0,0.01,50.0,0.0,0.2876,0.5305,0.8108,1,0.7461
O15467,phosphoric acid,trehalose,poloxamer 188,proline,6.0,25,10.0,300.0,0.05,50.0,0.1327,0.298,0.5192,0.765,1,0.7154
O15467,phosphoric acid,trehalose,poloxamer 188,arginine,6.0,4,10.0,100.0,0.03,50.0,0.0826,0.2669,0.5455,0.7834,0,0.7202
O15467,acetic acid,sorbitol,poloxamer 188,proline,6.5,25,50.0,100.0,0.03,100.0,0.352,0.3186,0.5398,0.6213,0,0.6182
O15467,phosphoric acid,trehalose,polysorbate 80,none,5.0,4,10.0,300.0,0.01,0.0,0.1062,0.2912,0.5282,0.762,1,0.6893
O15467,histidine,mannitol,polysorbate 80,proline,6.5,25,50.0,300.0,0.01,50.0,0.225,0.1563,0.444,0.7542,1,0.7325
O15467,histidine,mannitol,polysorbate 80,glycine,6.5,40,30.0,100.0,0.045,125.0,0.328,0.2869,0.5504,0.6029,1,0.6301
O15467,histidine,mannitol,polysorbate 80,arginine,6.0,4,30.0,200.0,0.01,50.0,0.1409,0.1636,0.4948,0.8051,0,0.7431
O15467,histidine,sorbitol,polysorbate 80,arginine,5.0,4,50.0,100.0,0.045,150.0,0.2015,0.2202,0.4471,0.7709,1,0.6995
O15467,phosphoric acid,mannitol,polysorbate 80,none,6.5,4,50.0,300.0,0.01,0.0,0.2013,0.2793,0.5537,0.7316,1,0.6808
O15467,citric acid,sucrose,polysorbate 20,methionine,5.0,4,30.0,200.0,0.045,5.5,0.0795,0.1091,0.4312,0.8383,0,0.8005
O15467,citric acid,sucrose,poloxamer 188,arginine,7.4,4,30.0,300.0,0.03,150.0,0.1072,0.2601,0.5429,0.7896,2,0.7102
O15467,acetic acid,trehalose,polysorbate 20,arginine,7.4,25,10.0,100.0,0.08,100.0,0.0228,0.2805,0.6551,0.7711,0,0.7235
O15467,histidine,sucrose,poloxamer 188,methionine,7.0,40,30.0,100.0,0.05,10.0,0.2427,0.1261,0.6559,0.6946,0,0.6982
O15467,histidine,mannitol,polysorbate 20,arginine,7.0,25,30.0,200.0,0.08,50.0,0.1306,0.2129,0.5368,0.8031,0,0.7392
O15467,phosphoric acid,mannitol,poloxamer 188,none,7.0,4,30.0,300.0,0.05,0.0,0.2783,0.2895,0.649,0.6846,1,0.6027
O15467,phosphoric acid,sorbitol,polysorbate 80,none,6.5,25,30.0,200.0,0.045,0.0,0.2131,0.3107,0.548,0.7285,0,0.6526
O15467,citric acid,sorbitol,poloxamer 188,none,6.5,25,30.0,100.0,0.05,0.0,0.389,0.2698,0.4377,0.7064,0,0.6232
O15467,phosphoric acid,trehalose,polysorbate 20,proline,7.4,25,30.0,300.0,0.08,50.0,0.1037,0.3012,0.6469,0.7025,1,0.6737
O15467,histidine,mannitol,poloxamer 188,glycine,7.0,25,50.0,300.0,0.05,50.0,0.3087,0.2067,0.5818,0.6844,1,0.656
O60383,citric acid,trehalose,poloxamer 188,methionine,5.0,25,10.0,300.0,0.05,1.0,0.1911,0.2049,0.239,0.7754,1,0.7873
O60383,histidine,sucrose,polysorbate 20,none,7.4,4,50.0,100.0,0.08,0.0,0.0668,0.2294,0.3486,0.8408,0,0.8228
O60383,phosphoric acid,sorbitol,polysorbate 80,proline,7.4,25,50.0,200.0,0.08,150.0,0.245,0.3075,0.3786,0.737,1,0.6919
O60383,acetic acid,trehalose,poloxamer 188,proline,7.4,25,50.0,100.0,0.01,150.0,0.1721,0.2995,0.4143,0.7546,1,0.7303
O60383,acetic acid,trehalose,poloxamer 188,glycine,7.4,4,50.0,100.0,0.03,50.0,0.2071,0.3656,0.4083,0.7434,0,0.6859
O60383,histidine,mannitol,polysorbate 80,methionine,6.0,4,50.0,300.0,0.01,1.0,0.239,0.0747,0.2504,0.8378,1,0.7933
O60383,histidine,sucrose,polysorbate 80,proline,5.0,4,10.0,300.0,0.01,50.0,0.0678,0.2287,0.2388,0.8329,1,0.8321
O60383,phosphoric acid,sorbitol,polysorbate 80,methionine,6.0,40,30.0,100.0,0.08,10.0,0.3633,0.2841,0.4559,0.6437,0,0.6325
O60383,phosphoric acid,mannitol,polysorbate 20,proline,5.5,25,30.0,300.0,0.08,100.0,0.2246,0.3394,0.3371,0.7044,1,0.7012
O60383,histidine,sorbitol,polysorbate 80,methionine,6.0,25,10.0,200.0,0.08,5.5,0.1903,0.109,0.2278,0.8418,0,0.8408
O60383,acetic acid,sucrose,polysorbate 20,none,7.0,25,50.0,200.0,0.01,0.0,0.0975,0.3109,0.4276,0.7755,0,0.7046
O60383,acetic acid,sucrose,polysorbate 20,arginine,6.5,25,50.0,100.0,0.01,50.0,0.0007,0.3298,0.3267,0.8058,0,0.8258
O60383,histidine,sorbitol,polysorbate 20,proline,5.5,40,30.0,100.0,0.045,100.0,0.3484,0.3342,0.337,0.6272,0,0.6684
O60383,acetic acid,trehalose,poloxamer 188,methionine,5.0,4,50.0,100.0,0.05,10.0,0.1904,0.1655,0.3405,0.8359,0,0.7865
O60383,histidine,sorbitol,polysorbate 80,none,5.5,25,30.0,300.0,0.08,0.0,0.2458,0.2231,0.197,0.8252,1,0.8167
O60383,acetic acid,sucrose,polysorbate 20,none,5.0,40,50.0,200.0,0.01,0.0,0.2311,0.4268,0.4059,0.627,0,0.6241
O60383,acetic acid,mannitol,polysorbate 80,arginine,6.0,40,30.0,200.0,0.01,150.0,0.2516,0.4656,0.4262,0.6305,1,0.6594
O60383,citric acid,sucrose,polysorbate 80,methionine,6.5,4,10.0,200.0,0.08,10.0,0.0727,0.2242,0.2688,0.8473,0,0.8115
O60383,citric acid,sorbitol,polysorbate 80,proline,5.5,4,30.0,300.0,0.08,100.0,0.239,0.3265,0.2059,0.7909,1,0.769
O60383,citric acid,sorbitol,poloxamer 188,arginine,5.0,4,10.0,100.0,0.05,150.0,0.2761,0.3082,0.2044,0.7583,1,0.7258
O60383,histidine,sorbitol,polysorbate 20,proline,7.4,25,10.0,300.0,0.08,150.0,0.2079,0.2539,0.3437,0.7995,2,0.7178
O60383,phosphoric acid,sucrose,polysorbate 20,methionine,5.0,25,30.0,300.0,0.08,5.5,0.0578,0.1987,0.338,0.8803,1,0.8243
O60383,histidine,sucrose,polysorbate 80,proline,7.4,25,30.0,200.0,0.08,50.0,0.1402,0.2443,0.3502,0.7941,0,0.7658
O60383,citric acid,sucrose,polysorbate 80,glycine,5.0,40,10.0,300.0,0.01,125.0,0.1954,0.4657,0.3436,0.6617,2,0.7066
O60383,phosphoric acid,mannitol,polysorbate 20,arginine,7.4,4,50.0,200.0,0.01,150.0,0.089,0.305,0.4426,0.7846,1,0.7522
O60383,histidine,trehalose,polysorbate 80,glycine,6.0,4,50.0,300.0,0.045,50.0,0.0701,0.2449,0.2127,0.8674,1,0.8546
O60383,phosphoric acid,sucrose,poloxamer 188,arginine,5.0,40,50.0,200.0,0.05,150.0,0.2414,0.4738,0.4339,0.63,1,0.6007
O60383,histidine,mannitol,polysorbate 80,proline,5.5,25,10.0,100.0,0.08,100.0,0.2355,0.2296,0.25,0.7747,0,0.7778
O60383,acetic acid,sorbitol,polysorbate 80,arginine,5.5,25,50.0,300.0,0.08,150.0,0.1381,0.3299,0.334,0.7712,2,0.737
O60383,histidine,trehalose,poloxamer 188,glycine,7.0,4,10.0,200.0,0.05,50.0,0.1336,0.2285,0.3194,0.8038,0,0.7905
O60383,citric acid,trehalose,poloxamer 188,methionine,7.4,25,10.0,200.0,0.03,1.0,0.2045,0.1881,0.3489,0.8035,0,0.7512
O60383,acetic acid,sucrose,polysorbate 20,methionine,5.0,4,50.0,300.0,0.045,5.5,0.0542,0.1897,0.3405,0.8812,1,0.8431
O60383,acetic acid,trehalose,poloxamer 188,glycine,6.5,40,50.0,200.0,0.05,200.0,0.2685,0.4314,0.4424,0.646,1,0.6492
O60383,citric acid,trehalose,poloxamer 188,none,6.0,25,10.0,200.0,0.05,0.0,0.1829,0.3084,0.209,0.798,0,0.7785
O60383,histidine,sorbitol,polysorbate 80,none,5.0,40,10.0,300.0,0.01,0.0,0.2852,0.3344,0.3416,0.6443,1,0.7052
O60383,phosphoric acid,mannitol,polysorbate 20,proline,6.5,40,30.0,200.0,0.08,150.0,0.3235,0.4586,0.4183,0.5788,1,0.5984
O60383,phosphoric acid,mannitol,polysorbate 20,none,6.5,25,50.0,300.0,0.08,0.0,0.2153,0.3257,0.3247,0.7579,1,0.7154
O60383,citric acid,sorbitol,polysorbate 20,arginine,7.4,25,30.0,300.0,0.08,150.0,0.1361,0.2993,0.3368,0.7866,2,0.7869
O60383,histidine,mannitol,poloxamer 188,proline,6.0,25,50.0,300.0,0.01,100.0,0.2899,0.1973,0.2414,0.7835,1,0.7323
O60383,phosphoric acid,trehalose,poloxamer 188,glycine,6.0,25,10.0,200.0,0.05,200.0,0.1389,0.3642,0.3573,0.714,1,0.7188
O60383,acetic acid,mannitol,polysorbate 20,none,6.5,40,50.0,100.0,0.08,0.0,0.4014,0.424,0.4192,0.5728,0,0.5641
O60383,citric acid,mannitol,polysorbate 80,proline,7.4,40,50.0,200.0,0.01,100.0,0.2836,0.4545,0.3921,0.6267,0,0.6503
O60383,citric acid,sucrose,poloxamer 188,proline,7.4,4,10.0,300.0,0.05,100.0,0.1246,0.315,0.3533,0.7957,1,0.7373
O60383,citric acid,sorbitol,polysorbate 20,glycine,6.5,25,50.0,200.0,0.08,125.0,0.2709,0.3576,0.2344,0.7195,1,0.7058
O60383,phosphoric acid,trehalose,polysorbate 20,none,5.0,25,10.0,200.0,0.08,0.0,0.0934,0.3297,0.3478,0.7636,0,0.7295
O60383,acetic acid,sucrose,polysorbate 80,glycine,6.0,25,30.0,300.0,0.08,125.0,0.0735,0.3236,0.3165,0.7748,2,0.7789
O60383,acetic acid,trehalose,polysorbate 20,arginine,6.5,40,30.0,300.0,0.01,100.0,0.0865,0.4465,0.4304,0.6927,1,0.7258
O60383,acetic acid,sorbitol,polysorbate 20,arginine,5.5,4,10.0,200.0,0.01,50.0,0.1154,0.3442,0.2956,0.7747,0,0.7376
O60383,histidine,mannitol,polysorbate 80,none,7.0,25,10.0,100.0,0.08,0.0,0.2749,0.2322,0.3287,0.7325,0,0.7158
O60383,acetic acid,trehalose,polysorbate 80,none,5.0,4,10.0,200.0,0.08,0.0,0.0619,0.3411,0.3092,0.8377,0,0.7466
O60383,phosphoric acid,mannitol,polysorbate 20,glycine,5.5,4,50.0,300.0,0.08,125.0,0.1939,0.367,0.3203,0.722,2,0.7206
O60383,phosphoric acid,trehalose,polysorbate 80,arginine,7.0,40,30.0,100.0,0.01,100.0,0.1072,0.4168,0.5071,0.736,0,0.6749
O60383,citric acid,sucrose,polysorbate 80,arginine,7.0,40,50.0,200.0,0.045,50.0,0.047,0.4634,0.4412,0.6886,0,0.6912
O60383,histidine,trehalose,polysorbate 20,glycine,5.5,25,50.0,100.0,0.01,50.0,0.1217,0.2285,0.1905,0.8804,0,0.817
O60383,phosphoric acid,sucrose,polysorbate 80,glycine,7.4,25,30.0,300.0,0.08,125.0,0.113,0.359,0.409,0.786,2,0.7114
O60383,acetic acid,trehalose,polysorbate 80,arginine,5.0,25,50.0,200.0,0.045,50.0,0.0,0.325,0.337,0.8259,0,0.7953
O60383,acetic acid,sorbitol,polysorbate 80,none,6.0,4,50.0,200.0,0.045,0.0,0.2691,0.3356,0.3121,0.7433,0,0.702
O60383,phosphoric acid,mannitol,polysorbate 80,methionine,7.0,40,30.0,200.0,0.08,1.0,0.2591,0.292,0.5368,0.6518,0,0.6655
O60383,phosphoric acid,trehalose,poloxamer 188,arginine,7.0,40,50.0,200.0,0.01,100.0,0.1846,0.4402,0.4977,0.6527,0,0.6839
O60383,citric acid,trehalose,polysorbate 20,proline,6.5,25,10.0,300.0,0.045,50.0,0.0383,0.3183,0.2148,0.8488,1,0.8035
O75888,acetic acid,sorbitol,polysorbate 80,none,5.5,40,50.0,100.0,0.045,0.0,0.3656,0.4089,0.3207,0.5816,0,0.6548
O75888,histidine,sorbitol,poloxamer 188,proline,6.0,25,10.0,200.0,0.03,150.0,0.3644,0.2086,0.1175,0.7726,1,0.7771
O75888,acetic acid,sorbitol,polysorbate 80,methionine,6.0,25,10.0,200.0,0.045,5.5,0.294,0.1229,0.2316,0.7975,0,0.7735
O75888,acetic acid,trehalose,polysorbate 80,glycine,7.0,40,50.0,300.0,0.08,50.0,0.1235,0.3863,0.3901,0.6974,1,0.6957
O75888,histidine,sorbitol,polysorbate 20,arginine,5.5,4,50.0,100.0,0.01,150.0,0.1595,0.1839,0.1119,0.8264,1,0.8185
O75888,histidine,mannitol,polysorbate 80,none,6.0,25,10.0,200.0,0.01,0.0,0.2472,0.1761,0.1315,0.8265,0,0.821
O75888,acetic acid,mannitol,polysorbate 80,glycine,6.5,25,10.0,300.0,0.01,50.0,0.2619,0.2858,0.1985,0.7872,1,0.7601
O75888,histidine,sucrose,poloxamer 188,glycine,6.0,40,30.0,200.0,0.01,50.0,0.2807,0.3198,0.2058,0.7013,0,0.7305
O75888,histidine,trehalose,poloxamer 188,arginine,5.0,4,30.0,100.0,0.05,50.0,0.0949,0.1936,0.1379,0.8853,0,0.8632
O75888,acetic acid,mannitol,poloxamer 188,glycine,5.5,40,10.0,100.0,0.01,125.0,0.4481,0.3986,0.325,0.5984,1,0.597
O75888,citric acid,mannitol,poloxamer 188,arginine,7.0,40,10.0,200.0,0.01,50.0,0.366,0.4016,0.2899,0.6285,0,0.6029
O75888,histidine,sorbitol,polysorbate 80,glycine,5.5,40,30.0,300.0,0.045,125.0,0.3341,0.3052,0.225,0.6719,2,0.7135
O75888,citric acid,sorbitol,polysorbate 80,arginine,7.4,4,10.0,300.0,0.08,50.0,0.1823,0.3203,0.2094,0.7919,1,0.7904
O75888,histidine,sorbitol,polysorbate 80,arginine,6.0,25,50.0,200.0,0.08,100.0,0.1113,0.1855,0.1367,0.892,0,0.8662
O75888,acetic acid,sorbitol,poloxamer 188,none,6.0,40,50.0,300.0,0.05,0.0,0.3745,0.391,0.2982,0.6299,1,0.6273
O75888,acetic acid,mannitol,poloxamer 188,methionine,5.5,40,30.0,100.0,0.01,1.0,0.4222,0.2007,0.3344,0.646,0,0.6737
O75888,histidine,mannitol,polysorbate 20,arginine,7.0,25,30.0,200.0,0.045,100.0,0.1562,0.1707,0.1848,0.8292,0,0.8164
O75888,histidine,mannitol,polysorbate 20,glycine,5.0,4,30.0,300.0,0.01,125.0,0.2306,0.1761,0.1449,0.8465,2,0.8276
O75888,citric acid,mannitol,polysorbate 20,glycine,5.5,4,10.0,200.0,0.045,125.0,0.2327,0.3223,0.1056,0.7885,1,0.7819
O75888,acetic acid,sorbitol,poloxamer 188,methionine,6.0,4,30.0,100.0,0.03,1.0,0.374,0.1547,0.2005,0.7532,0,0.7566
O75888,citric acid,trehalose,poloxamer 188,arginine,6.0,25,10.0,200.0,0.03,100.0,0.1278,0.2841,0.0783,0.8439,0,0.8527
O75888,acetic acid,sucrose,poloxamer 188,proline,6.0,40,50.0,200.0,0.01,100.0,0.3405,0.368,0.3015,0.6353,0,0.6901
O75888,histidine,mannitol,polysorbate 20,glycine,6.0,40,10.0,100.0,0.01,50.0,0.3519,0.2739,0.2212,0.6748,0,0.6862
O75888,phosphoric acid,sucrose,polysorbate 80,none,5.5,40,50.0,200.0,0.01,0.0,0.1595,0.4267,0.3177,0.6968,0,0.7079
O75888,acetic acid,sorbitol,polysorbate 20,none,6.5,25,50.0,200.0,0.045,0.0,0.2451,0.2976,0.2158,0.7718,0,0.7653
O75888,phosphoric acid,sucrose,poloxamer 188,none,5.0,25,30.0,200.0,0.05,0.0,0.187,0.2724,0.1978,0.7643,0,0.8247
O75888,histidine,sucrose,polysorbate 80,methionine,6.0,40,50.0,200.0,0.08,10.0,0.2122,0.1254,0.2044,0.7739,0,0.8471
O75888,phosphoric acid,trehalose,polysorbate 80,glycine,5.0,40,30.0,200.0,0.045,50.0,0.1437,0.3943,0.3078,0.7292,0,0.7298
O75888,histidine,sucrose,polysorbate 20,arginine,5.5,4,30.0,300.0,0.01,100.0,0.0,0.187,0.0906,0.9274,1,0.9454
O75888,citric acid,sorbitol,poloxamer 188,none,6.0,4,10.0,100.0,0.01,0.0,0.3008,0.276,0.0989,0.7695,0,0.782
O75888,histidine,mannitol,poloxamer 188,methionine,5.0,4,30.0,100.0,0.05,5.5,0.3478,0.0503,0.0975,0.8309,0,0.8321
O75888,histidine,sucrose,poloxamer 188,methionine,6.0,40,50.0,200.0,0.03,5.5,0.2643,0.1576,0.211,0.7757,0,0.7796
O75888,phosphoric acid,mannitol,poloxamer 188,glycine,7.4,40,50.0,300.0,0.05,200.0,0.4311,0.3912,0.4081,0.5838,2,0.5985
O75888,phosphoric acid,trehalose,polysorbate 80,arginine,6.5,25,30.0,200.0,0.08,100.0,0.0,0.3207,0.1728,0.8555,0,0.8501
O75888,acetic acid,sorbitol,polysorbate 80,none,6.0,25,10.0,100.0,0.08,0.0,0.2653,0.3235,0.1728,0.7521,0,0.7024
O75888,citric acid,trehalose,polysorbate 80,methionine,5.5,4,50.0,300.0,0.08,5.5,0.0706,0.1474,0.1418,0.9016,1,0.9059
O75888,acetic acid,sorbitol,polysorbate 20,none,6.0,25,10.0,100.0,0.01,0.0,0.2705,0.2833,0.1818,0.776,0,0.7224
O75888,acetic acid,sucrose,polysorbate 20,arginine,6.5,25,30.0,100.0,0.045,100.0,0.0618,0.2888,0.2339,0.8323,0,0.8239
O75888,histidine,mannitol,polysorbate 20,arginine,6.0,4,30.0,200.0,0.045,150.0,0.1626,0.1911,0.1013,0.8652,1,0.8287
O75888,citric acid,sorbitol,polysorbate 20,glycine,6.0,4,50.0,100.0,0.045,50.0,0.2167,0.3169,0.1245,0.7947,0,0.8142
O75888,phosphoric acid,sorbitol,polysorbate 80,arginine,5.0,4,50.0,100.0,0.01,150.0,0.1649,0.3185,0.2135,0.7753,1,0.8114
O75888,acetic acid,sorbitol,polysorbate 80,glycine,5.0,4,30.0,100.0,0.01,50.0,0.2827,0.2896,0.2245,0.7471,0,0.7493
O75888,phosphoric acid,mannitol,poloxamer 188,proline,7.4,40,10.0,100.0,0.01,100.0,0.3812,0.3716,0.4296,0.5951,0,0.6113
O75888,phosphoric acid,sucrose,polysorbate 80,none,5.0,4,50.0,100.0,0.01,0.0,0.0626,0.329,0.2338,0.8255,0,0.7981
O75888,citric acid,sorbitol,polysorbate 20,arginine,6.0,40,30.0,300.0,0.08,50.0,0.2705,0.4316,0.2291,0.7099,1,0.6751
O75888,phosphoric acid,trehalose,polysorbate 80,methionine,7.0,25,10.0,300.0,0.08,10.0,0.045,0.1182,0.3188,0.8863,1,0.8478
O75888,histidine,sorbitol,poloxamer 188,glycine,7.4,25,10.0,200.0,0.03,200.0,0.3606,0.2166,0.1795,0.7429,1,0.7533
O75888,citric acid,sorbitol,polysorbate 20,proline,7.0,25,30.0,300.0,0.08,100.0,0.2056,0.276,0.2304,0.7631,1,0.7598
O75888,acetic acid,trehalose,polysorbate 20,proline,5.5,4,30.0,100.0,0.08,50.0,0.1128,0.2805,0.2257,0.8142,0,0.8312
O75888,histidine,sucrose,polysorbate 80,none,5.0,4,10.0,200.0,0.01,0.0,0.0825,0.2054,0.1249,0.8678,0,0.8268
O75888,citric acid,sucrose,polysorbate 20,proline,7.4,25,50.0,100.0,0.08,100.0,0.1138,0.2934,0.2211,0.8177,0,0.7915
O75888,acetic acid,sorbitol,polysorbate 80,none,7.4,40,30.0,300.0,0.01,0.0,0.3799,0.3626,0.4247,0.5929,1,0.6052
O75888,acetic acid,sucrose,polysorbate 20,glycine,6.5,4,30.0,100.0,0.01,50.0,0.0934,0.2759,0.2214,0.8634,0,0.8228
O75888,phosphoric acid,sorbitol,polysorbate 80,methionine,6.5,40,30.0,300.0,0.045,5.5,0.3227,0.2223,0.3203,0.7333,1,0.7005
O75888,citric acid,mannitol,poloxamer 188,methionine,7.4,25,50.0,300.0,0.01,1.0,0.3083,0.1308,0.2002,0.7425,1,0.7855
O75888,citric acid,mannitol,polysorbate 20,arginine,6.5,25,10.0,100.0,0.01,50.0,0.1476,0.2598,0.1251,0.8164,0,0.8187
O75888,acetic acid,mannitol,polysorbate 80,glycine,6.5,4,10.0,300.0,0.045,200.0,0.2636,0.2638,0.1793,0.7849,2,0.7846
O75888,phosphoric acid,mannitol,polysorbate 20,arginine,5.0,25,50.0,100.0,0.01,50.0,0.1257,0.3002,0.2216,0.7742,0,0.8091
O75888,phosphoric acid,mannitol,poloxamer 188,methionine,7.0,40,50.0,300.0,0.01,5.5,0.4459,0.2358,0.435,0.6366,1,0.6224
O75888,histidine,sorbitol,poloxamer 188,none,7.0,25,50.0,200.0,0.01,0.0,0.3228,0.1725,0.2092,0.7887,0,0.7499
O95150,phosphoric acid,mannitol,polysorbate 80,methionine,7.0,40,10.0,200.0,0.045,5.5,0.3452,0.3383,0.4397,0.6149,0,0.6457
O95150,citric acid,mannitol,poloxamer 188,glycine,6.5,25,30.0,300.0,0.01,50.0,0.5902,0.3069,0.1446,0.6144,1,0.6385
O95150,phosphoric acid,sorbitol,polysorbate 20,arginine,7.0,4,10.0,100.0,0.045,50.0,0.2516,0.3757,0.3259,0.684,0,0.6799
O95150,acetic acid,sucrose,polysorbate 20,arginine,5.0,25,50.0,300.0,0.045,50.0,0.0,0.3833,0.2125,0.8631,1,0.8083
O95150,phosphoric acid,sucrose,polysorbate 20,none,5.5,40,50.0,300.0,0.045,0.0,0.2211,0.4527,0.3396,0.6757,1,0.6493
O95150,histidine,trehalose,polysorbate 20,none,7.4,25,10.0,300.0,0.08,0.0,0.0319,0.2666,0.284,0.8332,1,0.8628
O95150,citric acid,sucrose,poloxamer 188,methionine,5.0,25,50.0,100.0,0.03,1.0,0.2458,0.211,0.13,0.7985,0,0.798
O95150,histidine,trehalose,poloxamer 188,proline,5.5,40,30.0,300.0,0.03,100.0,0.268,0.3614,0.2659,0.669,1,0.6998
O95150,citric acid,sorbitol,polysorbate 80,glycine,6.0,4,30.0,200.0,0.08,200.0,0.3759,0.3704,0.1412,0.7116,1,0.6918
O95150,histidine,sucrose,polysorbate 80,arginine,5.0,4,10.0,200.0,0.01,50.0,0.0,0.273,0.1353,0.8973,0,0.8818
O95150,acetic acid,mannitol,polysorbate 80,none,7.0,25,50.0,100.0,0.045,0.0,0.3615,0.3765,0.3398,0.7049,0,0.6489
O95150,phosphoric acid,sucrose,polysorbate 20,arginine,6.0,4,30.0,100.0,0.08,100.0,0.2527,0.3751,0.1991,0.7727,0,0.7294
O95150,histidine,sucrose,polysorbate 80,glycine,5.5,25,10.0,300.0,0.08,200.0,0.1087,0.2686,0.129,0.8547,2,0.8254
O95150,citric acid,sorbitol,poloxamer 188,proline,5.0,25,30.0,200.0,0.01,150.0,0.3572,0.3607,0.1283,0.7047,1,0.7158
O95150,acetic acid,trehalose,polysorbate 80,glycine,7.0,40,30.0,300.0,0.08,200.0,0.2501,0.4707,0.4154,0.5937,2,0.6467
O95150,histidine,trehalose,poloxamer 188,methionine,7.0,25,30.0,200.0,0.05,5.5,0.3057,0.0924,0.2677,0.8022,0,0.7696
O95150,citric acid,sucrose,polysorbate 80,methionine,5.5,4,50.0,200.0,0.01,10.0,0.115,0.1853,0.1557,0.8518,0,0.8361
O95150,phosphoric acid,mannitol,polysorbate 20,arginine,6.0,25,10.0,100.0,0.01,150.0,0.3933,0.3253,0.2054,0.7036,1,0.6893
O95150,histidine,trehalose,polysorbate 20,methionine,7.0,40,50.0,200.0,0.01,10.0,0.2757,0.2069,0.3865,0.6958,0,0.7071
O95150,histidine,mannitol,polysorbate 80,proline,7.0,25,30.0,100.0,0.01,50.0,0.3039,0.2654,0.2482,0.7733,0,0.6946
O95150,phosphoric acid,trehalose,poloxamer 188,proline,6.5,4,30.0,200.0,0.03,50.0,0.4037,0.3719,0.2477,0.6775,0,0.6635
O95150,phosphoric acid,sucrose,polysorbate 20,proline,7.4,25,30.0,100.0,0.01,100.0,0.0614,0.3941,0.3558,0.7592,0,0.729
O95150,phosphoric acid,trehalose,poloxamer 188,arginine,5.5,40,50.0,300.0,0.01,100.0,0.1988,0.4765,0.3102,0.6588,1,0.6935
O95150,histidine,sucrose,polysorbate 20,proline,6.0,4,10.0,300.0,0.01,150.0,0.2583,0.2681,0.1146,0.8052,2,0.7696
O95150,histidine,trehalose,polysorbate 80,proline,6.0,40,50.0,100.0,0.08,150.0,0.3838,0.3677,0.238,0.639,1,0.6497
O95150,phosphoric acid,mannitol,polysorbate 80,methionine,5.0,25,30.0,100.0,0.08,5.5,0.2267,0.213,0.2084,0.7945,0,0.7907
O95150,phosphoric acid,sucrose,polysorbate 80,arginine,5.0,40,10.0,100.0,0.045,50.0,0.0674,0.4861,0.3613,0.6801,0,0.746
O95150,acetic acid,mannitol,polysorbate 20,none,5.0,25,10.0,300.0,0.08,0.0,0.198,0.3713,0.226,0.7827,1,0.7497
O95150,citric acid,sucrose,polysorbate 20,glycine,5.5,40,50.0,300.0,0.01,200.0,0.1858,0.4396,0.2067,0.7062,2,0.7432
O95150,histidine,sorbitol,polysorbate 80,glycine,5.5,40,50.0,300.0,0.01,125.0,0.3798,0.3606,0.2128,0.6337,2,0.6991
O95150,histidine,mannitol,poloxamer 188,glycine,6.5,40,10.0,100.0,0.03,50.0,0.6632,0.3658,0.2144,0.5388,0,0.5515
O95150,acetic acid,trehalose,poloxamer 188,proline,6.0,4,30.0,300.0,0.03,150.0,0.3916,0.3784,0.226,0.6821,2,0.651
O95150,phosphoric acid,mannitol,polysorbate 80,none,5.0,40,30.0,200.0,0.08,0.0,0.2764,0.4458,0.3399,0.6442,0,0.6567
O95150,acetic acid,sucrose,polysorbate 80,methionine,7.0,4,50.0,200.0,0.08,1.0,0.1521,0.2316,0.3372,0.8163,0,0.7331
O95150,citric acid,sucrose,poloxamer 188,glycine,5.5,40,10.0,100.0,0.01,200.0,0.2259,0.4686,0.2074,0.6733,1,0.7008
O95150,histidine,sucrose,poloxamer 188,methionine,5.5,4,30.0,100.0,0.05,1.0,0.2912,0.1209,0.1392,0.8361,0,0.8128
O95150,citric acid,sucrose,poloxamer 188,arginine,6.5,4,30.0,100.0,0.03,50.0,0.334,0.3844,0.1137,0.7348,0,0.686
O95150,citric acid,sucrose,polysorbate 20,proline,6.5,25,50.0,300.0,0.08,100.0,0.3006,0.3668,0.1694,0.7045,1,0.7069
O95150,acetic acid,trehalose,poloxamer 188,glycine,5.5,25,30.0,100.0,0.05,200.0,0.2683,0.3697,0.2395,0.7148,1,0.6981
O95150,citric acid,sorbitol,polysorbate 20,proline,6.5,4,30.0,100.0,0.045,100.0,0.5151,0.3619,0.1434,0.6544,0,0.6187
O95150,citric acid,sucrose,polysorbate 80,methionine,7.0,25,10.0,200.0,0.01,5.5,0.1891,0.223,0.282,0.7807,0,0.7893
O95150,citric acid,mannitol,polysorbate 20,glycine,6.5,4,30.0,300.0,0.01,200.0,0.4051,0.3661,0.1555,0.6556,2,0.6774
O95150,acetic acid,mannitol,polysorbate 20,glycine,6.5,4,50.0,200.0,0.045,125.0,0.4442,0.3489,0.2436,0.6913,1,0.6419
O95150,phosphoric acid,trehalose,polysorbate 20,glycine,6.5,4,10.0,100.0,0.08,125.0,0.3339,0.3652,0.236,0.6879,1,0.7082
O95150,acetic acid,trehalose,poloxamer 188,none,7.4,4,10.0,200.0,0.05,0.0,0.1779,0.3708,0.3198,0.7445,0,0.7181
O95150,phosphoric acid,mannitol,poloxamer 188,arginine,6.0,40,50.0,200.0,0.05,100.0,0.5009,0.4292,0.3239,0.5666,0,0.5607
O95150,histidine,sucrose,poloxamer 188,arginine,5.5,25,30.0,100.0,0.05,150.0,0.133,0.2467,0.1268,0.8404,1,0.8781
O95150,citric acid,sorbitol,poloxamer 188,arginine,5.5,4,30.0,300.0,0.05,100.0,0.3119,0.3834,0.1593,0.7084,1,0.688
O95150,phosphoric acid,sucrose,polysorbate 20,glycine,5.5,4,50.0,200.0,0.08,125.0,0.0937,0.3896,0.225,0.7756,1,0.7695
O95150,phosphoric acid,mannitol,poloxamer 188,glycine,7.4,25,50.0,300.0,0.05,200.0,0.2952,0.3683,0.3409,0.6867,2,0.6829
O95150,phosphoric acid,sucrose,polysorbate 20,methionine,7.0,4,10.0,200.0,0.01,5.5,0.1419,0.2098,0.3497,0.7975,0,0.764
O95150,phosphoric acid,sorbitol,polysorbate 80,none,6.0,25,10.0,200.0,0.08,0.0,0.4447,0.3458,0.2282,0.6839,0,0.691
O95150,histidine,sucrose,polysorbate 80,none,5.5,4,30.0,100.0,0.01,0.0,0.1617,0.2724,0.1465,0.8028,0,0.8119
O95150,acetic acid,sorbitol,poloxamer 188,arginine,5.0,40,50.0,200.0,0.05,50.0,0.3381,0.4694,0.3383,0.6139,0,0.6162
O95150,citric acid,trehalose,polysorbate 80,proline,5.0,4,30.0,100.0,0.08,100.0,0.0874,0.3384,0.1295,0.8654,0,0.831
O95150,histidine,mannitol,poloxamer 188,none,6.5,4,10.0,200.0,0.01,0.0,0.5605,0.3009,0.1087,0.6416,0,0.6872
O95150,histidine,sucrose,polysorbate 20,none,7.0,40,50.0,100.0,0.01,0.0,0.2792,0.3581,0.3119,0.6775,0,0.6982
O95150,acetic acid,mannitol,poloxamer 188,glycine,7.4,40,50.0,100.0,0.03,50.0,0.4028,0.4601,0.4292,0.5701,0,0.5497
O95150,acetic acid,mannitol,polysorbate 80,arginine,7.0,40,10.0,300.0,0.045,50.0,0.352,0.4813,0.4287,0.5748,1,0.5835
O95150,acetic acid,mannitol,polysorbate 20,methionine,7.0,40,10.0,100.0,0.08,1.0,0.4044,0.3041,0.4305,0.6432,0,0.6368
O95390,histidine,mannitol,polysorbate 80,glycine,5.5,4,50.0,100.0,0.08,50.0,0.2831,0.2678,0.0751,0.7905,0,0.8033
O95390,citric acid,trehalose,polysorbate 80,glycine,6.0,25,10.0,300.0,0.045,50.0,0.034,0.3732,0.1439,0.8669,1,0.8596
O95390,citric acid,sucrose,polysorbate 80,glycine,6.0,40,30.0,300.0,0.045,50.0,0.1783,0.4798,0.1831,0.714,1,0.7429
O95390,histidine,trehalose,polysorbate 20,methionine,5.0,4,30.0,100.0,0.08,1.0,0.1138,0.1368,0.0866,0.8924,0,0.8894
O95390,acetic acid,sucrose,polysorbate 80,glycine,5.5,4,10.0,200.0,0.01,125.0,0.0576,0.365,0.163,0.8558,1,0.8195
O95390,citric acid,trehalose,polysorbate 20,none,7.4,40,50.0,300.0,0.08,0.0,0.2209,0.4438,0.2927,0.6837,1,0.7016
O95390,phosphoric acid,sorbitol,polysorbate 80,none,7.0,40,50.0,100.0,0.045,0.0,0.3339,0.4435,0.4106,0.5868,0,0.6114
O95390,acetic acid,trehalose,poloxamer 188,methionine,6.0,25,30.0,300.0,0.01,10.0,0.1755,0.2167,0.2146,0.7966,1,0.7622
O95390,histidine,trehalose,polysorbate 20,proline,6.5,40,30.0,100.0,0.08,50.0,0.1881,0.3965,0.2379,0.7449,0,0.7306
O95390,citric acid,sucrose,polysorbate 80,none,5.0,40,30.0,200.0,0.08,0.0,0.135,0.4136,0.1851,0.7309,0,0.7924
O95390,citric acid,sucrose,poloxamer 188,glycine,7.0,4,10.0,100.0,0.01,200.0,0.2311,0.365,0.1796,0.7429,1,0.7492
O95390,histidine,trehalose,poloxamer 188,none,5.0,25,50.0,300.0,0.01,0.0,0.1927,0.2683,0.0767,0.8401,1,0.8279
O95390,phosphoric acid,mannitol,polysorbate 20,none,5.5,4,10.0,200.0,0.045,0.0,0.2063,0.3448,0.2112,0.7671,0,0.7825
O95390,citric acid,trehalose,polysorbate 80,arginine,7.0,4,50.0,200.0,0.01,100.0,0.0235,0.3507,0.1972,0.8472,0,0.8117
O95390,histidine,mannitol,polysorbate 20,glycine,7.4,25,30.0,100.0,0.01,50.0,0.2925,0.2745,0.2143,0.7699,0,0.7667
O95390,histidine,sucrose,poloxamer 188,arginine,5.0,25,10.0,300.0,0.05,150.0,0.0755,0.2939,0.0794,0.8455,2,0.8226
O95390,histidine,sucrose,poloxamer 188,glycine,6.5,4,30.0,300.0,0.05,125.0,0.1584,0.2504,0.1079,0.8448,2,0.8053
O95390,histidine,sucrose,poloxamer 188,glycine,6.0,25,30.0,300.0,0.01,200.0,0.16,0.253,0.0619,0.8281,2,0.8261
O95390,phosphoric acid,mannitol,polysorbate 20,glycine,5.0,40,10.0,300.0,0.08,200.0,0.3648,0.4643,0.3107,0.5727,2,0.6455
O95390,acetic acid,mannitol,polysorbate 20,none,5.0,4,10.0,200.0,0.08,0.0,0.2775,0.3205,0.1833,0.7661,0,0.7508
O95390,histidine,mannitol,polysorbate 20,methionine,5.0,40,30.0,200.0,0.01,1.0,0.3181,0.2043,0.1855,0.7266,0,0.7798
O95390,histidine,sucrose,poloxamer 188,proline,5.5,25,30.0,300.0,0.03,50.0,0.1486,0.2805,0.0818,0.8231,1,0.8482
O95390,phosphoric acid,mannitol,poloxamer 188,glycine,6.5,25,50.0,100.0,0.01,125.0,0.3828,0.3775,0.1711,0.6901,1,0.6988
O95390,citric acid,mannitol,poloxamer 188,glycine,6.0,25,50.0,100.0,0.03,125.0,0.3564,0.339,0.1066,0.7202,1,0.7597
O95390,citric acid,sorbitol,poloxamer 188,arginine,7.0,40,10.0,300.0,0.03,50.0,0.3881,0.4725,0.3246,0.5894,1,0.6209
O95390,acetic acid,trehalose,polysorbate 80,methionine,7.0,40,50.0,200.0,0.08,5.5,0.2328,0.3154,0.3923,0.6497,0,0.6929
O95390,histidine,trehalose,polysorbate 80,arginine,5.0,25,10.0,100.0,0.045,100.0,0.0498,0.2794,0.1075,0.8639,0,0.8245
O95390,histidine,sucrose,polysorbate 20,proline,7.4,4,50.0,200.0,0.045,50.0,0.1384,0.2544,0.1912,0.8425,0,0.8507
O95390,citric acid,sorbitol,poloxamer 188,glycine,7.0,40,10.0,200.0,0.03,50.0,0.4421,0.4561,0.2922,0.5804,0,0.5821
O95390,citric acid,sucrose,polysorbate 80,methionine,7.0,40,30.0,300.0,0.01,10.0,0.1754,0.3195,0.3016,0.7328,1,0.7522
O95390,phosphoric acid,sorbitol,polysorbate 20,glycine,5.0,4,30.0,300.0,0.01,125.0,0.1686,0.3732,0.184,0.7619,2,0.7433
O95390,acetic acid,trehalose,polysorbate 80,proline,6.0,4,30.0,100.0,0.045,100.0,0.1181,0.356,0.1638,0.8228,0,0.768
O95390,acetic acid,trehalose,polysorbate 20,proline,6.0,4,10.0,200.0,0.01,150.0,0.0926,0.3652,0.2151,0.846,1,0.7615
O95390,phosphoric acid,mannitol,poloxamer 188,glycine,6.0,4,50.0,100.0,0.05,50.0,0.3535,0.3549,0.2061,0.7152,0,0.6832
O95390,acetic acid,sorbitol,polysorbate 20,methionine,6.0,25,50.0,300.0,0.08,10.0,0.2085,0.1881,0.2172,0.8259,1,0.8133
O95390,histidine,trehalose,poloxamer 188,arginine,6.0,4,50.0,300.0,0.05,150.0,0.0825,0.2473,0.0759,0.8848,2,0.8493
O95390,citric acid,mannitol,polysorbate 20,glycine,6.5,40,50.0,100.0,0.08,200.0,0.4106,0.4343,0.2029,0.6462,1,0.6566
O95390,phosphoric acid,sucrose,polysorbate 20,arginine,6.0,4,10.0,100.0,0.01,100.0,0.0304,0.3411,0.1698,0.867,0,0.8647
O95390,citric acid,mannitol,poloxamer 188,proline,7.4,4,30.0,300.0,0.01,50.0,0.3734,0.3377,0.1483,0.7001,1,0.7026
O95390,histidine,sucrose,polysorbate 80,none,6.5,40,30.0,300.0,0.01,0.0,0.2197,0.3739,0.2035,0.7012,1,0.7272
O95390,histidine,trehalose,polysorbate 80,none,5.0,40,50.0,100.0,0.045,0.0,0.2473,0.3645,0.1554,0.6972,0,0.728
O95390,citric acid,trehalose,polysorbate 20,proline,5.5,4,30.0,100.0,0.08,50.0,0.0887,0.3717,0.0953,0.8324,0,0.8507
O95390,histidine,sorbitol,polysorbate 20,methionine,5.0,25,50.0,200.0,0.08,10.0,0.2175,0.1477,0.084,0.8536,0,0.8378
O95390,histidine,sucrose,polysorbate 80,glycine,5.0,4,50.0,100.0,0.045,125.0,0.1088,0.2693,0.1061,0.8394,1,0.8214
O95390,histidine,trehalose,poloxamer 188,none,5.0,4,50.0,200.0,0.03,0.0,0.2635,0.2508,0.1114,0.7649,0,0.7803
O95390,acetic acid,sorbitol,polysorbate 20,proline,7.0,4,50.0,200.0,0.01,150.0,0.2346,0.3699,0.243,0.7499,1,0.6993
O95390,citric acid,sorbitol,polysorbate 20,none,6.0,4,10.0,100.0,0.045,0.0,0.2648,0.3397,0.0803,0.7706,0,0.747
O95390,histidine,sucrose,poloxamer 188,none,6.0,4,50.0,200.0,0.01,0.0,0.1742,0.2366,0.0608,0.8676,0,0.8152
O95390,citric acid,sorbitol,poloxamer 188,methionine,6.0,4,50.0,100.0,0.03,1.0,0.3497,0.2255,0.0851,0.7589,0,0.7714
O95390,citric acid,trehalose,polysorbate 80,none,7.0,40,10.0,100.0,0.01,0.0,0.2386,0.4371,0.2944,0.6299,0,0.6772
O95390,acetic acid,mannitol,polysorbate 20,proline,6.5,4,10.0,200.0,0.01,150.0,0.2395,0.3433,0.1883,0.7354,1,0.7463
O95390,phosphoric acid,trehalose,poloxamer 188,none,6.5,40,10.0,200.0,0.05,0.0,0.3201,0.4385,0.285,0.6435,0,0.6792
O95390,histidine,mannitol,polysorbate 80,methionine,6.5,25,30.0,300.0,0.01,10.0,0.177,0.1071,0.1031,0.8744,1,0.8166
O95390,histidine,sucrose,poloxamer 188,glycine,6.5,4,10.0,100.0,0.01,200.0,0.2201,0.2908,0.0998,0.7841,1,0.7845
O95390,citric acid,mannitol,polysorbate 20,methionine,7.0,4,10.0,200.0,0.01,10.0,0.2915,0.2286,0.2102,0.7799,0,0.7385
O95390,acetic acid,sucrose,polysorbate 20,glycine,5.0,4,10.0,200.0,0.045,125.0,0.0824,0.3589,0.2084,0.8479,1,0.8192
O95390,histidine,sorbitol,poloxamer 188,none,5.5,25,50.0,100.0,0.03,0.0,0.3125,0.2649,0.1122,0.7855,0,0.7493
O95390,acetic acid,sorbitol,poloxamer 188,glycine,7.0,4,50.0,200.0,0.03,200.0,0.4259,0.3349,0.2758,0.6787,1,0.6888
O95390,histidine,sucrose,polysorbate 80,proline,7.0,4,50.0,200.0,0.01,100.0,0.0634,0.2551,0.219,0.854,0,0.8257
O95390,phosphoric acid,trehalose,polysorbate 20,none,7.4,40,10.0,200.0,0.01,0.0,0.2702,0.4659,0.418,0.6444,0,0.6329
P01568,citric acid,trehalose,poloxamer 188,proline,7.0,40,10.0,100.0,0.01,150.0,0.4029,0.5006,0.3714,0.5655,1,0.5772
P01568,phosphoric acid,sorbitol,poloxamer 188,arginine,7.0,4,50.0,200.0,0.05,150.0,0.3833,0.4266,0.3315,0.6526,1,0.6055
P01568,histidine,mannitol,polysorbate 20,none,5.5,4,50.0,200.0,0.045,0.0,0.2719,0.3043,0.175,0.7627,0,0.7092
P01568,citric acid,sorbitol,poloxamer 188,none,7.0,40,30.0,300.0,0.05,0.0,0.4818,0.5142,0.3068,0.5654,1,0.5714
P01568,acetic acid,mannitol,poloxamer 188,none,7.0,40,50.0,300.0,0.05,0.0,0.5503,0.4923,0.4204,0.5067,1,0.5316
P01568,acetic acid,sucrose,poloxamer 188,proline,5.5,40,30.0,300.0,0.03,150.0,0.3423,0.483,0.3634,0.5848,2,0.5928
P01568,citric acid,trehalose,polysorbate 20,none,5.0,25,10.0,300.0,0.045,0.0,0.0913,0.3723,0.1438,0.8009,1,0.7788
P01568,citric acid,trehalose,polysorbate 80,arginine,5.5,4,30.0,100.0,0.045,100.0,0.0723,0.4195,0.1579,0.7835,0,0.8146
P01568,histidine,sorbitol,poloxamer 188,arginine,7.0,25,10.0,200.0,0.05,50.0,0.398,0.2834,0.2521,0.7157,0,0.7126
P01568,acetic acid,sorbitol,polysorbate 80,methionine,5.5,40,10.0,200.0,0.08,10.0,0.3656,0.3196,0.3743,0.649,0,0.6457
P01568,citric acid,trehalose,polysorbate 20,none,6.0,40,10.0,300.0,0.01,0.0,0.3478,0.5162,0.2722,0.5862,1,0.6253
P01568,histidine,mannitol,polysorbate 80,proline,6.5,40,10.0,100.0,0.08,150.0,0.5536,0.41,0.2564,0.5456,1,0.578
P01568,acetic acid,mannitol,polysorbate 80,none,5.5,25,50.0,200.0,0.08,0.0,0.2825,0.4142,0.2735,0.7049,0,0.696
P01568,citric acid,sorbitol,poloxamer 188,proline,5.0,40,30.0,300.0,0.03,100.0,0.4247,0.4878,0.2591,0.579,1,0.6162
P01568,acetic acid,sucrose,polysorbate 80,arginine,7.0,25,30.0,100.0,0.08,150.0,0.1031,0.3885,0.401,0.7808,1,0.7067
P01568,citric acid,trehalose,poloxamer 188,proline,7.0,25,10.0,200.0,0.01,100.0,0.2946,0.3987,0.2695,0.7114,0,0.7055
P01568,acetic acid,trehalose,polysorbate 80,none,6.0,40,30.0,300.0,0.01,0.0,0.3749,0.4951,0.3825,0.5797,1,0.5892
P01568,histidine,trehalose,polysorbate 20,glycine,5.0,4,50.0,300.0,0.045,200.0,0.0721,0.2944,0.1618,0.8387,2,0.8193
P01568,acetic acid,sorbitol,polysorbate 80,arginine,5.0,25,50.0,100.0,0.01,50.0,0.1361,0.3685,0.244,0.7827,0,0.7639
P01568,citric acid,mannitol,polysorbate 80,arginine,5.0,25,50.0,100.0,0.08,150.0,0.1579,0.3492,0.1931,0.8152,1,0.7831
P01568,phosphoric acid,sucrose,polysorbate 20,none,5.0,40,30.0,100.0,0.045,0.0,0.2532,0.4767,0.3994,0.6065,0,0.6406
P01568,acetic acid,trehalose,poloxamer 188,none,5.5,40,30.0,300.0,0.03,0.0,0.2764,0.4966,0.3694,0.6135,1,0.6439
P01568,citric acid,sucrose,poloxamer 188,proline,5.5,40,30.0,200.0,0.01,100.0,0.3342,0.4858,0.2503,0.6367,0,0.6324
P01568,acetic acid,sorbitol,poloxamer 188,proline,6.5,4,10.0,300.0,0.03,50.0,0.5882,0.4208,0.2283,0.6155,1,0.6112
P01568,acetic acid,sorbitol,poloxamer 188,glycine,7.0,4,30.0,100.0,0.05,50.0,0.4517,0.4083,0.3824,0.6149,0,0.5858
P01568,acetic acid,sorbitol,polysorbate 20,arginine,5.5,40,50.0,300.0,0.01,100.0,0.2452,0.4991,0.3716,0.6382,1,0.662
P01568,histidine,sorbitol,poloxamer 188,none,6.0,4,10.0,100.0,0.01,0.0,0.5247,0.2856,0.1996,0.6615,0,0.6486
P01568,acetic acid,trehalose,polysorbate 80,glycine,6.0,25,50.0,100.0,0.01,125.0,0.2959,0.3799,0.2941,0.6983,1,0.6569
P01568,acetic acid,sucrose,polysorbate 20,none,5.0,25,10.0,100.0,0.01,0.0,0.0825,0.3563,0.2486,0.791,0,0.7979
P01568,histidine,sucrose,poloxamer 188,glycine,5.0,25,10.0,100.0,0.03,50.0,0.1758,0.3141,0.1896,0.8132,0,0.7743
P01568,phosphoric acid,trehalose,polysorbate 20,methionine,7.0,40,30.0,200.0,0.01,1.0,0.2817,0.3158,0.459,0.6336,0,0.6688
P01568,citric acid,sorbitol,polysorbate 80,none,6.0,25,30.0,300.0,0.01,0.0,0.4918,0.4063,0.1218,0.6498,1,0.6473
P01568,citric acid,mannitol,polysorbate 80,glycine,6.5,25,50.0,100.0,0.01,125.0,0.4967,0.3817,0.1665,0.6286,1,0.6179
P01568,phosphoric acid,mannitol,polysorbate 80,glycine,6.5,4,50.0,200.0,0.01,125.0,0.4968,0.376,0.2724,0.6066,1,0.6421
P01568,acetic acid,sucrose,polysorbate 80,methionine,7.4,25,50.0,300.0,0.01,1.0,0.0394,0.2418,0.3683,0.8267,1,0.8041
P01568,histidine,sucrose,polysorbate 80,arginine,6.5,40,50.0,100.0,0.01,150.0,0.3814,0.4155,0.2775,0.6139,1,0.6366
P01568,citric acid,mannitol,poloxamer 188,methionine,5.5,40,50.0,200.0,0.05,5.5,0.5517,0.3653,0.2432,0.5731,0,0.5901
P01568,acetic acid,trehalose,polysorbate 20,glycine,7.0,4,10.0,300.0,0.01,200.0,0.1567,0.3717,0.3534,0.7914,2,0.7314
P01568,phosphoric acid,sorbitol,polysorbate 80,proline,5.5,40,30.0,300.0,0.01,100.0,0.2898,0.5206,0.3834,0.594,1,0.6272
P01568,acetic acid,sorbitol,poloxamer 188,arginine,6.5,25,50.0,100.0,0.03,100.0,0.4883,0.3869,0.2916,0.6248,0,0.5637
P01568,citric acid,sorbitol,poloxamer 188,glycine,5.0,25,10.0,200.0,0.05,50.0,0.3274,0.3947,0.1856,0.7138,0,0.6865
P01568,histidine,trehalose,polysorbate 80,glycine,7.4,25,30.0,300.0,0.01,50.0,0.094,0.2987,0.2466,0.8465,1,0.8027
P01568,acetic acid,mannitol,polysorbate 80,proline,7.0,25,10.0,300.0,0.045,100.0,0.3109,0.3999,0.3402,0.6771,1,0.6537
P01568,citric acid,sucrose,poloxamer 188,glycine,5.0,40,10.0,200.0,0.05,125.0,0.2735,0.5217,0.266,0.648,1,0.6545
P01568,acetic acid,sucrose,poloxamer 188,none,7.0,40,30.0,100.0,0.03,0.0,0.4258,0.5042,0.4619,0.5358,0,0.5207
P01568,phosphoric acid,sucrose,polysorbate 80,glycine,5.0,25,10.0,300.0,0.08,200.0,0.0779,0.3955,0.2516,0.822,2,0.7497
P01568,citric acid,sorbitol,poloxamer 188,none,7.4,40,30.0,300.0,0.03,0.0,0.4,0.5169,0.368,0.5604,1,0.5796
P01568,citric acid,mannitol,poloxamer 188,proline,7.4,40,50.0,300.0,0.05,50.0,0.4181,0.466,0.3547,0.6044,1,0.5734
P01568,histidine,mannitol,polysorbate 20,methionine,7.4,40,50.0,200.0,0.01,10.0,0.3198,0.2355,0.3599,0.6678,0,0.7032
P01568,acetic acid,sucrose,polysorbate 20,glycine,5.5,40,30.0,200.0,0.045,125.0,0.2372,0.5118,0.3406,0.6267,1,0.6449
P01568,citric acid,trehalose,polysorbate 80,none,6.5,25,30.0,100.0,0.08,0.0,0.3578,0.3804,0.18,0.7305,0,0.669
P01568,histidine,sorbitol,polysorbate 20,none,7.0,25,30.0,300.0,0.01,0.0,0.2961,0.2857,0.3143,0.7244,1,0.7351
P01568,acetic acid,sorbitol,poloxamer 188,glycine,5.5,25,50.0,300.0,0.01,125.0,0.3266,0.3765,0.2479,0.6899,2,0.6767
P01568,histidine,mannitol,poloxamer 188,none,5.0,25,50.0,100.0,0.05,0.0,0.3247,0.2799,0.1848,0.7736,0,0.7497
P01568,citric acid,mannitol,polysorbate 80,proline,5.0,40,30.0,200.0,0.045,150.0,0.3451,0.4982,0.2517,0.5931,1,0.6443
P01568,phosphoric acid,sorbitol,poloxamer 188,arginine,5.0,40,10.0,100.0,0.03,150.0,0.3308,0.4764,0.3847,0.6358,1,0.6172
P01568,citric acid,mannitol,polysorbate 20,proline,6.0,4,50.0,200.0,0.045,150.0,0.4644,0.3914,0.1349,0.6821,1,0.6677
P01568,acetic acid,trehalose,polysorbate 80,proline,7.0,25,10.0,300.0,0.01,150.0,0.1629,0.3914,0.3809,0.7215,2,0.6877
P01568,citric acid,mannitol,polysorbate 20,glycine,5.5,40,50.0,100.0,0.045,125.0,0.3677,0.498,0.2399,0.5919,1,0.6175
P01568,citric acid,mannitol,polysorbate 80,proline,5.5,40,30.0,300.0,0.045,50.0,0.3568,0.4665,0.2634,0.6396,1,0.641
P01570,phosphoric acid,sorbitol,polysorbate 80,none,5.5,25,50.0,100.0,0.08,0.0,0.2985,0.6346,0.383,0.6151,0,0.5758
P01570,citric acid,mannitol,poloxamer 188,none,7.4,25,10.0,100.0,0.05,0.0,0.5035,0.6001,0.3298,0.5624,0,0.497
P01570,histidine,sorbitol,polysorbate 20,proline,5.0,40,30.0,300.0,0.045,100.0,0.29,0.6079,0.3656,0.5503,1,0.5952
P01570,phosphoric acid,sucrose,poloxamer 188,proline,6.5,40,30.0,200.0,0.01,50.0,0.5161,0.6854,0.4929,0.4081,0,0.4824
P01570,citric acid,mannitol,poloxamer 188,none,5.0,40,50.0,300.0,0.01,0.0,0.4066,0.7108,0.3296,0.507,1,0.5298
P01570,histidine,sorbitol,poloxamer 188,methionine,5.5,4,10.0,300.0,0.05,5.5,0.3163,0.3467,0.2485,0.7424,1,0.6955
P01570,citric acid,mannitol,polysorbate 80,arginine,6.0,4,30.0,200.0,0.01,100.0,0.2534,0.5974,0.2588,0.684,0,0.6093
P01570,phosphoric acid,sorbitol,polysorbate 80,proline,6.0,4,10.0,100.0,0.08,50.0,0.2674,0.6299,0.344,0.5989,0,0.6382
P01570,phosphoric acid,trehalose,polysorbate 20,methionine,7.4,40,10.0,100.0,0.045,5.5,0.2888,0.5616,0.5688,0.496,0,0.54
P01570,phosphoric acid,sucrose,polysorbate 80,none,6.0,4,50.0,300.0,0.01,0.0,0.134,0.615,0.3855,0.6771,1,0.6605
P01570,phosphoric acid,sucrose,polysorbate 80,proline,5.5,25,30.0,300.0,0.08,50.0,0.0482,0.5797,0.3415,0.7093,1,0.7245
P01570,acetic acid,sucrose,poloxamer 188,glycine,6.5,4,30.0,200.0,0.01,50.0,0.3417,0.6134,0.3621,0.6048,0,0.5979
P01570,phosphoric acid,sorbitol,polysorbate 80,glycine,6.0,40,30.0,200.0,0.01,125.0,0.374,0.7202,0.4682,0.4877,1,0.5399
P01570,acetic acid,sorbitol,poloxamer 188,methionine,6.0,25,10.0,100.0,0.03,10.0,0.3606,0.4837,0.3806,0.6249,0,0.6291
P01570,phosphoric acid,mannitol,poloxamer 188,proline,7.0,40,30.0,300.0,0.05,100.0,0.6119,0.6975,0.5433,0.3956,1,0.3608
P01570,phosphoric acid,mannitol,poloxamer 188,none,6.0,4,50.0,100.0,0.03,0.0,0.4168,0.6042,0.3579,0.5882,0,0.5393
P01570,histidine,sucrose,poloxamer 188,methionine,6.0,4,10.0,100.0,0.01,1.0,0.2212,0.414,0.2577,0.6914,0,0.6932
P01570,citric acid,mannitol,polysorbate 20,glycine,7.0,40,10.0,100.0,0.01,50.0,0.5626,0.7245,0.4739,0.4208,0,0.408
P01570,histidine,mannitol,polysorbate 20,arginine,5.5,4,30.0,200.0,0.045,50.0,0.1472,0.5005,0.2658,0.7545,0,0.7179
P01570,citric acid,sorbitol,poloxamer 188,glycine,7.4,4,30.0,200.0,0.03,200.0,0.479,0.6179,0.3851,0.5518,1,0.5147
P01570,acetic acid,sorbitol,poloxamer 188,none,7.4,25,10.0,200.0,0.05,0.0,0.4996,0.5946,0.4503,0.508,0,0.4903
P01570,citric acid,sorbitol,polysorbate 20,methionine,7.4,25,50.0,200.0,0.01,10.0,0.3084,0.4672,0.3653,0.6861,0,0.6135
P01570,histidine,trehalose,polysorbate 20,none,7.4,40,10.0,200.0,0.045,0.0,0.3079,0.6304,0.4951,0.5251,0,0.5428
P01570,citric acid,sucrose,poloxamer 188,glycine,5.5,40,50.0,100.0,0.05,50.0,0.3111,0.7154,0.3622,0.5641,0,0.5145
P01570,citric acid,sucrose,polysorbate 80,glycine,7.0,4,50.0,100.0,0.08,125.0,0.338,0.6169,0.3766,0.6315,1,0.5907
P01570,histidine,sucrose,polysorbate 20,arginine,5.0,40,10.0,200.0,0.045,100.0,0.097,0.6339,0.3532,0.669,0,0.7013
P01570,citric acid,trehalose,poloxamer 188,none,6.5,25,10.0,300.0,0.01,0.0,0.4069,0.6101,0.2608,0.5715,1,0.5822
P01570,acetic acid,sorbitol,poloxamer 188,arginine,7.4,25,10.0,100.0,0.03,100.0,0.3672,0.5921,0.4436,0.5776,0,0.5419
P01570,acetic acid,mannitol,polysorbate 20,proline,7.0,40,30.0,200.0,0.01,100.0,0.5922,0.6959,0.5888,0.3824,0,0.3619
P01570,citric acid,sucrose,polysorbate 20,glycine,7.0,4,50.0,300.0,0.08,125.0,0.3241,0.6472,0.3742,0.5941,2,0.5334
P01570,acetic acid,trehalose,poloxamer 188,arginine,6.5,4,50.0,100.0,0.05,100.0,0.3172,0.6126,0.3597,0.5841,0,0.5644
P01570,histidine,sorbitol,polysorbate 80,arginine,6.5,40,10.0,100.0,0.045,150.0,0.5175,0.6366,0.3497,0.4955,1,0.4735
P01570,citric acid,trehalose,polysorbate 80,proline,5.5,4,10.0,300.0,0.08,150.0,0.111,0.6128,0.2865,0.6801,2,0.6994
P01570,citric acid,sorbitol,polysorbate 80,arginine,7.4,25,30.0,300.0,0.08,50.0,0.2671,0.625,0.3858,0.6298,1,0.5779
P01570,phosphoric acid,trehalose,poloxamer 188,none,5.5,4,10.0,200.0,0.05,0.0,0.209,0.6067,0.35,0.646,0,0.5999
P01570,phosphoric acid,trehalose,poloxamer 188,none,5.5,25,50.0,200.0,0.03,0.0,0.1703,0.63,0.371,0.6581,0,0.6477
P01570,acetic acid,sucrose,polysorbate 20,methionine,7.4,40,30.0,100.0,0.01,5.5,0.3057,0.5598,0.5639,0.5626,0,0.5091
P01570,phosphoric acid,trehalose,polysorbate 80,none,6.0,25,30.0,300.0,0.045,0.0,0.095,0.5752,0.3623,0.7412,1,0.6707
P01570,histidine,trehalose,polysorbate 20,none,7.0,25,10.0,100.0,0.08,0.0,0.3353,0.5254,0.3888,0.6287,0,0.6053
P01570,citric acid,sorbitol,polysorbate 80,glycine,5.0,25,10.0,300.0,0.08,125.0,0.1866,0.6355,0.3104,0.6831,2,0.5999
P01570,acetic acid,sucrose,polysorbate 80,methionine,7.4,25,10.0,300.0,0.08,10.0,0.1806,0.4702,0.459,0.7204,1,0.6608
P01570,citric acid,trehalose,polysorbate 80,arginine,7.4,4,10.0,200.0,0.045,150.0,0.1128,0.6086,0.3496,0.6987,1,0.6564
P01570,histidine,trehalose,polysorbate 80,arginine,5.0,25,50.0,200.0,0.08,150.0,0.0408,0.5503,0.2388,0.7324,1,0.742
P01570,acetic acid,sorbitol,polysorbate 20,glycine,7.4,40,50.0,300.0,0.045,200.0,0.4017,0.7089,0.5824,0.49,2,0.4559
P01570,phosphoric acid,trehalose,polysorbate 80,none,6.5,4,10.0,100.0,0.01,0.0,0.298,0.5684,0.368,0.6381,0,0.6127
P01570,phosphoric acid,mannitol,polysorbate 80,methionine,7.4,4,50.0,300.0,0.045,1.0,0.326,0.4492,0.4379,0.6014,1,0.5813
P01570,acetic acid,sucrose,polysorbate 20,glycine,5.5,40,50.0,100.0,0.01,50.0,0.1551,0.7147,0.4571,0.5714,0,0.5667
P01570,citric acid,mannitol,poloxamer 188,arginine,5.0,25,10.0,200.0,0.03,150.0,0.1586,0.6381,0.2475,0.6874,1,0.6418
P01570,citric acid,sucrose,poloxamer 188,glycine,5.0,40,30.0,200.0,0.01,50.0,0.3147,0.7108,0.3509,0.5328,0,0.5892
P01570,acetic acid,sucrose,poloxamer 188,arginine,5.5,25,10.0,300.0,0.01,150.0,0.0867,0.6043,0.3486,0.6764,2,0.6762
P01570,citric acid,sucrose,polysorbate 80,glycine,5.0,40,50.0,200.0,0.045,125.0,0.1953,0.7299,0.3225,0.5659,1,0.5945
P01570,citric acid,sucrose,polysorbate 80,none,7.4,40,10.0,100.0,0.01,0.0,0.3305,0.705,0.465,0.5214,0,0.4987
P01570,acetic acid,sorbitol,polysorbate 80,glycine,5.5,4,10.0,300.0,0.08,50.0,0.2469,0.6166,0.3611,0.6761,1,0.6391
P01570,acetic acid,trehalose,poloxamer 188,proline,7.4,40,50.0,200.0,0.01,50.0,0.442,0.6476,0.599,0.475,0,0.4894
P01570,citric acid,sucrose,polysorbate 20,none,5.5,25,30.0,200.0,0.01,0.0,0.1227,0.6395,0.285,0.729,0,0.7134
P01570,histidine,trehalose,polysorbate 20,proline,7.0,4,10.0,200.0,0.01,50.0,0.3405,0.4765,0.3613,0.6564,0,0.614
P01570,histidine,mannitol,polysorbate 80,none,7.4,25,50.0,300.0,0.01,0.0,0.3099,0.4753,0.3526,0.6791,1,0.6593
P01570,phosphoric acid,sucrose,poloxamer 188,proline,5.5,4,50.0,200.0,0.03,50.0,0.2131,0.6291,0.3658,0.618,0,0.6072
P01570,histidine,trehalose,poloxamer 188,proline,6.0,40,30.0,100.0,0.05,150.0,0.3461,0.598,0.3686,0.5673,1,0.5887
P01570,histidine,trehalose,poloxamer 188,none,7.0,25,10.0,300.0,0.05,0.0,0.409,0.4699,0.3578,0.6248,1,0.6126
P01574,acetic acid,sucrose,polysorbate 80,glycine,6.5,4,10.0,200.0,0.01,125.0,0.0555,0.3776,0.5193,0.7615,1,0.7273
P01574,phosphoric acid,mannitol,poloxamer 188,proline,6.5,25,10.0,100.0,0.01,100.0,0.3194,0.3559,0.5132,0.65,0,0.6217
P01574,histidine,trehalose,polysorbate 80,glycine,6.5,4,30.0,100.0,0.045,200.0,0.0678,0.2719,0.4115,0.8133,1,0.7587
P01574,citric acid,sorbitol,polysorbate 80,none,6.5,25,10.0,100.0,0.08,0.0,0.2291,0.3693,0.4175,0.714,0,0.7064
P01574,histidine,sorbitol,poloxamer 188,arginine,6.5,25,50.0,100.0,0.03,50.0,0.2295,0.2661,0.382,0.7594,0,0.6915
P01574,citric acid,trehalose,polysorbate 20,none,7.4,4,30.0,200.0,0.045,0.0,0.0642,0.3599,0.5191,0.7515,0,0.6987
P01574,citric acid,sucrose,polysorbate 80,proline,5.0,4,10.0,100.0,0.01,150.0,0.1323,0.3731,0.4022,0.7497,1,0.7474
P01574,phosphoric acid,sorbitol,polysorbate 20,none,7.4,25,30.0,200.0,0.045,0.0,0.2155,0.3536,0.5998,0.6768,0,0.6159
P01574,histidine,mannitol,polysorbate 20,none,7.4,25,30.0,200.0,0.045,0.0,0.1842,0.2449,0.4969,0.7653,0,0.6962
P01574,citric acid,trehalose,polysorbate 20,methionine,5.0,4,30.0,200.0,0.045,1.0,0.0664,0.2428,0.4394,0.8071,0,0.7562
P01574,histidine,sucrose,poloxamer 188,arginine,5.0,40,10.0,100.0,0.01,50.0,0.1833,0.3812,0.5094,0.6527,0,0.6432
P01574,acetic acid,trehalose,polysorbate 80,methionine,6.5,25,10.0,200.0,0.01,5.5,0.0495,0.2238,0.4872,0.8355,0,0.7563
P01574,histidine,sucrose,poloxamer 188,arginine,7.4,40,30.0,200.0,0.01,50.0,0.1881,0.3406,0.6132,0.6434,0,0.6376
P01574,histidine,sucrose,polysorbate 20,arginine,6.5,4,10.0,300.0,0.01,100.0,0.0201,0.2709,0.3976,0.817,1,0.8033
P01574,acetic acid,sucrose,polysorbate 80,arginine,6.5,40,10.0,200.0,0.01,50.0,0.1315,0.473,0.6272,0.6422,0,0.6457
P01574,phosphoric acid,mannitol,poloxamer 188,proline,6.5,25,10.0,200.0,0.01,50.0,0.2641,0.3807,0.5331,0.6467,0,0.6025
P01574,citric acid,sucrose,polysorbate 80,none,6.5,4,30.0,300.0,0.08,0.0,0.0304,0.3528,0.4038,0.8061,1,0.7782
P01574,phosphoric acid,sorbitol,polysorbate 20,methionine,7.0,25,30.0,100.0,0.01,1.0,0.2717,0.2006,0.5966,0.7381,0,0.6651
P01574,histidine,mannitol,polysorbate 80,glycine,7.0,25,10.0,200.0,0.045,125.0,0.2251,0.2768,0.5129,0.7348,1,0.6663
P01574,acetic acid,sorbitol,polysorbate 80,arginine,6.0,40,10.0,300.0,0.01,50.0,0.234,0.4372,0.5997,0.5918,1,0.5879
P01574,acetic acid,sucrose,polysorbate 80,arginine,6.0,25,30.0,200.0,0.01,100.0,0.0,0.3567,0.4832,0.8073,0,0.7464
P01574,phosphoric acid,sucrose,polysorbate 80,arginine,5.0,25,50.0,200.0,0.08,100.0,0.0,0.3507,0.5202,0.7799,0,0.7248
P01574,histidine,mannitol,polysorbate 80,arginine,7.4,40,30.0,300.0,0.01,150.0,0.2237,0.3743,0.5847,0.6423,2,0.6068
P01574,histidine,mannitol,poloxamer 188,arginine,6.0,4,50.0,300.0,0.01,100.0,0.2254,0.2667,0.4029,0.7288,1,0.7033
P01574,citric acid,sucrose,polysorbate 20,none,7.0,40,10.0,300.0,0.045,0.0,0.2047,0.4401,0.6473,0.6014,1,0.5926
P01574,acetic acid,sorbitol,poloxamer 188,none,6.5,40,10.0,300.0,0.01,0.0,0.3733,0.452,0.6034,0.5235,1,0.5299
P01574,citric acid,sorbitol,poloxamer 188,methionine,7.4,4,30.0,200.0,0.05,10.0,0.3104,0.2544,0.4901,0.7036,0,0.6575
P01574,phosphoric acid,sucrose,polysorbate 20,methionine,5.0,4,10.0,200.0,0.045,1.0,0.0405,0.2311,0.5055,0.7635,0,0.776
P01574,acetic acid,sorbitol,poloxamer 188,proline,5.5,4,10.0,200.0,0.03,50.0,0.2891,0.3464,0.5272,0.6681,0,0.6406
P01574,citric acid,mannitol,poloxamer 188,none,5.0,40,30.0,100.0,0.01,0.0,0.4755,0.4545,0.5293,0.5025,0,0.5593
P01574,phosphoric acid,trehalose,polysorbate 20,glycine,5.0,4,30.0,100.0,0.08,125.0,0.0685,0.3879,0.5303,0.7565,1,0.6837
P01574,citric acid,sucrose,polysorbate 80,methionine,5.0,4,50.0,300.0,0.08,1.0,0.0514,0.1743,0.4179,0.8506,1,0.8044
P01574,phosphoric acid,sucrose,poloxamer 188,arginine,5.5,25,50.0,300.0,0.05,150.0,0.0,0.3421,0.4985,0.8035,2,0.7536
P01574,acetic acid,trehalose,polysorbate 80,arginine,6.5,4,50.0,300.0,0.08,150.0,0.0,0.3801,0.4929,0.7996,2,0.7476
P01574,phosphoric acid,sucrose,polysorbate 80,none,6.5,25,30.0,300.0,0.01,0.0,0.0672,0.3637,0.5501,0.7638,1,0.6796
P01574,citric acid,sucrose,polysorbate 20,proline,7.0,40,50.0,100.0,0.08,100.0,0.1967,0.4824,0.6017,0.628,0,0.6037
P01574,phosphoric acid,sorbitol,polysorbate 80,none,5.5,4,10.0,200.0,0.08,0.0,0.1523,0.3734,0.5053,0.7367,0,0.6944
P01574,histidine,sorbitol,polysorbate 20,proline,6.5,40,10.0,100.0,0.01,100.0,0.3451,0.4007,0.5099,0.6023,0,0.6049
P01574,histidine,mannitol,poloxamer 188,methionine,5.0,40,50.0,100.0,0.01,10.0,0.4363,0.233,0.5016,0.5968,0,0.5789
P01574,acetic acid,mannitol,polysorbate 80,none,7.4,25,50.0,300.0,0.01,0.0,0.2131,0.3739,0.637,0.691,1,0.6058
P01574,acetic acid,sorbitol,poloxamer 188,methionine,7.4,40,10.0,200.0,0.01,10.0,0.3872,0.326,0.7357,0.5653,0,0.5483
P01574,phosphoric acid,trehalose,poloxamer 188,arginine,6.0,4,50.0,200.0,0.01,100.0,0.0862,0.358,0.4987,0.7572,0,0.7069
P01574,acetic acid,sucrose,polysorbate 20,none,7.4,4,10.0,200.0,0.045,0.0,0.0788,0.3648,0.6108,0.7214,0,0.6946
P01574,citric acid,mannitol,poloxamer 188,methionine,6.0,4,30.0,300.0,0.05,10.0,0.3082,0.2139,0.3985,0.7062,1,0.7192
P01574,acetic acid,trehalose,polysorbate 20,arginine,7.0,25,50.0,300.0,0.045,150.0,0.0,0.3349,0.6287,0.7922,2,0.7134
P01574,acetic acid,sorbitol,poloxamer 188,glycine,7.4,25,50.0,200.0,0.01,125.0,0.3705,0.3717,0.5851,0.6306,1,0.5696
P01574,acetic acid,mannitol,polysorbate 80,arginine,6.5,4,10.0,300.0,0.045,50.0,0.1078,0.3789,0.4801,0.767,1,0.6816
P01574,acetic acid,trehalose,polysorbate 80,proline,7.0,4,50.0,200.0,0.045,150.0,0.043,0.3651,0.6221,0.7521,1,0.6718
P01574,citric acid,sucrose,poloxamer 188,none,5.5,25,50.0,200.0,0.05,0.0,0.1574,0.3447,0.409,0.7733,0,0.7109
P01574,citric acid,sucrose,polysorbate 20,glycine,6.0,25,30.0,100.0,0.08,125.0,0.115,0.3965,0.4017,0.751,1,0.758
P01574,histidine,sorbitol,polysorbate 80,none,5.0,4,30.0,100.0,0.01,0.0,0.2826,0.2339,0.4212,0.7326,0,0.707
P01574,histidine,trehalose,polysorbate 20,none,7.4,4,10.0,300.0,0.045,0.0,0.0336,0.2506,0.4999,0.8,1,0.7777
P01574,histidine,trehalose,polysorbate 80,methionine,7.4,25,10.0,200.0,0.01,1.0,0.0371,0.1049,0.4777,0.8783,0,0.8358
P01574,histidine,mannitol,polysorbate 20,none,7.0,4,30.0,200.0,0.08,0.0,0.2128,0.2614,0.5225,0.7615,0,0.6879
P01574,histidine,trehalose,polysorbate 20,proline,6.0,25,10.0,200.0,0.01,150.0,0.0516,0.235,0.3912,0.8321,1,0.7784
P01574,histidine,sorbitol,polysorbate 20,arginine,5.5,40,30.0,200.0,0.01,150.0,0.2484,0.3563,0.4923,0.6217,1,0.6773
P01574,acetic acid,sorbitol,polysorbate 80,methionine,7.4,25,50.0,100.0,0.08,1.0,0.2659,0.252,0.6243,0.6846,0,0.6572
P01574,phosphoric acid,sucrose,poloxamer 188,none,7.4,4,30.0,200.0,0.05,0.0,0.1716,0.3718,0.6126,0.6384,0,0.6681
P01574,citric acid,sucrose,polysorbate 20,arginine,6.5,25,30.0,300.0,0.01,50.0,0.0,0.374,0.4122,0.8086,1,0.7522
P01574,phosphoric acid,trehalose,polysorbate 20,methionine,6.0,40,30.0,300.0,0.08,10.0,0.1744,0.2912,0.6172,0.6807,1,0.6537
P01583,citric acid,sorbitol,poloxamer 188,none,7.0,25,30.0,300.0,0.03,0.0,0.3111,0.2794,0.3997,0.7165,1,0.6854
P01583,phosphoric acid,sucrose,polysorbate 20,proline,7.0,25,30.0,300.0,0.01,50.0,0.0,0.3097,0.5081,0.8016,1,0.7279
P01583,histidine,trehalose,poloxamer 188,none,7.4,4,10.0,300.0,0.03,0.0,0.1244,0.2186,0.4197,0.7931,1,0.7564
P01583,phosphoric acid,trehalose,poloxamer 188,methionine,7.4,4,30.0,100.0,0.01,5.5,0.1979,0.1581,0.5175,0.7918,0,0.7376
P01583,histidine,sorbitol,poloxamer 188,arginine,5.5,40,50.0,300.0,0.03,50.0,0.4955,0.3004,0.4322,0.5815,1,0.6033
P01583,acetic acid,mannitol,polysorbate 80,methionine,7.4,40,10.0,100.0,0.08,10.0,0.3603,0.2289,0.5973,0.6037,0,0.6276
P01583,phosphoric acid,mannitol,polysorbate 20,none,5.0,25,30.0,100.0,0.01,0.0,0.4728,0.3072,0.4263,0.6567,0,0.5945
P01583,histidine,mannitol,polysorbate 80,proline,7.0,40,30.0,100.0,0.01,100.0,0.293,0.2801,0.4954,0.639,0,0.6465
P01583,acetic acid,sorbitol,poloxamer 188,proline,7.4,40,50.0,200.0,0.03,100.0,0.3816,0.4287,0.5925,0.5772,0,0.5647
P01583,acetic acid,sucrose,polysorbate 20,methionine,6.0,4,10.0,200.0,0.045,5.5,0.1067,0.1354,0.4259,0.806,0,0.8071
P01583,phosphoric acid,sorbitol,polysorbate 20,proline,7.0,4,50.0,200.0,0.045,100.0,0.2144,0.2911,0.4945,0.6785,0,0.6578
P01583,citric acid,trehalose,poloxamer 188,none,5.0,25,10.0,100.0,0.03,0.0,0.5034,0.2912,0.3156,0.6612,0,0.6527
P01583,phosphoric acid,sorbitol,polysorbate 20,glycine,7.4,4,30.0,200.0,0.08,125.0,0.2563,0.2798,0.4802,0.7647,1,0.7149
P01583,histidine,sucrose,polysorbate 20,proline,7.0,40,30.0,100.0,0.01,50.0,0.1889,0.2739,0.5383,0.6825,0,0.6785
P01583,acetic acid,trehalose,polysorbate 80,arginine,5.5,4,30.0,100.0,0.045,100.0,0.1933,0.3059,0.3953,0.7453,0,0.7255
P01583,acetic acid,sorbitol,polysorbate 20,methionine,5.5,25,50.0,100.0,0.045,1.0,0.4118,0.1545,0.4377,0.6942,0,0.6612
P01583,histidine,sucrose,polysorbate 80,proline,7.4,4,10.0,200.0,0.08,100.0,0.0,0.1903,0.4343,0.8483,0,0.8033
P01583,acetic acid,sucrose,polysorbate 80,none,5.0,4,30.0,300.0,0.08,0.0,0.3055,0.3193,0.43,0.7125,1,0.6185
P01583,acetic acid,sorbitol,poloxamer 188,methionine,7.0,4,10.0,100.0,0.01,10.0,0.3285,0.1437,0.5134,0.7105,0,0.6646
P01583,phosphoric acid,sorbitol,polysorbate 80,proline,6.5,4,50.0,200.0,0.045,50.0,0.2421,0.261,0.4546,0.7436,0,0.6877
P01583,acetic acid,sucrose,polysorbate 80,arginine,5.5,4,10.0,300.0,0.045,50.0,0.1603,0.2702,0.4057,0.7712,1,0.7604
P01583,acetic acid,mannitol,polysorbate 80,methionine,6.0,40,50.0,300.0,0.045,10.0,0.3117,0.2583,0.5072,0.6561,1,0.6792
P01583,histidine,sorbitol,poloxamer 188,proline,7.4,4,30.0,200.0,0.05,50.0,0.3465,0.1976,0.4325,0.7272,0,0.6825
P01583,phosphoric acid,trehalose,polysorbate 80,none,7.4,4,50.0,200.0,0.045,0.0,0.1,0.3213,0.5165,0.7732,0,0.701
P01583,phosphoric acid,mannitol,polysorbate 80,arginine,7.4,25,30.0,200.0,0.08,100.0,0.1089,0.2939,0.5175,0.7315,0,0.7302
P01583,phosphoric acid,sorbitol,polysorbate 20,glycine,5.5,4,10.0,100.0,0.01,50.0,0.3134,0.3536,0.449,0.6735,0,0.634
P01583,acetic acid,mannitol,poloxamer 188,none,7.4,40,30.0,300.0,0.05,0.0,0.409,0.3875,0.6229,0.5427,1,0.5314
P01583,histidine,sorbitol,polysorbate 20,methionine,5.5,4,50.0,200.0,0.08,10.0,0.3852,0.023,0.3198,0.7783,0,0.7456
P01583,citric acid,sorbitol,polysorbate 80,arginine,5.5,40,50.0,200.0,0.08,50.0,0.3933,0.422,0.4119,0.5882,0,0.6184
P01583,histidine,sorbitol,polysorbate 20,arginine,7.4,40,10.0,100.0,0.08,100.0,0.2509,0.3035,0.5171,0.6799,0,0.6483
P01583,citric acid,sucrose,polysorbate 20,proline,7.4,40,10.0,100.0,0.045,150.0,0.2218,0.3972,0.5018,0.6554,1,0.6355
P01583,citric acid,mannitol,poloxamer 188,none,7.0,4,30.0,300.0,0.01,0.0,0.3185,0.2447,0.4191,0.7062,1,0.6522
P01583,phosphoric acid,trehalose,polysorbate 20,arginine,5.0,40,50.0,300.0,0.01,150.0,0.3401,0.3878,0.518,0.5667,2,0.5985
P01583,histidine,sorbitol,polysorbate 20,methionine,7.0,25,50.0,100.0,0.045,5.5,0.2743,0.0549,0.4352,0.8087,0,0.768
P01583,citric acid,mannitol,polysorbate 20,proline,7.4,25,30.0,200.0,0.045,50.0,0.2727,0.2893,0.4046,0.7389,0,0.6969
P01583,citric acid,mannitol,poloxamer 188,arginine,6.5,40,50.0,100.0,0.03,150.0,0.3765,0.437,0.4192,0.5929,1,0.5729
P01583,histidine,sucrose,poloxamer 188,proline,5.5,40,50.0,100.0,0.01,150.0,0.5105,0.2925,0.4128,0.5685,1,0.5713
P01583,acetic acid,mannitol,poloxamer 188,methionine,7.0,40,50.0,200.0,0.05,10.0,0.3947,0.2388,0.5917,0.5864,0,0.632
P01583,citric acid,sucrose,polysorbate 20,proline,6.5,40,50.0,100.0,0.045,50.0,0.2053,0.4178,0.4426,0.6907,0,0.6243
P01583,phosphoric acid,sorbitol,poloxamer 188,glycine,6.0,25,10.0,100.0,0.01,200.0,0.3096,0.2832,0.4096,0.7033,1,0.6594
P01583,acetic acid,mannitol,polysorbate 80,proline,5.5,4,50.0,300.0,0.01,150.0,0.3697,0.3,0.4045,0.6377,2,0.6209
P01583,acetic acid,trehalose,poloxamer 188,glycine,5.5,40,10.0,100.0,0.01,200.0,0.43,0.3943,0.4964,0.5506,1,0.5382
P01583,acetic acid,sucrose,polysorbate 20,glycine,7.0,4,10.0,300.0,0.08,50.0,0.0462,0.2778,0.502,0.7716,1,0.7445
P01583,citric acid,trehalose,polysorbate 80,arginine,5.0,4,10.0,100.0,0.01,50.0,0.2641,0.3174,0.3271,0.7323,0,0.6851
P01583,histidine,sucrose,polysorbate 80,none,6.5,25,30.0,200.0,0.01,0.0,0.078,0.2131,0.3219,0.8726,0,0.8175
P01583,histidine,sucrose,poloxamer 188,none,7.4,40,50.0,200.0,0.05,0.0,0.294,0.3019,0.5325,0.6194,0,0.6229
P01583,acetic acid,sucrose,polysorbate 80,none,5.0,25,10.0,200.0,0.045,0.0,0.3639,0.3061,0.4292,0.6988,0,0.6054
P01583,histidine,mannitol,polysorbate 80,glycine,7.0,25,30.0,300.0,0.01,200.0,0.1707,0.2039,0.4045,0.8572,2,0.7595
P01583,histidine,sucrose,polysorbate 20,proline,6.5,40,50.0,100.0,0.01,100.0,0.1809,0.289,0.4094,0.7097,0,0.7204
P01583,phosphoric acid,sorbitol,poloxamer 188,proline,7.4,4,10.0,100.0,0.01,150.0,0.3196,0.2938,0.5459,0.7025,1,0.6253
P01583,histidine,sorbitol,polysorbate 20,glycine,5.0,25,30.0,200.0,0.08,200.0,0.4632,0.21,0.3501,0.7091,1,0.6614
P01583,acetic acid,sorbitol,polysorbate 80,proline,5.0,40,10.0,200.0,0.045,150.0,0.6461,0.4003,0.5316,0.4515,1,0.4678
P01583,acetic acid,sorbitol,polysorbate 20,arginine,5.0,4,50.0,200.0,0.045,100.0,0.4633,0.2875,0.4018,0.65,0,0.6034
P01583,histidine,sucrose,poloxamer 188,glycine,6.0,4,30.0,300.0,0.03,50.0,0.1826,0.1902,0.3534,0.7734,1,0.789
P01583,acetic acid,mannitol,poloxamer 188,methionine,5.0,40,50.0,100.0,0.03,10.0,0.6971,0.2133,0.5238,0.4973,0,0.4778
P01583,citric acid,sorbitol,polysorbate 20,none,5.5,25,50.0,100.0,0.045,0.0,0.346,0.2991,0.3385,0.7159,0,0.6714
P01583,acetic acid,trehalose,polysorbate 20,none,6.5,4,50.0,100.0,0.08,0.0,0.0976,0.2987,0.3904,0.7648,0,0.7501
P01583,acetic acid,sucrose,polysorbate 20,none,7.4,40,50.0,200.0,0.08,0.0,0.1618,0.4163,0.6342,0.6457,0,0.6146
P01583,histidine,mannitol,polysorbate 80,proline,7.0,25,10.0,200.0,0.045,50.0,0.1752,0.2075,0.4295,0.734,0,0.7221
P01583,acetic acid,sorbitol,polysorbate 80,none,5.5,4,10.0,100.0,0.01,0.0,0.3757,0.3016,0.4029,0.6779,0,0.6341
P01584,acetic acid,mannitol,polysorbate 20,none,7.0,40,10.0,200.0,0.01,0.0,0.3248,0.5277,0.5346,0.5333,0,0.559
P01584,phosphoric acid,sucrose,poloxamer 188,arginine,7.0,25,10.0,100.0,0.03,100.0,0.1333,0.4266,0.4778,0.7168,0,0.7059
P01584,phosphoric acid,mannitol,polysorbate 80,methionine,6.5,25,30.0,300.0,0.01,10.0,0.1936,0.2515,0.3554,0.781,1,0.7412
P01584,citric acid,sorbitol,polysorbate 20,methionine,7.0,4,10.0,100.0,0.08,10.0,0.2269,0.2913,0.3372,0.7484,0,0.7375
P01584,citric acid,mannitol,polysorbate 80,none,7.4,40,30.0,100.0,0.045,0.0,0.3517,0.5542,0.4428,0.5477,0,0.5372
P01584,phosphoric acid,trehalose,polysorbate 80,glycine,7.0,25,30.0,300.0,0.08,50.0,0.0518,0.3756,0.4356,0.7779,1,0.7472
P01584,acetic acid,sucrose,poloxamer 188,proline,7.4,40,30.0,200.0,0.01,50.0,0.2715,0.549,0.5038,0.5748,0,0.542
P01584,phosphoric acid,mannitol,polysorbate 20,methionine,5.0,25,30.0,300.0,0.01,1.0,0.3878,0.2883,0.3729,0.6912,1,0.6469
P01584,citric acid,trehalose,polysorbate 20,methionine,5.0,40,50.0,100.0,0.08,1.0,0.4068,0.3777,0.3365,0.6152,0,0.5953
P01584,histidine,sorbitol,polysorbate 80,proline,6.5,25,10.0,200.0,0.01,50.0,0.2473,0.3342,0.2639,0.7672,0,0.6882
P01584,citric acid,mannitol,polysorbate 20,glycine,7.0,4,50.0,300.0,0.045,200.0,0.1954,0.4249,0.3111,0.7115,2,0.7498
P01584,phosphoric acid,sucrose,polysorbate 80,arginine,6.5,40,50.0,300.0,0.01,50.0,0.1011,0.5804,0.464,0.6278,1,0.6386
P01584,phosphoric acid,sorbitol,polysorbate 80,arginine,5.5,25,10.0,200.0,0.08,100.0,0.2284,0.4508,0.3359,0.676,0,0.7384
P01584,histidine,sorbitol,polysorbate 80,arginine,6.0,40,50.0,300.0,0.01,50.0,0.2286,0.4355,0.3497,0.6531,1,0.6755
P01584,histidine,mannitol,polysorbate 80,none,5.5,25,10.0,300.0,0.01,0.0,0.3127,0.3395,0.2241,0.725,1,0.6965
P01584,phosphoric acid,trehalose,polysorbate 20,arginine,7.4,4,50.0,200.0,0.01,100.0,0.0422,0.4654,0.4496,0.728,0,0.6841
P01584,histidine,trehalose,polysorbate 80,arginine,5.0,25,10.0,200.0,0.08,100.0,0.2112,0.3487,0.2399,0.7533,0,0.7271
P01584,histidine,sucrose,polysorbate 20,proline,7.4,40,10.0,300.0,0.08,100.0,0.1622,0.3944,0.4254,0.6692,1,0.7134
P01584,phosphoric acid,mannitol,polysorbate 80,glycine,7.0,40,30.0,200.0,0.08,200.0,0.3051,0.5456,0.5519,0.5798,1,0.5739
P01584,citric acid,sorbitol,polysorbate 20,glycine,7.0,25,30.0,200.0,0.01,125.0,0.2278,0.4325,0.3341,0.7075,1,0.6702
P01584,histidine,trehalose,polysorbate 20,glycine,6.0,40,10.0,100.0,0.08,50.0,0.2128,0.4504,0.3592,0.6831,0,0.7092
P01584,histidine,mannitol,polysorbate 20,arginine,5.5,25,50.0,300.0,0.08,100.0,0.1978,0.364,0.2404,0.7873,1,0.7608
P01584,citric acid,trehalose,polysorbate 80,methionine,6.0,4,50.0,200.0,0.045,5.5,0.1098,0.2939,0.234,0.7932,0,0.7969
P01584,citric acid,mannitol,polysorbate 80,methionine,7.0,4,30.0,200.0,0.08,5.5,0.2755,0.2858,0.3631,0.7483,0,0.6894
P01584,histidine,sorbitol,polysorbate 20,glycine,7.0,40,10.0,300.0,0.045,125.0,0.3524,0.3838,0.4229,0.591,2,0.6006
P01584,citric acid,mannitol,polysorbate 80,proline,5.5,25,50.0,200.0,0.045,50.0,0.3008,0.4478,0.2553,0.7062,0,0.6497
P01584,histidine,mannitol,polysorbate 20,arginine,6.5,25,30.0,300.0,0.01,100.0,0.0963,0.3499,0.2348,0.7781,1,0.8055
P01584,phosphoric acid,sorbitol,poloxamer 188,proline,6.0,4,30.0,200.0,0.01,50.0,0.3714,0.4732,0.3511,0.6518,0,0.6316
P01584,citric acid,sucrose,poloxamer 188,arginine,7.0,25,30.0,100.0,0.01,100.0,0.097,0.4642,0.3529,0.7696,0,0.7198
P01584,phosphoric acid,sucrose,poloxamer 188,none,5.0,4,10.0,100.0,0.01,0.0,0.4463,0.4465,0.3177,0.653,0,0.5733
P01584,acetic acid,sorbitol,polysorbate 80,none,7.4,4,10.0,200.0,0.045,0.0,0.2671,0.4402,0.4709,0.6896,0,0.6284
P01584,acetic acid,sorbitol,polysorbate 80,glycine,5.5,40,10.0,200.0,0.08,200.0,0.406,0.5505,0.4071,0.5434,1,0.528
P01584,phosphoric acid,trehalose,polysorbate 20,proline,7.4,4,50.0,100.0,0.01,50.0,0.1013,0.4191,0.4237,0.7811,0,0.728
P01584,citric acid,trehalose,polysorbate 20,proline,7.0,25,10.0,100.0,0.01,100.0,0.0961,0.4457,0.3424,0.7708,0,0.7116
P01584,histidine,sucrose,polysorbate 20,arginine,6.0,4,50.0,100.0,0.045,150.0,0.046,0.3369,0.239,0.8331,1,0.797
P01584,phosphoric acid,sorbitol,poloxamer 188,none,6.0,4,30.0,200.0,0.01,0.0,0.3394,0.4313,0.3568,0.6878,0,0.6134
P01584,acetic acid,sucrose,polysorbate 20,glycine,5.5,25,50.0,300.0,0.01,125.0,0.1201,0.4512,0.3387,0.7581,2,0.7261
P01584,phosphoric acid,sucrose,polysorbate 80,arginine,5.0,4,30.0,200.0,0.08,150.0,0.2432,0.4299,0.3285,0.7019,1,0.6558
P01584,citric acid,mannitol,poloxamer 188,arginine,5.5,40,50.0,100.0,0.01,100.0,0.4443,0.5188,0.3941,0.5637,0,0.5487
P01584,phosphoric acid,trehalose,polysorbate 80,glycine,6.5,4,50.0,300.0,0.08,125.0,0.0889,0.4093,0.3979,0.7503,2,0.7199
P01584,histidine,sucrose,poloxamer 188,proline,7.4,40,10.0,100.0,0.05,100.0,0.2405,0.4517,0.4253,0.6353,0,0.6298
P01584,citric acid,mannitol,polysorbate 20,glycine,6.0,40,50.0,200.0,0.01,50.0,0.2972,0.5259,0.3519,0.5773,0,0.6028
P01584,phosphoric acid,sorbitol,polysorbate 80,arginine,5.0,25,30.0,300.0,0.08,50.0,0.364,0.4941,0.357,0.6165,1,0.5918
P01584,histidine,sorbitol,poloxamer 188,methionine,7.0,4,10.0,300.0,0.03,10.0,0.3138,0.185,0.3655,0.7502,1,0.7275
P01584,acetic acid,sorbitol,polysorbate 20,arginine,7.4,4,30.0,300.0,0.045,150.0,0.1234,0.4685,0.4441,0.7018,2,0.7204
P01584,citric acid,trehalose,poloxamer 188,glycine,7.0,25,30.0,300.0,0.05,125.0,0.1081,0.4272,0.3349,0.8118,2,0.7643
P01584,citric acid,sucrose,polysorbate 80,methionine,6.5,25,30.0,100.0,0.045,5.5,0.141,0.2854,0.2959,0.8062,0,0.7887
P01584,histidine,trehalose,polysorbate 80,proline,5.0,4,30.0,100.0,0.045,100.0,0.3128,0.341,0.2424,0.7199,0,0.712
P01584,phosphoric acid,trehalose,polysorbate 20,glycine,6.0,4,30.0,300.0,0.045,50.0,0.0739,0.4414,0.3776,0.7032,1,0.735
P01584,histidine,trehalose,poloxamer 188,none,7.4,4,10.0,100.0,0.03,0.0,0.2177,0.3649,0.3461,0.7384,0,0.7193
P01584,phosphoric acid,sucrose,polysorbate 80,arginine,7.4,4,50.0,100.0,0.08,100.0,0.0609,0.436,0.4527,0.7879,0,0.6665
P01584,histidine,mannitol,polysorbate 80,arginine,7.4,40,50.0,200.0,0.08,100.0,0.2288,0.4713,0.4693,0.6337,0,0.6173
P01584,citric acid,sucrose,polysorbate 80,arginine,5.0,25,30.0,200.0,0.01,50.0,0.1843,0.4302,0.2784,0.729,0,0.7158
P01584,histidine,mannitol,poloxamer 188,proline,6.5,25,50.0,300.0,0.05,100.0,0.2903,0.3589,0.2366,0.727,1,0.6716
P01584,phosphoric acid,trehalose,polysorbate 80,glycine,7.0,40,50.0,200.0,0.045,50.0,0.1311,0.5422,0.5209,0.6728,0,0.5874
P01584,acetic acid,sucrose,polysorbate 80,glycine,6.5,40,10.0,100.0,0.08,50.0,0.1722,0.5423,0.4401,0.6083,0,0.6172
P01584,acetic acid,mannitol,polysorbate 20,none,5.5,4,30.0,200.0,0.045,0.0,0.261,0.4363,0.3864,0.689,0,0.6724
P01584,histidine,trehalose,polysorbate 80,methionine,5.0,4,30.0,100.0,0.01,10.0,0.3226,0.2143,0.1914,0.7623,0,0.7754
P01584,histidine,trehalose,polysorbate 80,methionine,7.4,4,10.0,300.0,0.08,10.0,0.0457,0.2273,0.3771,0.8287,1,0.7904
P01584,citric acid,sucrose,polysorbate 20,none,5.0,40,50.0,200.0,0.08,0.0,0.3603,0.5294,0.3227,0.5911,0,0.5711
P05014,histidine,mannitol,poloxamer 188,arginine,6.5,4,10.0,300.0,0.03,50.0,0.3348,0.3089,0.0931,0.7858,1,0.7557
P05014,phosphoric acid,mannitol,poloxamer 188,none,5.0,40,50.0,200.0,0.05,0.0,0.5275,0.4811,0.3388,0.5494,0,0.5411
P05014,acetic acid,sorbitol,polysorbate 80,arginine,6.5,40,50.0,100.0,0.08,50.0,0.4101,0.4972,0.3492,0.5728,0,0.5938
P05014,phosphoric acid,trehalose,polysorbate 20,none,7.4,40,10.0,100.0,0.08,0.0,0.1507,0.5037,0.4117,0.6393,0,0.7
P05014,acetic acid,trehalose,poloxamer 188,none,6.5,4,50.0,200.0,0.03,0.0,0.257,0.3762,0.2192,0.7145,0,0.7473
P05014,phosphoric acid,sucrose,poloxamer 188,arginine,7.0,4,10.0,300.0,0.03,50.0,0.0667,0.4069,0.3535,0.7706,1,0.7559
P05014,histidine,sucrose,polysorbate 80,none,5.5,40,30.0,300.0,0.01,0.0,0.3574,0.4452,0.2451,0.6206,1,0.6345
P05014,citric acid,trehalose,poloxamer 188,glycine,5.0,25,10.0,200.0,0.03,125.0,0.2516,0.3895,0.1654,0.7249,1,0.7356
P05014,phosphoric acid,trehalose,poloxamer 188,glycine,7.4,40,50.0,100.0,0.01,125.0,0.3003,0.4939,0.4242,0.5945,1,0.6219
P05014,phosphoric acid,trehalose,poloxamer 188,arginine,7.4,4,50.0,300.0,0.05,50.0,0.1058,0.4047,0.2657,0.7891,1,0.7235
P05014,citric acid,sucrose,poloxamer 188,glycine,5.0,25,50.0,300.0,0.01,50.0,0.2577,0.4258,0.1078,0.7424,1,0.7248
P05014,citric acid,trehalose,poloxamer 188,methionine,6.5,25,10.0,300.0,0.01,1.0,0.2838,0.2482,0.1609,0.7881,1,0.7686
P05014,phosphoric acid,trehalose,polysorbate 80,glycine,7.0,4,30.0,200.0,0.01,125.0,0.0862,0.4127,0.2916,0.7851,1,0.7528
P05014,phosphoric acid,sorbitol,polysorbate 80,arginine,7.4,4,30.0,300.0,0.08,50.0,0.1593,0.3925,0.3056,0.7576,1,0.7052
P05014,acetic acid,sorbitol,polysorbate 20,proline,6.5,40,10.0,300.0,0.08,50.0,0.339,0.5108,0.3379,0.6029,1,0.6358
P05014,citric acid,sucrose,poloxamer 188,arginine,7.4,4,50.0,100.0,0.03,150.0,0.1009,0.3677,0.225,0.7974,1,0.765
P05014,histidine,sorbitol,polysorbate 20,methionine,7.0,4,10.0,300.0,0.08,10.0,0.2151,0.1341,0.1896,0.827,1,0.7941
P05014,citric acid,sucrose,polysorbate 80,proline,5.5,40,50.0,200.0,0.01,150.0,0.4119,0.4832,0.2486,0.6226,1,0.6293
P05014,acetic acid,sorbitol,polysorbate 80,glycine,7.0,4,10.0,100.0,0.045,125.0,0.2043,0.4264,0.3579,0.7191,1,0.7094
P05014,histidine,sucrose,polysorbate 20,methionine,7.0,25,30.0,200.0,0.045,1.0,0.0676,0.109,0.2112,0.9326,0,0.8471
P05014,acetic acid,trehalose,poloxamer 188,methionine,5.5,4,50.0,300.0,0.03,5.5,0.3883,0.247,0.2161,0.7185,1,0.7072
P05014,phosphoric acid,sucrose,polysorbate 20,none,6.0,25,30.0,300.0,0.01,0.0,0.2799,0.3679,0.2307,0.753,1,0.7259
P05014,acetic acid,sorbitol,polysorbate 20,glycine,7.4,25,50.0,100.0,0.08,50.0,0.2266,0.3713,0.3207,0.7652,0,0.7147
P05014,acetic acid,mannitol,polysorbate 80,proline,7.4,40,30.0,100.0,0.045,50.0,0.372,0.5141,0.4348,0.5624,0,0.5798
P05014,citric acid,trehalose,polysorbate 20,glycine,6.5,4,10.0,200.0,0.01,125.0,0.147,0.368,0.1408,0.8274,1,0.7662
P05014,citric acid,sorbitol,poloxamer 188,glycine,7.4,25,50.0,300.0,0.05,125.0,0.3422,0.4299,0.2263,0.6725,2,0.6687
P05014,phosphoric acid,trehalose,polysorbate 80,none,7.0,40,10.0,300.0,0.08,0.0,0.151,0.484,0.435,0.6253,1,0.635
P05014,acetic acid,sucrose,poloxamer 188,none,6.5,4,50.0,100.0,0.05,0.0,0.2806,0.3958,0.2332,0.7598,0,0.7011
P05014,phosphoric acid,sucrose,poloxamer 188,none,7.0,40,30.0,200.0,0.01,0.0,0.3021,0.4768,0.4417,0.5872,0,0.605
P05014,citric acid,mannitol,polysorbate 80,glycine,7.4,25,30.0,100.0,0.045,200.0,0.2476,0.417,0.2002,0.6902,1,0.7116
P05014,histidine,mannitol,poloxamer 188,glycine,5.5,4,30.0,100.0,0.01,200.0,0.5857,0.2993,0.151,0.6545,1,0.6193
P05014,citric acid,sucrose,polysorbate 80,proline,7.4,40,30.0,200.0,0.01,100.0,0.1144,0.4915,0.3469,0.6795,0,0.7033
P05014,phosphoric acid,mannitol,polysorbate 20,methionine,7.4,40,50.0,200.0,0.045,5.5,0.3468,0.326,0.4388,0.6584,0,0.6284
P05014,acetic acid,sorbitol,poloxamer 188,proline,7.4,40,30.0,100.0,0.03,50.0,0.417,0.495,0.3819,0.5651,0,0.5792
P05014,acetic acid,mannitol,poloxamer 188,methionine,6.0,25,30.0,300.0,0.05,10.0,0.597,0.2424,0.2345,0.6243,1,0.611
P05014,acetic acid,sucrose,polysorbate 20,glycine,6.0,4,10.0,100.0,0.045,125.0,0.2843,0.3924,0.2203,0.7305,1,0.69
P05014,phosphoric acid,sucrose,poloxamer 188,arginine,7.0,25,50.0,200.0,0.05,50.0,0.1067,0.3896,0.3197,0.7781,0,0.7453
P05014,phosphoric acid,trehalose,polysorbate 20,none,5.5,25,30.0,300.0,0.045,0.0,0.3112,0.3939,0.2194,0.7099,1,0.6773
P05014,acetic acid,mannitol,polysorbate 20,glycine,5.0,4,10.0,200.0,0.045,50.0,0.2942,0.4369,0.2081,0.7041,0,0.6811
P05014,citric acid,mannitol,poloxamer 188,none,5.0,25,10.0,200.0,0.01,0.0,0.3976,0.3897,0.132,0.6635,0,0.7052
P05014,phosphoric acid,sucrose,poloxamer 188,proline,7.4,40,50.0,100.0,0.01,50.0,0.3198,0.4714,0.381,0.5849,0,0.6115
P05014,acetic acid,sucrose,polysorbate 20,proline,6.0,4,50.0,100.0,0.045,150.0,0.4075,0.4072,0.1902,0.663,1,0.6567
P05014,acetic acid,trehalose,poloxamer 188,methionine,5.5,4,50.0,100.0,0.01,10.0,0.4293,0.22,0.2237,0.7032,0,0.6731
P05014,histidine,sorbitol,poloxamer 188,proline,5.5,4,10.0,100.0,0.03,150.0,0.5794,0.3118,0.1432,0.6575,1,0.6218
P05014,acetic acid,sucrose,poloxamer 188,proline,6.0,4,10.0,200.0,0.05,100.0,0.4348,0.4025,0.229,0.6473,0,0.6267
P05014,citric acid,sorbitol,poloxamer 188,methionine,6.0,25,50.0,300.0,0.05,5.5,0.5489,0.2951,0.1324,0.6532,1,0.6355
P05014,histidine,sucrose,polysorbate 20,glycine,7.4,4,50.0,300.0,0.01,200.0,0.0528,0.3398,0.2184,0.8514,2,0.8039
P05014,acetic acid,mannitol,poloxamer 188,glycine,5.5,25,30.0,200.0,0.01,200.0,0.5628,0.4121,0.2149,0.5954,1,0.6199
P05014,acetic acid,sorbitol,poloxamer 188,proline,6.5,4,10.0,200.0,0.01,50.0,0.4429,0.4121,0.2421,0.66,0,0.6669
P05014,phosphoric acid,sucrose,poloxamer 188,arginine,7.4,40,30.0,100.0,0.03,150.0,0.2222,0.5078,0.3973,0.6128,1,0.6156
P05014,histidine,sucrose,polysorbate 20,proline,7.4,40,50.0,100.0,0.01,50.0,0.2391,0.3452,0.3183,0.6273,0,0.6887
P05014,citric acid,sorbitol,poloxamer 188,glycine,7.4,4,10.0,200.0,0.01,125.0,0.3195,0.424,0.2343,0.6815,1,0.696
P05014,acetic acid,trehalose,polysorbate 80,methionine,5.0,40,30.0,100.0,0.08,10.0,0.2722,0.347,0.3023,0.6567,0,0.6798
P05014,histidine,trehalose,polysorbate 20,none,7.4,40,10.0,200.0,0.01,0.0,0.1856,0.3979,0.3572,0.6927,0,0.6451
P05014,histidine,trehalose,polysorbate 80,glycine,6.5,40,30.0,200.0,0.08,50.0,0.2713,0.3673,0.207,0.6737,0,0.7059
P05014,acetic acid,trehalose,poloxamer 188,arginine,7.0,40,10.0,300.0,0.05,150.0,0.1463,0.5004,0.3982,0.6689,2,0.7167
P05014,acetic acid,trehalose,polysorbate 20,glycine,7.4,25,50.0,200.0,0.08,200.0,0.0443,0.3906,0.2759,0.8039,1,0.7952
P05014,citric acid,trehalose,polysorbate 80,glycine,5.5,40,50.0,200.0,0.01,200.0,0.4266,0.4978,0.2442,0.6321,1,0.641
P05014,citric acid,trehalose,polysorbate 80,proline,6.0,25,50.0,300.0,0.01,100.0,0.281,0.3673,0.1182,0.7348,1,0.751
P05014,citric acid,trehalose,polysorbate 80,methionine,6.5,4,50.0,200.0,0.01,5.5,0.128,0.2448,0.1431,0.8447,0,0.8135
